收寄城市,寄达城市,大件运量
北京,北京,0.0
北京,天津,7904.0
北京,石家庄,6255.0
北京,唐山,11515.0
北京,廊坊,6108.0
北京,保定,5032.0
北京,太原,8897.0
北京,侯马,6415.0
北京,呼和浩特,15005.0
北京,包头,8025.0
北京,沈阳,5710.0
北京,大连,4198.0
北京,锦州,3659.0
北京,长春,6681.0
北京,哈尔滨,6988.0
北京,上海,1657.0
北京,南京,4258.0
北京,常州,1597.0
北京,无锡,3473.0
北京,苏州,7091.0
北京,徐州,1778.0
北京,连云港,1488.0
北京,淮安,0.0
北京,盐城,1987.0
北京,扬州,1505.0
北京,南通,1990.0
北京,杭州,3700.0
北京,湖州,1333.0
北京,嘉兴,2442.0
北京,宁波,3534.0
北京,台州,1795.0
北京,金华,1137.0
北京,义乌,249.0
北京,温州,3739.0
北京,合肥,2253.0
北京,蚌埠,2623.0
北京,芜湖,2285.0
北京,安庆,1682.0
北京,福州,7076.0
北京,厦门,4650.0
北京,泉州,2512.0
北京,南昌,5604.0
北京,鹰潭,0.0
北京,赣州,1926.0
北京,济南,7553.0
北京,潍坊,7245.0
北京,烟台,11534.0
北京,青岛,14322.0
北京,济宁,6327.0
北京,临沂,4677.0
北京,郑州,4954.0
北京,漯河,5577.0
北京,信阳,6031.0
北京,洛阳,3704.0
北京,武汉,1747.0
北京,荆州,0.0
北京,襄阳,2208.0
北京,长沙,4453.0
北京,常德,0.0
北京,衡阳,3074.0
北京,广州,3156.0
北京,汕头,4183.0
北京,深圳,7777.0
北京,东莞,5324.0
北京,湛江,2698.0
北京,中山,5316.0
北京,南宁,6200.0
北京,柳州,2437.0
北京,海口,3885.0
北京,重庆,6021.0
北京,成都,6001.0
北京,南充,3650.0
北京,内江,0.0
北京,贵阳,5226.0
北京,昆明,6144.0
北京,大理州,0.0
北京,拉萨,0.0
北京,西安,4318.0
北京,宝鸡,1208.0
北京,兰州,5859.0
北京,西宁,0.0
北京,银川,4556.0
北京,乌鲁木齐,5738.0
北京,阿克苏,0.0
北京,喀什,0.0
天津,北京,34837.0
天津,天津,0.0
天津,石家庄,1710.0
天津,唐山,0.0
天津,廊坊,0.0
天津,保定,0.0
天津,太原,0.0
天津,侯马,0.0
天津,呼和浩特,0.0
天津,包头,0.0
天津,沈阳,2928.0
天津,大连,0.0
天津,锦州,0.0
天津,长春,0.0
天津,哈尔滨,2224.0
天津,上海,1825.0
天津,南京,808.0
天津,常州,440.0
天津,无锡,0.0
天津,苏州,0.0
天津,徐州,609.0
天津,连云港,0.0
天津,淮安,0.0
天津,盐城,0.0
天津,扬州,0.0
天津,南通,0.0
天津,杭州,792.0
天津,湖州,0.0
天津,嘉兴,0.0
天津,宁波,0.0
天津,台州,0.0
天津,金华,290.0
天津,义乌,98.0
天津,温州,0.0
天津,合肥,685.0
天津,蚌埠,442.0
天津,芜湖,0.0
天津,安庆,0.0
天津,福州,0.0
天津,厦门,0.0
天津,泉州,0.0
天津,南昌,0.0
天津,鹰潭,0.0
天津,赣州,0.0
天津,济南,3673.0
天津,潍坊,0.0
天津,烟台,0.0
天津,青岛,0.0
天津,济宁,0.0
天津,临沂,0.0
天津,郑州,1708.0
天津,漯河,0.0
天津,信阳,0.0
天津,洛阳,0.0
天津,武汉,1576.0
天津,荆州,0.0
天津,襄阳,0.0
天津,长沙,937.0
天津,常德,0.0
天津,衡阳,0.0
天津,广州,1898.0
天津,汕头,0.0
天津,深圳,0.0
天津,东莞,0.0
天津,湛江,0.0
天津,中山,0.0
天津,南宁,0.0
天津,柳州,0.0
天津,海口,0.0
天津,重庆,0.0
天津,成都,1764.0
天津,南充,0.0
天津,内江,0.0
天津,贵阳,0.0
天津,昆明,0.0
天津,大理州,0.0
天津,拉萨,0.0
天津,西安,2106.0
天津,宝鸡,0.0
天津,兰州,0.0
天津,西宁,0.0
天津,银川,0.0
天津,乌鲁木齐,0.0
天津,阿克苏,0.0
天津,喀什,0.0
石家庄,北京,57452.0
石家庄,天津,3310.0
石家庄,石家庄,0.0
石家庄,唐山,0.0
石家庄,廊坊,0.0
石家庄,保定,0.0
石家庄,太原,2659.0
石家庄,侯马,0.0
石家庄,呼和浩特,0.0
石家庄,包头,0.0
石家庄,沈阳,3517.0
石家庄,大连,0.0
石家庄,锦州,0.0
石家庄,长春,2420.0
石家庄,哈尔滨,3152.0
石家庄,上海,3293.0
石家庄,南京,0.0
石家庄,常州,768.0
石家庄,无锡,0.0
石家庄,苏州,0.0
石家庄,徐州,1178.0
石家庄,连云港,0.0
石家庄,淮安,0.0
石家庄,盐城,0.0
石家庄,扬州,0.0
石家庄,南通,0.0
石家庄,杭州,1538.0
石家庄,湖州,0.0
石家庄,嘉兴,0.0
石家庄,宁波,0.0
石家庄,台州,0.0
石家庄,金华,675.0
石家庄,义乌,217.0
石家庄,温州,0.0
石家庄,合肥,1486.0
石家庄,蚌埠,0.0
石家庄,芜湖,0.0
石家庄,安庆,0.0
石家庄,福州,0.0
石家庄,厦门,0.0
石家庄,泉州,0.0
石家庄,南昌,0.0
石家庄,鹰潭,0.0
石家庄,赣州,0.0
石家庄,济南,3937.0
石家庄,潍坊,0.0
石家庄,烟台,0.0
石家庄,青岛,0.0
石家庄,济宁,0.0
石家庄,临沂,0.0
石家庄,郑州,3207.0
石家庄,漯河,0.0
石家庄,信阳,0.0
石家庄,洛阳,0.0
石家庄,武汉,3735.0
石家庄,荆州,0.0
石家庄,襄阳,0.0
石家庄,长沙,2379.0
石家庄,常德,0.0
石家庄,衡阳,0.0
石家庄,广州,5335.0
石家庄,汕头,0.0
石家庄,深圳,0.0
石家庄,东莞,0.0
石家庄,湛江,0.0
石家庄,中山,0.0
石家庄,南宁,0.0
石家庄,柳州,0.0
石家庄,海口,0.0
石家庄,重庆,0.0
石家庄,成都,4069.0
石家庄,南充,0.0
石家庄,内江,0.0
石家庄,贵阳,2514.0
石家庄,昆明,0.0
石家庄,大理州,0.0
石家庄,拉萨,0.0
石家庄,西安,4718.0
石家庄,宝鸡,0.0
石家庄,兰州,0.0
石家庄,西宁,0.0
石家庄,银川,0.0
石家庄,乌鲁木齐,0.0
石家庄,阿克苏,0.0
石家庄,喀什,0.0
唐山,北京,6629.0
唐山,天津,0.0
唐山,石家庄,0.0
唐山,唐山,0.0
唐山,廊坊,0.0
唐山,保定,0.0
唐山,太原,0.0
唐山,侯马,0.0
唐山,呼和浩特,0.0
唐山,包头,0.0
唐山,沈阳,0.0
唐山,大连,0.0
唐山,锦州,0.0
唐山,长春,0.0
唐山,哈尔滨,0.0
唐山,上海,161.0
唐山,南京,0.0
唐山,常州,0.0
唐山,无锡,0.0
唐山,苏州,0.0
唐山,徐州,0.0
唐山,连云港,0.0
唐山,淮安,0.0
唐山,盐城,0.0
唐山,扬州,0.0
唐山,南通,0.0
唐山,杭州,0.0
唐山,湖州,0.0
唐山,嘉兴,0.0
唐山,宁波,0.0
唐山,台州,0.0
唐山,金华,0.0
唐山,义乌,0.0
唐山,温州,0.0
唐山,合肥,0.0
唐山,蚌埠,0.0
唐山,芜湖,0.0
唐山,安庆,0.0
唐山,福州,0.0
唐山,厦门,0.0
唐山,泉州,0.0
唐山,南昌,0.0
唐山,鹰潭,0.0
唐山,赣州,0.0
唐山,济南,0.0
唐山,潍坊,0.0
唐山,烟台,0.0
唐山,青岛,0.0
唐山,济宁,0.0
唐山,临沂,0.0
唐山,郑州,0.0
唐山,漯河,0.0
唐山,信阳,0.0
唐山,洛阳,0.0
唐山,武汉,167.0
唐山,荆州,0.0
唐山,襄阳,0.0
唐山,长沙,0.0
唐山,常德,0.0
唐山,衡阳,0.0
唐山,广州,0.0
唐山,汕头,0.0
唐山,深圳,0.0
唐山,东莞,0.0
唐山,湛江,0.0
唐山,中山,0.0
唐山,南宁,0.0
唐山,柳州,0.0
唐山,海口,0.0
唐山,重庆,0.0
唐山,成都,0.0
唐山,南充,0.0
唐山,内江,0.0
唐山,贵阳,0.0
唐山,昆明,0.0
唐山,大理州,0.0
唐山,拉萨,0.0
唐山,西安,0.0
唐山,宝鸡,0.0
唐山,兰州,0.0
唐山,西宁,0.0
唐山,银川,0.0
唐山,乌鲁木齐,0.0
唐山,阿克苏,0.0
唐山,喀什,0.0
廊坊,北京,15119.0
廊坊,天津,0.0
廊坊,石家庄,0.0
廊坊,唐山,0.0
廊坊,廊坊,0.0
廊坊,保定,0.0
廊坊,太原,0.0
廊坊,侯马,0.0
廊坊,呼和浩特,0.0
廊坊,包头,0.0
廊坊,沈阳,0.0
廊坊,大连,0.0
廊坊,锦州,0.0
廊坊,长春,0.0
廊坊,哈尔滨,0.0
廊坊,上海,363.0
廊坊,南京,0.0
廊坊,常州,0.0
廊坊,无锡,0.0
廊坊,苏州,0.0
廊坊,徐州,0.0
廊坊,连云港,0.0
廊坊,淮安,0.0
廊坊,盐城,0.0
廊坊,扬州,0.0
廊坊,南通,0.0
廊坊,杭州,0.0
廊坊,湖州,0.0
廊坊,嘉兴,0.0
廊坊,宁波,0.0
廊坊,台州,0.0
廊坊,金华,0.0
廊坊,义乌,0.0
廊坊,温州,0.0
廊坊,合肥,0.0
廊坊,蚌埠,0.0
廊坊,芜湖,0.0
廊坊,安庆,0.0
廊坊,福州,0.0
廊坊,厦门,0.0
廊坊,泉州,0.0
廊坊,南昌,0.0
廊坊,鹰潭,0.0
廊坊,赣州,0.0
廊坊,济南,0.0
廊坊,潍坊,0.0
廊坊,烟台,0.0
廊坊,青岛,0.0
廊坊,济宁,0.0
廊坊,临沂,0.0
廊坊,郑州,0.0
廊坊,漯河,0.0
廊坊,信阳,0.0
廊坊,洛阳,0.0
廊坊,武汉,600.0
廊坊,荆州,0.0
廊坊,襄阳,0.0
廊坊,长沙,0.0
廊坊,常德,0.0
廊坊,衡阳,0.0
廊坊,广州,0.0
廊坊,汕头,0.0
廊坊,深圳,0.0
廊坊,东莞,0.0
廊坊,湛江,0.0
廊坊,中山,0.0
廊坊,南宁,0.0
廊坊,柳州,0.0
廊坊,海口,0.0
廊坊,重庆,0.0
廊坊,成都,0.0
廊坊,南充,0.0
廊坊,内江,0.0
廊坊,贵阳,0.0
廊坊,昆明,0.0
廊坊,大理州,0.0
廊坊,拉萨,0.0
廊坊,西安,758.0
廊坊,宝鸡,0.0
廊坊,兰州,0.0
廊坊,西宁,0.0
廊坊,银川,0.0
廊坊,乌鲁木齐,0.0
廊坊,阿克苏,0.0
廊坊,喀什,0.0
保定,北京,26895.0
保定,天津,0.0
保定,石家庄,0.0
保定,唐山,0.0
保定,廊坊,0.0
保定,保定,0.0
保定,太原,0.0
保定,侯马,0.0
保定,呼和浩特,0.0
保定,包头,0.0
保定,沈阳,813.0
保定,大连,0.0
保定,锦州,0.0
保定,长春,0.0
保定,哈尔滨,0.0
保定,上海,788.0
保定,南京,0.0
保定,常州,0.0
保定,无锡,0.0
保定,苏州,0.0
保定,徐州,0.0
保定,连云港,0.0
保定,淮安,0.0
保定,盐城,0.0
保定,扬州,0.0
保定,南通,0.0
保定,杭州,0.0
保定,湖州,0.0
保定,嘉兴,0.0
保定,宁波,0.0
保定,台州,0.0
保定,金华,0.0
保定,义乌,0.0
保定,温州,0.0
保定,合肥,0.0
保定,蚌埠,0.0
保定,芜湖,0.0
保定,安庆,0.0
保定,福州,0.0
保定,厦门,0.0
保定,泉州,0.0
保定,南昌,0.0
保定,鹰潭,0.0
保定,赣州,0.0
保定,济南,0.0
保定,潍坊,0.0
保定,烟台,0.0
保定,青岛,0.0
保定,济宁,0.0
保定,临沂,0.0
保定,郑州,0.0
保定,漯河,0.0
保定,信阳,0.0
保定,洛阳,0.0
保定,武汉,923.0
保定,荆州,0.0
保定,襄阳,0.0
保定,长沙,0.0
保定,常德,0.0
保定,衡阳,0.0
保定,广州,991.0
保定,汕头,0.0
保定,深圳,0.0
保定,东莞,0.0
保定,湛江,0.0
保定,中山,0.0
保定,南宁,0.0
保定,柳州,0.0
保定,海口,0.0
保定,重庆,0.0
保定,成都,1394.0
保定,南充,0.0
保定,内江,0.0
保定,贵阳,0.0
保定,昆明,0.0
保定,大理州,0.0
保定,拉萨,0.0
保定,西安,1714.0
保定,宝鸡,0.0
保定,兰州,0.0
保定,西宁,0.0
保定,银川,0.0
保定,乌鲁木齐,0.0
保定,阿克苏,0.0
保定,喀什,0.0
太原,北京,19219.0
太原,天津,0.0
太原,石家庄,947.0
太原,唐山,0.0
太原,廊坊,0.0
太原,保定,0.0
太原,太原,0.0
太原,侯马,0.0
太原,呼和浩特,0.0
太原,包头,0.0
太原,沈阳,0.0
太原,大连,0.0
太原,锦州,0.0
太原,长春,0.0
太原,哈尔滨,0.0
太原,上海,800.0
太原,南京,0.0
太原,常州,0.0
太原,无锡,0.0
太原,苏州,0.0
太原,徐州,195.0
太原,连云港,0.0
太原,淮安,0.0
太原,盐城,0.0
太原,扬州,0.0
太原,南通,0.0
太原,杭州,0.0
太原,湖州,0.0
太原,嘉兴,0.0
太原,宁波,0.0
太原,台州,0.0
太原,金华,149.0
太原,义乌,60.0
太原,温州,0.0
太原,合肥,379.0
太原,蚌埠,0.0
太原,芜湖,0.0
太原,安庆,0.0
太原,福州,0.0
太原,厦门,0.0
太原,泉州,0.0
太原,南昌,0.0
太原,鹰潭,0.0
太原,赣州,0.0
太原,济南,1084.0
太原,潍坊,0.0
太原,烟台,0.0
太原,青岛,0.0
太原,济宁,0.0
太原,临沂,0.0
太原,郑州,721.0
太原,漯河,0.0
太原,信阳,0.0
太原,洛阳,0.0
太原,武汉,1120.0
太原,荆州,0.0
太原,襄阳,0.0
太原,长沙,514.0
太原,常德,0.0
太原,衡阳,0.0
太原,广州,1110.0
太原,汕头,0.0
太原,深圳,0.0
太原,东莞,0.0
太原,湛江,0.0
太原,中山,0.0
太原,南宁,0.0
太原,柳州,0.0
太原,海口,0.0
太原,重庆,0.0
太原,成都,737.0
太原,南充,0.0
太原,内江,0.0
太原,贵阳,0.0
太原,昆明,0.0
太原,大理州,0.0
太原,拉萨,0.0
太原,西安,1344.0
太原,宝鸡,0.0
太原,兰州,0.0
太原,西宁,0.0
太原,银川,0.0
太原,乌鲁木齐,0.0
太原,阿克苏,0.0
太原,喀什,0.0
侯马,北京,1324.0
侯马,天津,0.0
侯马,石家庄,0.0
侯马,唐山,0.0
侯马,廊坊,0.0
侯马,保定,0.0
侯马,太原,0.0
侯马,侯马,0.0
侯马,呼和浩特,0.0
侯马,包头,0.0
侯马,沈阳,0.0
侯马,大连,0.0
侯马,锦州,0.0
侯马,长春,0.0
侯马,哈尔滨,0.0
侯马,上海,392.0
侯马,南京,0.0
侯马,常州,0.0
侯马,无锡,0.0
侯马,苏州,0.0
侯马,徐州,0.0
侯马,连云港,0.0
侯马,淮安,0.0
侯马,盐城,0.0
侯马,扬州,0.0
侯马,南通,0.0
侯马,杭州,0.0
侯马,湖州,0.0
侯马,嘉兴,0.0
侯马,宁波,0.0
侯马,台州,0.0
侯马,金华,85.0
侯马,义乌,35.0
侯马,温州,0.0
侯马,合肥,0.0
侯马,蚌埠,0.0
侯马,芜湖,0.0
侯马,安庆,0.0
侯马,福州,0.0
侯马,厦门,0.0
侯马,泉州,0.0
侯马,南昌,0.0
侯马,鹰潭,0.0
侯马,赣州,0.0
侯马,济南,0.0
侯马,潍坊,0.0
侯马,烟台,0.0
侯马,青岛,0.0
侯马,济宁,0.0
侯马,临沂,0.0
侯马,郑州,367.0
侯马,漯河,0.0
侯马,信阳,0.0
侯马,洛阳,0.0
侯马,武汉,712.0
侯马,荆州,0.0
侯马,襄阳,0.0
侯马,长沙,0.0
侯马,常德,0.0
侯马,衡阳,0.0
侯马,广州,767.0
侯马,汕头,0.0
侯马,深圳,0.0
侯马,东莞,0.0
侯马,湛江,0.0
侯马,中山,0.0
侯马,南宁,0.0
侯马,柳州,0.0
侯马,海口,0.0
侯马,重庆,0.0
侯马,成都,0.0
侯马,南充,0.0
侯马,内江,0.0
侯马,贵阳,0.0
侯马,昆明,0.0
侯马,大理州,0.0
侯马,拉萨,0.0
侯马,西安,8779.0
侯马,宝鸡,0.0
侯马,兰州,0.0
侯马,西宁,0.0
侯马,银川,0.0
侯马,乌鲁木齐,0.0
侯马,阿克苏,0.0
侯马,喀什,0.0
呼和浩特,北京,10284.0
呼和浩特,天津,0.0
呼和浩特,石家庄,0.0
呼和浩特,唐山,0.0
呼和浩特,廊坊,0.0
呼和浩特,保定,0.0
呼和浩特,太原,0.0
呼和浩特,侯马,0.0
呼和浩特,呼和浩特,0.0
呼和浩特,包头,0.0
呼和浩特,沈阳,0.0
呼和浩特,大连,0.0
呼和浩特,锦州,0.0
呼和浩特,长春,0.0
呼和浩特,哈尔滨,0.0
呼和浩特,上海,301.0
呼和浩特,南京,0.0
呼和浩特,常州,0.0
呼和浩特,无锡,0.0
呼和浩特,苏州,0.0
呼和浩特,徐州,0.0
呼和浩特,连云港,0.0
呼和浩特,淮安,0.0
呼和浩特,盐城,0.0
呼和浩特,扬州,0.0
呼和浩特,南通,0.0
呼和浩特,杭州,0.0
呼和浩特,湖州,0.0
呼和浩特,嘉兴,0.0
呼和浩特,宁波,0.0
呼和浩特,台州,0.0
呼和浩特,金华,0.0
呼和浩特,义乌,0.0
呼和浩特,温州,0.0
呼和浩特,合肥,0.0
呼和浩特,蚌埠,0.0
呼和浩特,芜湖,0.0
呼和浩特,安庆,0.0
呼和浩特,福州,0.0
呼和浩特,厦门,0.0
呼和浩特,泉州,0.0
呼和浩特,南昌,0.0
呼和浩特,鹰潭,0.0
呼和浩特,赣州,0.0
呼和浩特,济南,422.0
呼和浩特,潍坊,0.0
呼和浩特,烟台,0.0
呼和浩特,青岛,0.0
呼和浩特,济宁,0.0
呼和浩特,临沂,0.0
呼和浩特,郑州,305.0
呼和浩特,漯河,0.0
呼和浩特,信阳,0.0
呼和浩特,洛阳,0.0
呼和浩特,武汉,331.0
呼和浩特,荆州,0.0
呼和浩特,襄阳,0.0
呼和浩特,长沙,0.0
呼和浩特,常德,0.0
呼和浩特,衡阳,0.0
呼和浩特,广州,442.0
呼和浩特,汕头,0.0
呼和浩特,深圳,0.0
呼和浩特,东莞,0.0
呼和浩特,湛江,0.0
呼和浩特,中山,0.0
呼和浩特,南宁,0.0
呼和浩特,柳州,0.0
呼和浩特,海口,0.0
呼和浩特,重庆,175.0
呼和浩特,成都,0.0
呼和浩特,南充,0.0
呼和浩特,内江,0.0
呼和浩特,贵阳,0.0
呼和浩特,昆明,0.0
呼和浩特,大理州,0.0
呼和浩特,拉萨,0.0
呼和浩特,西安,0.0
呼和浩特,宝鸡,0.0
呼和浩特,兰州,0.0
呼和浩特,西宁,0.0
呼和浩特,银川,0.0
呼和浩特,乌鲁木齐,0.0
呼和浩特,阿克苏,0.0
呼和浩特,喀什,0.0
包头,北京,1689.0
包头,天津,0.0
包头,石家庄,0.0
包头,唐山,0.0
包头,廊坊,0.0
包头,保定,0.0
包头,太原,0.0
包头,侯马,0.0
包头,呼和浩特,0.0
包头,包头,0.0
包头,沈阳,0.0
包头,大连,0.0
包头,锦州,0.0
包头,长春,0.0
包头,哈尔滨,0.0
包头,上海,20.0
包头,南京,0.0
包头,常州,0.0
包头,无锡,0.0
包头,苏州,0.0
包头,徐州,0.0
包头,连云港,0.0
包头,淮安,0.0
包头,盐城,0.0
包头,扬州,0.0
包头,南通,0.0
包头,杭州,0.0
包头,湖州,0.0
包头,嘉兴,0.0
包头,宁波,0.0
包头,台州,0.0
包头,金华,0.0
包头,义乌,0.0
包头,温州,0.0
包头,合肥,0.0
包头,蚌埠,0.0
包头,芜湖,0.0
包头,安庆,0.0
包头,福州,0.0
包头,厦门,0.0
包头,泉州,0.0
包头,南昌,0.0
包头,鹰潭,0.0
包头,赣州,0.0
包头,济南,0.0
包头,潍坊,0.0
包头,烟台,0.0
包头,青岛,0.0
包头,济宁,0.0
包头,临沂,0.0
包头,郑州,0.0
包头,漯河,0.0
包头,信阳,0.0
包头,洛阳,0.0
包头,武汉,21.0
包头,荆州,0.0
包头,襄阳,0.0
包头,长沙,0.0
包头,常德,0.0
包头,衡阳,0.0
包头,广州,0.0
包头,汕头,0.0
包头,深圳,0.0
包头,东莞,0.0
包头,湛江,0.0
包头,中山,0.0
包头,南宁,0.0
包头,柳州,0.0
包头,海口,0.0
包头,重庆,0.0
包头,成都,0.0
包头,南充,0.0
包头,内江,0.0
包头,贵阳,0.0
包头,昆明,0.0
包头,大理州,0.0
包头,拉萨,0.0
包头,西安,0.0
包头,宝鸡,0.0
包头,兰州,0.0
包头,西宁,0.0
包头,银川,0.0
包头,乌鲁木齐,0.0
包头,阿克苏,0.0
包头,喀什,0.0
沈阳,北京,5361.0
沈阳,天津,3057.0
沈阳,石家庄,1138.0
沈阳,唐山,0.0
沈阳,廊坊,0.0
沈阳,保定,1349.0
沈阳,太原,0.0
沈阳,侯马,0.0
沈阳,呼和浩特,0.0
沈阳,包头,0.0
沈阳,沈阳,0.0
沈阳,大连,9608.0
沈阳,锦州,7489.0
沈阳,长春,2725.0
沈阳,哈尔滨,4970.0
沈阳,上海,2193.0
沈阳,南京,1434.0
沈阳,常州,504.0
沈阳,无锡,790.0
沈阳,苏州,1759.0
沈阳,徐州,429.0
沈阳,连云港,0.0
沈阳,淮安,0.0
沈阳,盐城,0.0
沈阳,扬州,0.0
沈阳,南通,534.0
沈阳,杭州,1161.0
沈阳,湖州,347.0
沈阳,嘉兴,0.0
沈阳,宁波,1108.0
沈阳,台州,567.0
沈阳,金华,324.0
沈阳,义乌,237.0
沈阳,温州,877.0
沈阳,合肥,387.0
沈阳,蚌埠,245.0
沈阳,芜湖,0.0
沈阳,安庆,330.0
沈阳,福州,1244.0
沈阳,厦门,894.0
沈阳,泉州,696.0
沈阳,南昌,1127.0
沈阳,鹰潭,0.0
沈阳,赣州,0.0
沈阳,济南,1485.0
沈阳,潍坊,0.0
沈阳,烟台,0.0
沈阳,青岛,2930.0
沈阳,济宁,0.0
沈阳,临沂,0.0
沈阳,郑州,1010.0
沈阳,漯河,870.0
沈阳,信阳,0.0
沈阳,洛阳,700.0
沈阳,武汉,1146.0
沈阳,荆州,0.0
沈阳,襄阳,0.0
沈阳,长沙,966.0
沈阳,常德,0.0
沈阳,衡阳,446.0
沈阳,广州,3451.0
沈阳,汕头,0.0
沈阳,深圳,0.0
沈阳,东莞,1027.0
沈阳,湛江,0.0
沈阳,中山,0.0
沈阳,南宁,1206.0
沈阳,柳州,0.0
沈阳,海口,0.0
沈阳,重庆,683.0
沈阳,成都,3643.0
沈阳,南充,0.0
沈阳,内江,0.0
沈阳,贵阳,0.0
沈阳,昆明,0.0
沈阳,大理州,0.0
沈阳,拉萨,0.0
沈阳,西安,3516.0
沈阳,宝鸡,0.0
沈阳,兰州,0.0
沈阳,西宁,0.0
沈阳,银川,0.0
沈阳,乌鲁木齐,0.0
沈阳,阿克苏,0.0
沈阳,喀什,0.0
大连,北京,731.0
大连,天津,0.0
大连,石家庄,0.0
大连,唐山,0.0
大连,廊坊,0.0
大连,保定,0.0
大连,太原,0.0
大连,侯马,0.0
大连,呼和浩特,0.0
大连,包头,0.0
大连,沈阳,3852.0
大连,大连,0.0
大连,锦州,0.0
大连,长春,0.0
大连,哈尔滨,0.0
大连,上海,275.0
大连,南京,0.0
大连,常州,0.0
大连,无锡,0.0
大连,苏州,0.0
大连,徐州,0.0
大连,连云港,0.0
大连,淮安,0.0
大连,盐城,0.0
大连,扬州,0.0
大连,南通,0.0
大连,杭州,0.0
大连,湖州,0.0
大连,嘉兴,0.0
大连,宁波,0.0
大连,台州,0.0
大连,金华,0.0
大连,义乌,0.0
大连,温州,0.0
大连,合肥,0.0
大连,蚌埠,0.0
大连,芜湖,0.0
大连,安庆,0.0
大连,福州,0.0
大连,厦门,0.0
大连,泉州,0.0
大连,南昌,0.0
大连,鹰潭,0.0
大连,赣州,0.0
大连,济南,0.0
大连,潍坊,0.0
大连,烟台,0.0
大连,青岛,0.0
大连,济宁,0.0
大连,临沂,0.0
大连,郑州,0.0
大连,漯河,0.0
大连,信阳,0.0
大连,洛阳,0.0
大连,武汉,244.0
大连,荆州,0.0
大连,襄阳,0.0
大连,长沙,0.0
大连,常德,0.0
大连,衡阳,0.0
大连,广州,0.0
大连,汕头,0.0
大连,深圳,0.0
大连,东莞,0.0
大连,湛江,0.0
大连,中山,0.0
大连,南宁,0.0
大连,柳州,0.0
大连,海口,0.0
大连,重庆,0.0
大连,成都,0.0
大连,南充,0.0
大连,内江,0.0
大连,贵阳,0.0
大连,昆明,0.0
大连,大理州,0.0
大连,拉萨,0.0
大连,西安,0.0
大连,宝鸡,0.0
大连,兰州,0.0
大连,西宁,0.0
大连,银川,0.0
大连,乌鲁木齐,0.0
大连,阿克苏,0.0
大连,喀什,0.0
锦州,北京,969.0
锦州,天津,0.0
锦州,石家庄,0.0
锦州,唐山,0.0
锦州,廊坊,0.0
锦州,保定,0.0
锦州,太原,0.0
锦州,侯马,0.0
锦州,呼和浩特,0.0
锦州,包头,0.0
锦州,沈阳,3232.0
锦州,大连,0.0
锦州,锦州,0.0
锦州,长春,0.0
锦州,哈尔滨,0.0
锦州,上海,212.0
锦州,南京,0.0
锦州,常州,0.0
锦州,无锡,0.0
锦州,苏州,0.0
锦州,徐州,0.0
锦州,连云港,0.0
锦州,淮安,0.0
锦州,盐城,0.0
锦州,扬州,0.0
锦州,南通,0.0
锦州,杭州,0.0
锦州,湖州,0.0
锦州,嘉兴,0.0
锦州,宁波,0.0
锦州,台州,0.0
锦州,金华,0.0
锦州,义乌,0.0
锦州,温州,0.0
锦州,合肥,0.0
锦州,蚌埠,0.0
锦州,芜湖,0.0
锦州,安庆,0.0
锦州,福州,0.0
锦州,厦门,0.0
锦州,泉州,0.0
锦州,南昌,0.0
锦州,鹰潭,0.0
锦州,赣州,0.0
锦州,济南,0.0
锦州,潍坊,0.0
锦州,烟台,0.0
锦州,青岛,0.0
锦州,济宁,0.0
锦州,临沂,0.0
锦州,郑州,0.0
锦州,漯河,0.0
锦州,信阳,0.0
锦州,洛阳,0.0
锦州,武汉,176.0
锦州,荆州,0.0
锦州,襄阳,0.0
锦州,长沙,0.0
锦州,常德,0.0
锦州,衡阳,0.0
锦州,广州,0.0
锦州,汕头,0.0
锦州,深圳,0.0
锦州,东莞,0.0
锦州,湛江,0.0
锦州,中山,0.0
锦州,南宁,0.0
锦州,柳州,0.0
锦州,海口,0.0
锦州,重庆,0.0
锦州,成都,0.0
锦州,南充,0.0
锦州,内江,0.0
锦州,贵阳,0.0
锦州,昆明,0.0
锦州,大理州,0.0
锦州,拉萨,0.0
锦州,西安,0.0
锦州,宝鸡,0.0
锦州,兰州,0.0
锦州,西宁,0.0
锦州,银川,0.0
锦州,乌鲁木齐,0.0
锦州,阿克苏,0.0
锦州,喀什,0.0
长春,北京,4761.0
长春,天津,0.0
长春,石家庄,765.0
长春,唐山,0.0
长春,廊坊,0.0
长春,保定,0.0
长春,太原,0.0
长春,侯马,0.0
长春,呼和浩特,0.0
长春,包头,0.0
长春,沈阳,11109.0
长春,大连,0.0
长春,锦州,0.0
长春,长春,0.0
长春,哈尔滨,2929.0
长春,上海,1580.0
长春,南京,0.0
长春,常州,0.0
长春,无锡,0.0
长春,苏州,0.0
长春,徐州,277.0
长春,连云港,0.0
长春,淮安,0.0
长春,盐城,0.0
长春,扬州,0.0
长春,南通,0.0
长春,杭州,0.0
长春,湖州,0.0
长春,嘉兴,0.0
长春,宁波,0.0
长春,台州,0.0
长春,金华,153.0
长春,义乌,87.0
长春,温州,0.0
长春,合肥,273.0
长春,蚌埠,167.0
长春,芜湖,0.0
长春,安庆,0.0
长春,福州,0.0
长春,厦门,0.0
长春,泉州,0.0
长春,南昌,0.0
长春,鹰潭,0.0
长春,赣州,0.0
长春,济南,1015.0
长春,潍坊,0.0
长春,烟台,0.0
长春,青岛,0.0
长春,济宁,0.0
长春,临沂,0.0
长春,郑州,617.0
长春,漯河,0.0
长春,信阳,0.0
长春,洛阳,0.0
长春,武汉,808.0
长春,荆州,0.0
长春,襄阳,0.0
长春,长沙,0.0
长春,常德,0.0
长春,衡阳,0.0
长春,广州,2422.0
长春,汕头,0.0
长春,深圳,0.0
长春,东莞,0.0
长春,湛江,0.0
长春,中山,0.0
长春,南宁,0.0
长春,柳州,0.0
长春,海口,0.0
长春,重庆,0.0
长春,成都,1583.0
长春,南充,0.0
长春,内江,0.0
长春,贵阳,0.0
长春,昆明,0.0
长春,大理州,0.0
长春,拉萨,0.0
长春,西安,2335.0
长春,宝鸡,0.0
长春,兰州,0.0
长春,西宁,0.0
长春,银川,0.0
长春,乌鲁木齐,0.0
长春,阿克苏,0.0
长春,喀什,0.0
哈尔滨,北京,6915.0
哈尔滨,天津,1886.0
哈尔滨,石家庄,998.0
哈尔滨,唐山,0.0
哈尔滨,廊坊,0.0
哈尔滨,保定,0.0
哈尔滨,太原,0.0
哈尔滨,侯马,0.0
哈尔滨,呼和浩特,0.0
哈尔滨,包头,0.0
哈尔滨,沈阳,13907.0
哈尔滨,大连,0.0
哈尔滨,锦州,0.0
哈尔滨,长春,2789.0
哈尔滨,哈尔滨,0.0
哈尔滨,上海,2550.0
哈尔滨,南京,0.0
哈尔滨,常州,267.0
哈尔滨,无锡,0.0
哈尔滨,苏州,0.0
哈尔滨,徐州,377.0
哈尔滨,连云港,0.0
哈尔滨,淮安,0.0
哈尔滨,盐城,0.0
哈尔滨,扬州,0.0
哈尔滨,南通,0.0
哈尔滨,杭州,869.0
哈尔滨,湖州,0.0
哈尔滨,嘉兴,0.0
哈尔滨,宁波,0.0
哈尔滨,台州,0.0
哈尔滨,金华,280.0
哈尔滨,义乌,152.0
哈尔滨,温州,0.0
哈尔滨,合肥,369.0
哈尔滨,蚌埠,253.0
哈尔滨,芜湖,0.0
哈尔滨,安庆,0.0
哈尔滨,福州,0.0
哈尔滨,厦门,0.0
哈尔滨,泉州,0.0
哈尔滨,南昌,0.0
哈尔滨,鹰潭,0.0
哈尔滨,赣州,0.0
哈尔滨,济南,1566.0
哈尔滨,潍坊,0.0
哈尔滨,烟台,0.0
哈尔滨,青岛,0.0
哈尔滨,济宁,0.0
哈尔滨,临沂,0.0
哈尔滨,郑州,899.0
哈尔滨,漯河,0.0
哈尔滨,信阳,0.0
哈尔滨,洛阳,0.0
哈尔滨,武汉,1456.0
哈尔滨,荆州,0.0
哈尔滨,襄阳,0.0
哈尔滨,长沙,663.0
哈尔滨,常德,0.0
哈尔滨,衡阳,0.0
哈尔滨,广州,4079.0
哈尔滨,汕头,0.0
哈尔滨,深圳,0.0
哈尔滨,东莞,0.0
哈尔滨,湛江,0.0
哈尔滨,中山,0.0
哈尔滨,南宁,0.0
哈尔滨,柳州,0.0
哈尔滨,海口,0.0
哈尔滨,重庆,525.0
哈尔滨,成都,1021.0
哈尔滨,南充,0.0
哈尔滨,内江,0.0
哈尔滨,贵阳,0.0
哈尔滨,昆明,0.0
哈尔滨,大理州,0.0
哈尔滨,拉萨,0.0
哈尔滨,西安,2544.0
哈尔滨,宝鸡,0.0
哈尔滨,兰州,0.0
哈尔滨,西宁,0.0
哈尔滨,银川,0.0
哈尔滨,乌鲁木齐,0.0
哈尔滨,阿克苏,0.0
哈尔滨,喀什,0.0
上海,北京,4040.0
上海,天津,11841.0
上海,石家庄,13230.0
上海,唐山,7701.0
上海,廊坊,5252.0
上海,保定,9611.0
上海,太原,12917.0
上海,侯马,8345.0
上海,呼和浩特,13915.0
上海,包头,3915.0
上海,沈阳,6495.0
上海,大连,8328.0
上海,锦州,6264.0
上海,长春,13819.0
上海,哈尔滨,14374.0
上海,上海,0.0
上海,南京,9682.0
上海,常州,7979.0
上海,无锡,8236.0
上海,苏州,10963.0
上海,徐州,8041.0
上海,连云港,9244.0
上海,淮安,7976.0
上海,盐城,11132.0
上海,扬州,8220.0
上海,南通,8145.0
上海,杭州,8166.0
上海,湖州,6870.0
上海,嘉兴,9270.0
上海,宁波,14145.0
上海,台州,7069.0
上海,金华,2974.0
上海,义乌,678.0
上海,温州,11592.0
上海,合肥,11929.0
上海,蚌埠,11307.0
上海,芜湖,9924.0
上海,安庆,8795.0
上海,福州,15280.0
上海,厦门,10962.0
上海,泉州,9163.0
上海,南昌,14274.0
上海,鹰潭,4708.0
上海,赣州,7631.0
上海,济南,14083.0
上海,潍坊,8753.0
上海,烟台,9136.0
上海,青岛,14115.0
上海,济宁,8036.0
上海,临沂,10165.0
上海,郑州,11378.0
上海,漯河,9001.0
上海,信阳,9744.0
上海,洛阳,8757.0
上海,武汉,2914.0
上海,荆州,3470.0
上海,襄阳,7227.0
上海,长沙,9997.0
上海,常德,7552.0
上海,衡阳,9538.0
上海,广州,5054.0
上海,汕头,11412.0
上海,深圳,16939.0
上海,东莞,12180.0
上海,湛江,8293.0
上海,中山,11521.0
上海,南宁,14852.0
上海,柳州,9934.0
上海,海口,10501.0
上海,重庆,14413.0
上海,成都,4957.0
上海,南充,10292.0
上海,内江,1822.0
上海,贵阳,14008.0
上海,昆明,13714.0
上海,大理州,5074.0
上海,拉萨,2379.0
上海,西安,3359.0
上海,宝鸡,2637.0
上海,兰州,12810.0
上海,西宁,2519.0
上海,银川,9878.0
上海,乌鲁木齐,12561.0
上海,阿克苏,2943.0
上海,喀什,0.0
南京,北京,3269.0
南京,天津,1961.0
南京,石家庄,0.0
南京,唐山,0.0
南京,廊坊,0.0
南京,保定,0.0
南京,太原,0.0
南京,侯马,0.0
南京,呼和浩特,0.0
南京,包头,0.0
南京,沈阳,2295.0
南京,大连,0.0
南京,锦州,0.0
南京,长春,0.0
南京,哈尔滨,0.0
南京,上海,57751.0
南京,南京,0.0
南京,常州,2483.0
南京,无锡,2266.0
南京,苏州,4453.0
南京,徐州,2092.0
南京,连云港,0.0
南京,淮安,0.0
南京,盐城,0.0
南京,扬州,0.0
南京,南通,1570.0
南京,杭州,2786.0
南京,湖州,0.0
南京,嘉兴,0.0
南京,宁波,0.0
南京,台州,0.0
南京,金华,952.0
南京,义乌,316.0
南京,温州,0.0
南京,合肥,2368.0
南京,蚌埠,0.0
南京,芜湖,0.0
南京,安庆,0.0
南京,福州,0.0
南京,厦门,0.0
南京,泉州,0.0
南京,南昌,0.0
南京,鹰潭,0.0
南京,赣州,0.0
南京,济南,2595.0
南京,潍坊,0.0
南京,烟台,0.0
南京,青岛,0.0
南京,济宁,0.0
南京,临沂,0.0
南京,郑州,2268.0
南京,漯河,0.0
南京,信阳,0.0
南京,洛阳,0.0
南京,武汉,3002.0
南京,荆州,0.0
南京,襄阳,0.0
南京,长沙,2327.0
南京,常德,0.0
南京,衡阳,0.0
南京,广州,4139.0
南京,汕头,0.0
南京,深圳,0.0
南京,东莞,0.0
南京,湛江,0.0
南京,中山,0.0
南京,南宁,0.0
南京,柳州,0.0
南京,海口,0.0
南京,重庆,0.0
南京,成都,3508.0
南京,南充,0.0
南京,内江,0.0
南京,贵阳,1821.0
南京,昆明,0.0
南京,大理州,0.0
南京,拉萨,0.0
南京,西安,2454.0
南京,宝鸡,0.0
南京,兰州,0.0
南京,西宁,0.0
南京,银川,0.0
南京,乌鲁木齐,0.0
南京,阿克苏,0.0
南京,喀什,0.0
常州,北京,1869.0
常州,天津,1957.0
常州,石家庄,2338.0
常州,唐山,0.0
常州,廊坊,0.0
常州,保定,0.0
常州,太原,0.0
常州,侯马,0.0
常州,呼和浩特,0.0
常州,包头,0.0
常州,沈阳,2502.0
常州,大连,0.0
常州,锦州,0.0
常州,长春,0.0
常州,哈尔滨,2018.0
常州,上海,51239.0
常州,南京,1863.0
常州,常州,0.0
常州,无锡,0.0
常州,苏州,2098.0
常州,徐州,1617.0
常州,连云港,0.0
常州,淮安,0.0
常州,盐城,0.0
常州,扬州,0.0
常州,南通,0.0
常州,杭州,1810.0
常州,湖州,0.0
常州,嘉兴,0.0
常州,宁波,0.0
常州,台州,0.0
常州,金华,699.0
常州,义乌,224.0
常州,温州,0.0
常州,合肥,0.0
常州,蚌埠,0.0
常州,芜湖,0.0
常州,安庆,0.0
常州,福州,0.0
常州,厦门,0.0
常州,泉州,0.0
常州,南昌,0.0
常州,鹰潭,0.0
常州,赣州,0.0
常州,济南,2802.0
常州,潍坊,0.0
常州,烟台,0.0
常州,青岛,0.0
常州,济宁,0.0
常州,临沂,0.0
常州,郑州,2745.0
常州,漯河,0.0
常州,信阳,0.0
常州,洛阳,0.0
常州,武汉,2567.0
常州,荆州,0.0
常州,襄阳,0.0
常州,长沙,1993.0
常州,常德,0.0
常州,衡阳,0.0
常州,广州,3983.0
常州,汕头,0.0
常州,深圳,0.0
常州,东莞,0.0
常州,湛江,0.0
常州,中山,0.0
常州,南宁,0.0
常州,柳州,0.0
常州,海口,0.0
常州,重庆,0.0
常州,成都,2646.0
常州,南充,0.0
常州,内江,0.0
常州,贵阳,0.0
常州,昆明,0.0
常州,大理州,0.0
常州,拉萨,0.0
常州,西安,2465.0
常州,宝鸡,0.0
常州,兰州,0.0
常州,西宁,0.0
常州,银川,0.0
常州,乌鲁木齐,0.0
常州,阿克苏,0.0
常州,喀什,0.0
无锡,北京,1371.0
无锡,天津,0.0
无锡,石家庄,0.0
无锡,唐山,0.0
无锡,廊坊,0.0
无锡,保定,0.0
无锡,太原,0.0
无锡,侯马,0.0
无锡,呼和浩特,0.0
无锡,包头,0.0
无锡,沈阳,1253.0
无锡,大连,0.0
无锡,锦州,0.0
无锡,长春,0.0
无锡,哈尔滨,0.0
无锡,上海,28714.0
无锡,南京,1652.0
无锡,常州,0.0
无锡,无锡,0.0
无锡,苏州,1737.0
无锡,徐州,829.0
无锡,连云港,0.0
无锡,淮安,0.0
无锡,盐城,0.0
无锡,扬州,0.0
无锡,南通,0.0
无锡,杭州,0.0
无锡,湖州,0.0
无锡,嘉兴,0.0
无锡,宁波,0.0
无锡,台州,0.0
无锡,金华,372.0
无锡,义乌,115.0
无锡,温州,0.0
无锡,合肥,0.0
无锡,蚌埠,0.0
无锡,芜湖,0.0
无锡,安庆,0.0
无锡,福州,0.0
无锡,厦门,0.0
无锡,泉州,0.0
无锡,南昌,0.0
无锡,鹰潭,0.0
无锡,赣州,0.0
无锡,济南,0.0
无锡,潍坊,0.0
无锡,烟台,0.0
无锡,青岛,0.0
无锡,济宁,0.0
无锡,临沂,0.0
无锡,郑州,0.0
无锡,漯河,0.0
无锡,信阳,0.0
无锡,洛阳,0.0
无锡,武汉,1102.0
无锡,荆州,0.0
无锡,襄阳,0.0
无锡,长沙,0.0
无锡,常德,0.0
无锡,衡阳,0.0
无锡,广州,1284.0
无锡,汕头,0.0
无锡,深圳,0.0
无锡,东莞,0.0
无锡,湛江,0.0
无锡,中山,0.0
无锡,南宁,0.0
无锡,柳州,0.0
无锡,海口,0.0
无锡,重庆,0.0
无锡,成都,1052.0
无锡,南充,0.0
无锡,内江,0.0
无锡,贵阳,0.0
无锡,昆明,0.0
无锡,大理州,0.0
无锡,拉萨,0.0
无锡,西安,1040.0
无锡,宝鸡,0.0
无锡,兰州,0.0
无锡,西宁,0.0
无锡,银川,0.0
无锡,乌鲁木齐,0.0
无锡,阿克苏,0.0
无锡,喀什,0.0
苏州,北京,1330.0
苏州,天津,0.0
苏州,石家庄,0.0
苏州,唐山,0.0
苏州,廊坊,0.0
苏州,保定,0.0
苏州,太原,0.0
苏州,侯马,0.0
苏州,呼和浩特,0.0
苏州,包头,0.0
苏州,沈阳,1251.0
苏州,大连,0.0
苏州,锦州,0.0
苏州,长春,0.0
苏州,哈尔滨,0.0
苏州,上海,37521.0
苏州,南京,1989.0
苏州,常州,1210.0
苏州,无锡,1187.0
苏州,苏州,0.0
苏州,徐州,1142.0
苏州,连云港,0.0
苏州,淮安,0.0
苏州,盐城,0.0
苏州,扬州,0.0
苏州,南通,830.0
苏州,杭州,1874.0
苏州,湖州,0.0
苏州,嘉兴,0.0
苏州,宁波,0.0
苏州,台州,0.0
苏州,金华,621.0
苏州,义乌,207.0
苏州,温州,0.0
苏州,合肥,1195.0
苏州,蚌埠,0.0
苏州,芜湖,0.0
苏州,安庆,0.0
苏州,福州,0.0
苏州,厦门,0.0
苏州,泉州,0.0
苏州,南昌,0.0
苏州,鹰潭,0.0
苏州,赣州,0.0
苏州,济南,0.0
苏州,潍坊,0.0
苏州,烟台,0.0
苏州,青岛,0.0
苏州,济宁,0.0
苏州,临沂,0.0
苏州,郑州,1246.0
苏州,漯河,0.0
苏州,信阳,0.0
苏州,洛阳,0.0
苏州,武汉,1672.0
苏州,荆州,0.0
苏州,襄阳,0.0
苏州,长沙,1346.0
苏州,常德,0.0
苏州,衡阳,0.0
苏州,广州,2333.0
苏州,汕头,0.0
苏州,深圳,0.0
苏州,东莞,0.0
苏州,湛江,0.0
苏州,中山,0.0
苏州,南宁,0.0
苏州,柳州,0.0
苏州,海口,0.0
苏州,重庆,0.0
苏州,成都,1765.0
苏州,南充,0.0
苏州,内江,0.0
苏州,贵阳,0.0
苏州,昆明,0.0
苏州,大理州,0.0
苏州,拉萨,0.0
苏州,西安,1563.0
苏州,宝鸡,0.0
苏州,兰州,0.0
苏州,西宁,0.0
苏州,银川,0.0
苏州,乌鲁木齐,0.0
苏州,阿克苏,0.0
苏州,喀什,0.0
徐州,北京,4978.0
徐州,天津,3802.0
徐州,石家庄,3849.0
徐州,唐山,0.0
徐州,廊坊,0.0
徐州,保定,0.0
徐州,太原,2581.0
徐州,侯马,0.0
徐州,呼和浩特,0.0
徐州,包头,0.0
徐州,沈阳,4214.0
徐州,大连,0.0
徐州,锦州,0.0
徐州,长春,3042.0
徐州,哈尔滨,3249.0
徐州,上海,51381.0
徐州,南京,3651.0
徐州,常州,2156.0
徐州,无锡,2006.0
徐州,苏州,4294.0
徐州,徐州,0.0
徐州,连云港,0.0
徐州,淮安,0.0
徐州,盐城,0.0
徐州,扬州,0.0
徐州,南通,0.0
徐州,杭州,3397.0
徐州,湖州,0.0
徐州,嘉兴,0.0
徐州,宁波,0.0
徐州,台州,0.0
徐州,金华,1268.0
徐州,义乌,404.0
徐州,温州,0.0
徐州,合肥,3292.0
徐州,蚌埠,0.0
徐州,芜湖,0.0
徐州,安庆,0.0
徐州,福州,3080.0
徐州,厦门,2084.0
徐州,泉州,0.0
徐州,南昌,3331.0
徐州,鹰潭,0.0
徐州,赣州,0.0
徐州,济南,5557.0
徐州,潍坊,0.0
徐州,烟台,0.0
徐州,青岛,2619.0
徐州,济宁,0.0
徐州,临沂,0.0
徐州,郑州,4939.0
徐州,漯河,1946.0
徐州,信阳,2178.0
徐州,洛阳,0.0
徐州,武汉,5441.0
徐州,荆州,0.0
徐州,襄阳,0.0
徐州,长沙,4757.0
徐州,常德,0.0
徐州,衡阳,0.0
徐州,广州,8546.0
徐州,汕头,0.0
徐州,深圳,3504.0
徐州,东莞,2467.0
徐州,湛江,0.0
徐州,中山,2302.0
徐州,南宁,3013.0
徐州,柳州,0.0
徐州,海口,2105.0
徐州,重庆,2969.0
徐州,成都,5507.0
徐州,南充,0.0
徐州,内江,0.0
徐州,贵阳,3675.0
徐州,昆明,2546.0
徐州,大理州,0.0
徐州,拉萨,0.0
徐州,西安,5476.0
徐州,宝鸡,0.0
徐州,兰州,2109.0
徐州,西宁,0.0
徐州,银川,0.0
徐州,乌鲁木齐,0.0
徐州,阿克苏,0.0
徐州,喀什,0.0
连云港,北京,905.0
连云港,天津,0.0
连云港,石家庄,0.0
连云港,唐山,0.0
连云港,廊坊,0.0
连云港,保定,0.0
连云港,太原,0.0
连云港,侯马,0.0
连云港,呼和浩特,0.0
连云港,包头,0.0
连云港,沈阳,0.0
连云港,大连,0.0
连云港,锦州,0.0
连云港,长春,0.0
连云港,哈尔滨,0.0
连云港,上海,19649.0
连云港,南京,0.0
连云港,常州,0.0
连云港,无锡,0.0
连云港,苏州,0.0
连云港,徐州,0.0
连云港,连云港,0.0
连云港,淮安,0.0
连云港,盐城,0.0
连云港,扬州,0.0
连云港,南通,0.0
连云港,杭州,0.0
连云港,湖州,0.0
连云港,嘉兴,0.0
连云港,宁波,0.0
连云港,台州,0.0
连云港,金华,0.0
连云港,义乌,0.0
连云港,温州,0.0
连云港,合肥,0.0
连云港,蚌埠,0.0
连云港,芜湖,0.0
连云港,安庆,0.0
连云港,福州,0.0
连云港,厦门,0.0
连云港,泉州,0.0
连云港,南昌,0.0
连云港,鹰潭,0.0
连云港,赣州,0.0
连云港,济南,0.0
连云港,潍坊,0.0
连云港,烟台,0.0
连云港,青岛,0.0
连云港,济宁,0.0
连云港,临沂,0.0
连云港,郑州,0.0
连云港,漯河,0.0
连云港,信阳,0.0
连云港,洛阳,0.0
连云港,武汉,535.0
连云港,荆州,0.0
连云港,襄阳,0.0
连云港,长沙,0.0
连云港,常德,0.0
连云港,衡阳,0.0
连云港,广州,943.0
连云港,汕头,0.0
连云港,深圳,0.0
连云港,东莞,0.0
连云港,湛江,0.0
连云港,中山,0.0
连云港,南宁,0.0
连云港,柳州,0.0
连云港,海口,0.0
连云港,重庆,0.0
连云港,成都,0.0
连云港,南充,0.0
连云港,内江,0.0
连云港,贵阳,0.0
连云港,昆明,0.0
连云港,大理州,0.0
连云港,拉萨,0.0
连云港,西安,0.0
连云港,宝鸡,0.0
连云港,兰州,0.0
连云港,西宁,0.0
连云港,银川,0.0
连云港,乌鲁木齐,0.0
连云港,阿克苏,0.0
连云港,喀什,0.0
淮安,北京,0.0
淮安,天津,0.0
淮安,石家庄,0.0
淮安,唐山,0.0
淮安,廊坊,0.0
淮安,保定,0.0
淮安,太原,0.0
淮安,侯马,0.0
淮安,呼和浩特,0.0
淮安,包头,0.0
淮安,沈阳,0.0
淮安,大连,0.0
淮安,锦州,0.0
淮安,长春,0.0
淮安,哈尔滨,0.0
淮安,上海,17064.0
淮安,南京,0.0
淮安,常州,0.0
淮安,无锡,0.0
淮安,苏州,0.0
淮安,徐州,0.0
淮安,连云港,0.0
淮安,淮安,0.0
淮安,盐城,0.0
淮安,扬州,0.0
淮安,南通,0.0
淮安,杭州,0.0
淮安,湖州,0.0
淮安,嘉兴,0.0
淮安,宁波,0.0
淮安,台州,0.0
淮安,金华,0.0
淮安,义乌,0.0
淮安,温州,0.0
淮安,合肥,0.0
淮安,蚌埠,0.0
淮安,芜湖,0.0
淮安,安庆,0.0
淮安,福州,0.0
淮安,厦门,0.0
淮安,泉州,0.0
淮安,南昌,0.0
淮安,鹰潭,0.0
淮安,赣州,0.0
淮安,济南,0.0
淮安,潍坊,0.0
淮安,烟台,0.0
淮安,青岛,0.0
淮安,济宁,0.0
淮安,临沂,0.0
淮安,郑州,0.0
淮安,漯河,0.0
淮安,信阳,0.0
淮安,洛阳,0.0
淮安,武汉,428.0
淮安,荆州,0.0
淮安,襄阳,0.0
淮安,长沙,0.0
淮安,常德,0.0
淮安,衡阳,0.0
淮安,广州,0.0
淮安,汕头,0.0
淮安,深圳,0.0
淮安,东莞,0.0
淮安,湛江,0.0
淮安,中山,0.0
淮安,南宁,0.0
淮安,柳州,0.0
淮安,海口,0.0
淮安,重庆,0.0
淮安,成都,0.0
淮安,南充,0.0
淮安,内江,0.0
淮安,贵阳,0.0
淮安,昆明,0.0
淮安,大理州,0.0
淮安,拉萨,0.0
淮安,西安,0.0
淮安,宝鸡,0.0
淮安,兰州,0.0
淮安,西宁,0.0
淮安,银川,0.0
淮安,乌鲁木齐,0.0
淮安,阿克苏,0.0
淮安,喀什,0.0
盐城,北京,319.0
盐城,天津,0.0
盐城,石家庄,0.0
盐城,唐山,0.0
盐城,廊坊,0.0
盐城,保定,0.0
盐城,太原,0.0
盐城,侯马,0.0
盐城,呼和浩特,0.0
盐城,包头,0.0
盐城,沈阳,0.0
盐城,大连,0.0
盐城,锦州,0.0
盐城,长春,0.0
盐城,哈尔滨,0.0
盐城,上海,16263.0
盐城,南京,0.0
盐城,常州,0.0
盐城,无锡,0.0
盐城,苏州,0.0
盐城,徐州,0.0
盐城,连云港,0.0
盐城,淮安,0.0
盐城,盐城,0.0
盐城,扬州,0.0
盐城,南通,0.0
盐城,杭州,0.0
盐城,湖州,0.0
盐城,嘉兴,0.0
盐城,宁波,0.0
盐城,台州,0.0
盐城,金华,0.0
盐城,义乌,0.0
盐城,温州,0.0
盐城,合肥,0.0
盐城,蚌埠,0.0
盐城,芜湖,0.0
盐城,安庆,0.0
盐城,福州,0.0
盐城,厦门,0.0
盐城,泉州,0.0
盐城,南昌,0.0
盐城,鹰潭,0.0
盐城,赣州,0.0
盐城,济南,0.0
盐城,潍坊,0.0
盐城,烟台,0.0
盐城,青岛,0.0
盐城,济宁,0.0
盐城,临沂,0.0
盐城,郑州,0.0
盐城,漯河,0.0
盐城,信阳,0.0
盐城,洛阳,0.0
盐城,武汉,393.0
盐城,荆州,0.0
盐城,襄阳,0.0
盐城,长沙,0.0
盐城,常德,0.0
盐城,衡阳,0.0
盐城,广州,841.0
盐城,汕头,0.0
盐城,深圳,0.0
盐城,东莞,0.0
盐城,湛江,0.0
盐城,中山,0.0
盐城,南宁,0.0
盐城,柳州,0.0
盐城,海口,0.0
盐城,重庆,0.0
盐城,成都,0.0
盐城,南充,0.0
盐城,内江,0.0
盐城,贵阳,0.0
盐城,昆明,0.0
盐城,大理州,0.0
盐城,拉萨,0.0
盐城,西安,385.0
盐城,宝鸡,0.0
盐城,兰州,0.0
盐城,西宁,0.0
盐城,银川,0.0
盐城,乌鲁木齐,0.0
盐城,阿克苏,0.0
盐城,喀什,0.0
扬州,北京,542.0
扬州,天津,0.0
扬州,石家庄,0.0
扬州,唐山,0.0
扬州,廊坊,0.0
扬州,保定,0.0
扬州,太原,0.0
扬州,侯马,0.0
扬州,呼和浩特,0.0
扬州,包头,0.0
扬州,沈阳,0.0
扬州,大连,0.0
扬州,锦州,0.0
扬州,长春,0.0
扬州,哈尔滨,0.0
扬州,上海,26842.0
扬州,南京,0.0
扬州,常州,0.0
扬州,无锡,0.0
扬州,苏州,0.0
扬州,徐州,0.0
扬州,连云港,0.0
扬州,淮安,0.0
扬州,盐城,0.0
扬州,扬州,0.0
扬州,南通,0.0
扬州,杭州,0.0
扬州,湖州,0.0
扬州,嘉兴,0.0
扬州,宁波,0.0
扬州,台州,0.0
扬州,金华,0.0
扬州,义乌,0.0
扬州,温州,0.0
扬州,合肥,0.0
扬州,蚌埠,0.0
扬州,芜湖,0.0
扬州,安庆,0.0
扬州,福州,0.0
扬州,厦门,0.0
扬州,泉州,0.0
扬州,南昌,0.0
扬州,鹰潭,0.0
扬州,赣州,0.0
扬州,济南,0.0
扬州,潍坊,0.0
扬州,烟台,0.0
扬州,青岛,0.0
扬州,济宁,0.0
扬州,临沂,0.0
扬州,郑州,0.0
扬州,漯河,0.0
扬州,信阳,0.0
扬州,洛阳,0.0
扬州,武汉,814.0
扬州,荆州,0.0
扬州,襄阳,0.0
扬州,长沙,0.0
扬州,常德,0.0
扬州,衡阳,0.0
扬州,广州,1279.0
扬州,汕头,0.0
扬州,深圳,0.0
扬州,东莞,0.0
扬州,湛江,0.0
扬州,中山,0.0
扬州,南宁,0.0
扬州,柳州,0.0
扬州,海口,0.0
扬州,重庆,0.0
扬州,成都,1036.0
扬州,南充,0.0
扬州,内江,0.0
扬州,贵阳,0.0
扬州,昆明,0.0
扬州,大理州,0.0
扬州,拉萨,0.0
扬州,西安,844.0
扬州,宝鸡,0.0
扬州,兰州,0.0
扬州,西宁,0.0
扬州,银川,0.0
扬州,乌鲁木齐,0.0
扬州,阿克苏,0.0
扬州,喀什,0.0
南通,北京,1156.0
南通,天津,0.0
南通,石家庄,0.0
南通,唐山,0.0
南通,廊坊,0.0
南通,保定,0.0
南通,太原,0.0
南通,侯马,0.0
南通,呼和浩特,0.0
南通,包头,0.0
南通,沈阳,1443.0
南通,大连,0.0
南通,锦州,0.0
南通,长春,0.0
南通,哈尔滨,0.0
南通,上海,60624.0
南通,南京,2536.0
南通,常州,0.0
南通,无锡,0.0
南通,苏州,3043.0
南通,徐州,0.0
南通,连云港,0.0
南通,淮安,0.0
南通,盐城,0.0
南通,扬州,0.0
南通,南通,0.0
南通,杭州,2422.0
南通,湖州,0.0
南通,嘉兴,0.0
南通,宁波,0.0
南通,台州,0.0
南通,金华,0.0
南通,义乌,281.0
南通,温州,0.0
南通,合肥,0.0
南通,蚌埠,0.0
南通,芜湖,0.0
南通,安庆,0.0
南通,福州,0.0
南通,厦门,0.0
南通,泉州,0.0
南通,南昌,0.0
南通,鹰潭,0.0
南通,赣州,0.0
南通,济南,2129.0
南通,潍坊,0.0
南通,烟台,0.0
南通,青岛,0.0
南通,济宁,0.0
南通,临沂,0.0
南通,郑州,0.0
南通,漯河,0.0
南通,信阳,0.0
南通,洛阳,0.0
南通,武汉,2065.0
南通,荆州,0.0
南通,襄阳,0.0
南通,长沙,0.0
南通,常德,0.0
南通,衡阳,0.0
南通,广州,4284.0
南通,汕头,0.0
南通,深圳,0.0
南通,东莞,0.0
南通,湛江,0.0
南通,中山,0.0
南通,南宁,0.0
南通,柳州,0.0
南通,海口,0.0
南通,重庆,0.0
南通,成都,1970.0
南通,南充,0.0
南通,内江,0.0
南通,贵阳,0.0
南通,昆明,0.0
南通,大理州,0.0
南通,拉萨,0.0
南通,西安,1889.0
南通,宝鸡,0.0
南通,兰州,0.0
南通,西宁,0.0
南通,银川,0.0
南通,乌鲁木齐,0.0
南通,阿克苏,0.0
南通,喀什,0.0
杭州,北京,1533.0
杭州,天津,1029.0
杭州,石家庄,1052.0
杭州,唐山,0.0
杭州,廊坊,0.0
杭州,保定,0.0
杭州,太原,0.0
杭州,侯马,0.0
杭州,呼和浩特,0.0
杭州,包头,0.0
杭州,沈阳,1236.0
杭州,大连,0.0
杭州,锦州,0.0
杭州,长春,0.0
杭州,哈尔滨,1118.0
杭州,上海,25492.0
杭州,南京,1052.0
杭州,常州,590.0
杭州,无锡,0.0
杭州,苏州,1168.0
杭州,徐州,818.0
杭州,连云港,0.0
杭州,淮安,0.0
杭州,盐城,0.0
杭州,扬州,0.0
杭州,南通,404.0
杭州,杭州,0.0
杭州,湖州,0.0
杭州,嘉兴,0.0
杭州,宁波,1449.0
杭州,台州,716.0
杭州,金华,1021.0
杭州,义乌,308.0
杭州,温州,1186.0
杭州,合肥,1014.0
杭州,蚌埠,0.0
杭州,芜湖,0.0
杭州,安庆,0.0
杭州,福州,1053.0
杭州,厦门,0.0
杭州,泉州,0.0
杭州,南昌,1045.0
杭州,鹰潭,0.0
杭州,赣州,0.0
杭州,济南,1869.0
杭州,潍坊,0.0
杭州,烟台,0.0
杭州,青岛,0.0
杭州,济宁,0.0
杭州,临沂,0.0
杭州,郑州,1672.0
杭州,漯河,0.0
杭州,信阳,0.0
杭州,洛阳,0.0
杭州,武汉,1530.0
杭州,荆州,0.0
杭州,襄阳,0.0
杭州,长沙,1419.0
杭州,常德,0.0
杭州,衡阳,0.0
杭州,广州,2680.0
杭州,汕头,0.0
杭州,深圳,1059.0
杭州,东莞,0.0
杭州,湛江,0.0
杭州,中山,0.0
杭州,南宁,1023.0
杭州,柳州,0.0
杭州,海口,0.0
杭州,重庆,0.0
杭州,成都,1616.0
杭州,南充,0.0
杭州,内江,0.0
杭州,贵阳,1163.0
杭州,昆明,0.0
杭州,大理州,0.0
杭州,拉萨,0.0
杭州,西安,1569.0
杭州,宝鸡,0.0
杭州,兰州,0.0
杭州,西宁,0.0
杭州,银川,0.0
杭州,乌鲁木齐,0.0
杭州,阿克苏,0.0
杭州,喀什,0.0
湖州,北京,479.0
湖州,天津,0.0
湖州,石家庄,0.0
湖州,唐山,0.0
湖州,廊坊,0.0
湖州,保定,0.0
湖州,太原,0.0
湖州,侯马,0.0
湖州,呼和浩特,0.0
湖州,包头,0.0
湖州,沈阳,515.0
湖州,大连,0.0
湖州,锦州,0.0
湖州,长春,0.0
湖州,哈尔滨,0.0
湖州,上海,19805.0
湖州,南京,0.0
湖州,常州,0.0
湖州,无锡,0.0
湖州,苏州,0.0
湖州,徐州,0.0
湖州,连云港,0.0
湖州,淮安,0.0
湖州,盐城,0.0
湖州,扬州,0.0
湖州,南通,0.0
湖州,杭州,0.0
湖州,湖州,0.0
湖州,嘉兴,0.0
湖州,宁波,0.0
湖州,台州,0.0
湖州,金华,0.0
湖州,义乌,0.0
湖州,温州,0.0
湖州,合肥,0.0
湖州,蚌埠,0.0
湖州,芜湖,0.0
湖州,安庆,0.0
湖州,福州,0.0
湖州,厦门,0.0
湖州,泉州,0.0
湖州,南昌,0.0
湖州,鹰潭,0.0
湖州,赣州,0.0
湖州,济南,0.0
湖州,潍坊,0.0
湖州,烟台,0.0
湖州,青岛,0.0
湖州,济宁,0.0
湖州,临沂,0.0
湖州,郑州,0.0
湖州,漯河,0.0
湖州,信阳,0.0
湖州,洛阳,0.0
湖州,武汉,522.0
湖州,荆州,0.0
湖州,襄阳,0.0
湖州,长沙,0.0
湖州,常德,0.0
湖州,衡阳,0.0
湖州,广州,1194.0
湖州,汕头,0.0
湖州,深圳,0.0
湖州,东莞,0.0
湖州,湛江,0.0
湖州,中山,0.0
湖州,南宁,0.0
湖州,柳州,0.0
湖州,海口,0.0
湖州,重庆,0.0
湖州,成都,814.0
湖州,南充,0.0
湖州,内江,0.0
湖州,贵阳,0.0
湖州,昆明,0.0
湖州,大理州,0.0
湖州,拉萨,0.0
湖州,西安,950.0
湖州,宝鸡,0.0
湖州,兰州,0.0
湖州,西宁,0.0
湖州,银川,0.0
湖州,乌鲁木齐,0.0
湖州,阿克苏,0.0
湖州,喀什,0.0
嘉兴,北京,383.0
嘉兴,天津,0.0
嘉兴,石家庄,0.0
嘉兴,唐山,0.0
嘉兴,廊坊,0.0
嘉兴,保定,0.0
嘉兴,太原,0.0
嘉兴,侯马,0.0
嘉兴,呼和浩特,0.0
嘉兴,包头,0.0
嘉兴,沈阳,0.0
嘉兴,大连,0.0
嘉兴,锦州,0.0
嘉兴,长春,0.0
嘉兴,哈尔滨,0.0
嘉兴,上海,18450.0
嘉兴,南京,0.0
嘉兴,常州,0.0
嘉兴,无锡,0.0
嘉兴,苏州,0.0
嘉兴,徐州,0.0
嘉兴,连云港,0.0
嘉兴,淮安,0.0
嘉兴,盐城,0.0
嘉兴,扬州,0.0
嘉兴,南通,0.0
嘉兴,杭州,0.0
嘉兴,湖州,0.0
嘉兴,嘉兴,0.0
嘉兴,宁波,0.0
嘉兴,台州,0.0
嘉兴,金华,338.0
嘉兴,义乌,114.0
嘉兴,温州,0.0
嘉兴,合肥,0.0
嘉兴,蚌埠,0.0
嘉兴,芜湖,0.0
嘉兴,安庆,0.0
嘉兴,福州,0.0
嘉兴,厦门,0.0
嘉兴,泉州,0.0
嘉兴,南昌,0.0
嘉兴,鹰潭,0.0
嘉兴,赣州,0.0
嘉兴,济南,0.0
嘉兴,潍坊,0.0
嘉兴,烟台,0.0
嘉兴,青岛,0.0
嘉兴,济宁,0.0
嘉兴,临沂,0.0
嘉兴,郑州,0.0
嘉兴,漯河,0.0
嘉兴,信阳,0.0
嘉兴,洛阳,0.0
嘉兴,武汉,647.0
嘉兴,荆州,0.0
嘉兴,襄阳,0.0
嘉兴,长沙,0.0
嘉兴,常德,0.0
嘉兴,衡阳,0.0
嘉兴,广州,955.0
嘉兴,汕头,0.0
嘉兴,深圳,0.0
嘉兴,东莞,0.0
嘉兴,湛江,0.0
嘉兴,中山,0.0
嘉兴,南宁,0.0
嘉兴,柳州,0.0
嘉兴,海口,0.0
嘉兴,重庆,0.0
嘉兴,成都,571.0
嘉兴,南充,0.0
嘉兴,内江,0.0
嘉兴,贵阳,0.0
嘉兴,昆明,0.0
嘉兴,大理州,0.0
嘉兴,拉萨,0.0
嘉兴,西安,521.0
嘉兴,宝鸡,0.0
嘉兴,兰州,0.0
嘉兴,西宁,0.0
嘉兴,银川,0.0
嘉兴,乌鲁木齐,0.0
嘉兴,阿克苏,0.0
嘉兴,喀什,0.0
宁波,北京,1221.0
宁波,天津,0.0
宁波,石家庄,0.0
宁波,唐山,0.0
宁波,廊坊,0.0
宁波,保定,0.0
宁波,太原,0.0
宁波,侯马,0.0
宁波,呼和浩特,0.0
宁波,包头,0.0
宁波,沈阳,1650.0
宁波,大连,0.0
宁波,锦州,0.0
宁波,长春,0.0
宁波,哈尔滨,0.0
宁波,上海,51144.0
宁波,南京,0.0
宁波,常州,0.0
宁波,无锡,0.0
宁波,苏州,0.0
宁波,徐州,0.0
宁波,连云港,0.0
宁波,淮安,0.0
宁波,盐城,0.0
宁波,扬州,0.0
宁波,南通,0.0
宁波,杭州,2723.0
宁波,湖州,0.0
宁波,嘉兴,0.0
宁波,宁波,0.0
宁波,台州,0.0
宁波,金华,968.0
宁波,义乌,329.0
宁波,温州,0.0
宁波,合肥,0.0
宁波,蚌埠,0.0
宁波,芜湖,0.0
宁波,安庆,0.0
宁波,福州,0.0
宁波,厦门,0.0
宁波,泉州,0.0
宁波,南昌,0.0
宁波,鹰潭,0.0
宁波,赣州,0.0
宁波,济南,2381.0
宁波,潍坊,0.0
宁波,烟台,0.0
宁波,青岛,0.0
宁波,济宁,0.0
宁波,临沂,0.0
宁波,郑州,2097.0
宁波,漯河,0.0
宁波,信阳,0.0
宁波,洛阳,0.0
宁波,武汉,2171.0
宁波,荆州,0.0
宁波,襄阳,0.0
宁波,长沙,2120.0
宁波,常德,0.0
宁波,衡阳,0.0
宁波,广州,3854.0
宁波,汕头,0.0
宁波,深圳,0.0
宁波,东莞,0.0
宁波,湛江,0.0
宁波,中山,0.0
宁波,南宁,0.0
宁波,柳州,0.0
宁波,海口,0.0
宁波,重庆,0.0
宁波,成都,2337.0
宁波,南充,0.0
宁波,内江,0.0
宁波,贵阳,0.0
宁波,昆明,0.0
宁波,大理州,0.0
宁波,拉萨,0.0
宁波,西安,2065.0
宁波,宝鸡,0.0
宁波,兰州,0.0
宁波,西宁,0.0
宁波,银川,0.0
宁波,乌鲁木齐,0.0
宁波,阿克苏,0.0
宁波,喀什,0.0
台州,北京,748.0
台州,天津,0.0
台州,石家庄,0.0
台州,唐山,0.0
台州,廊坊,0.0
台州,保定,0.0
台州,太原,0.0
台州,侯马,0.0
台州,呼和浩特,0.0
台州,包头,0.0
台州,沈阳,1007.0
台州,大连,0.0
台州,锦州,0.0
台州,长春,0.0
台州,哈尔滨,0.0
台州,上海,36155.0
台州,南京,0.0
台州,常州,0.0
台州,无锡,0.0
台州,苏州,0.0
台州,徐州,0.0
台州,连云港,0.0
台州,淮安,0.0
台州,盐城,0.0
台州,扬州,0.0
台州,南通,0.0
台州,杭州,1496.0
台州,湖州,0.0
台州,嘉兴,0.0
台州,宁波,0.0
台州,台州,0.0
台州,金华,667.0
台州,义乌,241.0
台州,温州,0.0
台州,合肥,0.0
台州,蚌埠,0.0
台州,芜湖,0.0
台州,安庆,0.0
台州,福州,0.0
台州,厦门,0.0
台州,泉州,0.0
台州,南昌,0.0
台州,鹰潭,0.0
台州,赣州,0.0
台州,济南,1667.0
台州,潍坊,0.0
台州,烟台,0.0
台州,青岛,0.0
台州,济宁,0.0
台州,临沂,0.0
台州,郑州,1374.0
台州,漯河,0.0
台州,信阳,0.0
台州,洛阳,0.0
台州,武汉,1361.0
台州,荆州,0.0
台州,襄阳,0.0
台州,长沙,1403.0
台州,常德,0.0
台州,衡阳,0.0
台州,广州,2834.0
台州,汕头,0.0
台州,深圳,0.0
台州,东莞,0.0
台州,湛江,0.0
台州,中山,0.0
台州,南宁,0.0
台州,柳州,0.0
台州,海口,0.0
台州,重庆,0.0
台州,成都,1478.0
台州,南充,0.0
台州,内江,0.0
台州,贵阳,0.0
台州,昆明,0.0
台州,大理州,0.0
台州,拉萨,0.0
台州,西安,1392.0
台州,宝鸡,0.0
台州,兰州,0.0
台州,西宁,0.0
台州,银川,0.0
台州,乌鲁木齐,0.0
台州,阿克苏,0.0
台州,喀什,0.0
金华,北京,5881.0
金华,天津,3565.0
金华,石家庄,3890.0
金华,唐山,0.0
金华,廊坊,0.0
金华,保定,0.0
金华,太原,2930.0
金华,侯马,1681.0
金华,呼和浩特,0.0
金华,包头,0.0
金华,沈阳,4329.0
金华,大连,0.0
金华,锦州,0.0
金华,长春,2860.0
金华,哈尔滨,3791.0
金华,上海,41474.0
金华,南京,3638.0
金华,常州,2111.0
金华,无锡,1929.0
金华,苏州,4130.0
金华,徐州,2944.0
金华,连云港,0.0
金华,淮安,0.0
金华,盐城,0.0
金华,扬州,0.0
金华,南通,0.0
金华,杭州,6586.0
金华,湖州,0.0
金华,嘉兴,1931.0
金华,宁波,3690.0
金华,台州,1805.0
金华,金华,0.0
金华,义乌,876.0
金华,温州,3000.0
金华,合肥,3904.0
金华,蚌埠,2197.0
金华,芜湖,0.0
金华,安庆,0.0
金华,福州,3578.0
金华,厦门,2451.0
金华,泉州,1736.0
金华,南昌,3580.0
金华,鹰潭,0.0
金华,赣州,0.0
金华,济南,6672.0
金华,潍坊,0.0
金华,烟台,0.0
金华,青岛,3054.0
金华,济宁,0.0
金华,临沂,0.0
金华,郑州,5441.0
金华,漯河,2167.0
金华,信阳,2271.0
金华,洛阳,1656.0
金华,武汉,5051.0
金华,荆州,0.0
金华,襄阳,0.0
金华,长沙,4569.0
金华,常德,0.0
金华,衡阳,0.0
金华,广州,8965.0
金华,汕头,2080.0
金华,深圳,3286.0
金华,东莞,2750.0
金华,湛江,0.0
金华,中山,2494.0
金华,南宁,3549.0
金华,柳州,0.0
金华,海口,1745.0
金华,重庆,2757.0
金华,成都,5615.0
金华,南充,0.0
金华,内江,0.0
金华,贵阳,3409.0
金华,昆明,2679.0
金华,大理州,0.0
金华,拉萨,0.0
金华,西安,5102.0
金华,宝鸡,0.0
金华,兰州,1908.0
金华,西宁,0.0
金华,银川,0.0
金华,乌鲁木齐,1666.0
金华,阿克苏,0.0
金华,喀什,0.0
义乌,北京,2118.0
义乌,天津,4469.0
义乌,石家庄,4743.0
义乌,唐山,0.0
义乌,廊坊,0.0
义乌,保定,0.0
义乌,太原,3653.0
义乌,侯马,2096.0
义乌,呼和浩特,0.0
义乌,包头,0.0
义乌,沈阳,5276.0
义乌,大连,0.0
义乌,锦州,0.0
义乌,长春,3326.0
义乌,哈尔滨,4522.0
义乌,上海,41568.0
义乌,南京,4069.0
义乌,常州,2485.0
义乌,无锡,2312.0
义乌,苏州,4741.0
义乌,徐州,3644.0
义乌,连云港,0.0
义乌,淮安,0.0
义乌,盐城,0.0
义乌,扬州,0.0
义乌,南通,1745.0
义乌,杭州,6093.0
义乌,湖州,0.0
义乌,嘉兴,2005.0
义乌,宁波,3813.0
义乌,台州,1913.0
义乌,金华,2705.0
义乌,义乌,0.0
义乌,温州,3183.0
义乌,合肥,4484.0
义乌,蚌埠,2798.0
义乌,芜湖,0.0
义乌,安庆,0.0
义乌,福州,4731.0
义乌,厦门,3201.0
义乌,泉州,2392.0
义乌,南昌,5299.0
义乌,鹰潭,0.0
义乌,赣州,0.0
义乌,济南,9678.0
义乌,潍坊,2089.0
义乌,烟台,0.0
义乌,青岛,4224.0
义乌,济宁,1815.0
义乌,临沂,2051.0
义乌,郑州,8579.0
义乌,漯河,3427.0
义乌,信阳,3658.0
义乌,洛阳,2600.0
义乌,武汉,7485.0
义乌,荆州,0.0
义乌,襄阳,0.0
义乌,长沙,7046.0
义乌,常德,0.0
义乌,衡阳,2221.0
义乌,广州,13357.0
义乌,汕头,3152.0
义乌,深圳,4769.0
义乌,东莞,3806.0
义乌,湛江,1921.0
义乌,中山,3560.0
义乌,南宁,3680.0
义乌,柳州,0.0
义乌,海口,0.0
义乌,重庆,2944.0
义乌,成都,5615.0
义乌,南充,0.0
义乌,内江,0.0
义乌,贵阳,3629.0
义乌,昆明,2879.0
义乌,大理州,0.0
义乌,拉萨,0.0
义乌,西安,5259.0
义乌,宝鸡,0.0
义乌,兰州,0.0
义乌,西宁,0.0
义乌,银川,0.0
义乌,乌鲁木齐,0.0
义乌,阿克苏,0.0
义乌,喀什,0.0
温州,北京,791.0
温州,天津,0.0
温州,石家庄,0.0
温州,唐山,0.0
温州,廊坊,0.0
温州,保定,0.0
温州,太原,0.0
温州,侯马,0.0
温州,呼和浩特,0.0
温州,包头,0.0
温州,沈阳,831.0
温州,大连,0.0
温州,锦州,0.0
温州,长春,0.0
温州,哈尔滨,0.0
温州,上海,34217.0
温州,南京,0.0
温州,常州,0.0
温州,无锡,0.0
温州,苏州,0.0
温州,徐州,0.0
温州,连云港,0.0
温州,淮安,0.0
温州,盐城,0.0
温州,扬州,0.0
温州,南通,0.0
温州,杭州,1518.0
温州,湖州,0.0
温州,嘉兴,0.0
温州,宁波,0.0
温州,台州,0.0
温州,金华,665.0
温州,义乌,206.0
温州,温州,0.0
温州,合肥,0.0
温州,蚌埠,0.0
温州,芜湖,0.0
温州,安庆,0.0
温州,福州,0.0
温州,厦门,0.0
温州,泉州,0.0
温州,南昌,0.0
温州,鹰潭,0.0
温州,赣州,0.0
温州,济南,0.0
温州,潍坊,0.0
温州,烟台,0.0
温州,青岛,0.0
温州,济宁,0.0
温州,临沂,0.0
温州,郑州,0.0
温州,漯河,0.0
温州,信阳,0.0
温州,洛阳,0.0
温州,武汉,1191.0
温州,荆州,0.0
温州,襄阳,0.0
温州,长沙,0.0
温州,常德,0.0
温州,衡阳,0.0
温州,广州,2237.0
温州,汕头,0.0
温州,深圳,0.0
温州,东莞,0.0
温州,湛江,0.0
温州,中山,0.0
温州,南宁,0.0
温州,柳州,0.0
温州,海口,0.0
温州,重庆,0.0
温州,成都,1271.0
温州,南充,0.0
温州,内江,0.0
温州,贵阳,0.0
温州,昆明,0.0
温州,大理州,0.0
温州,拉萨,0.0
温州,西安,1069.0
温州,宝鸡,0.0
温州,兰州,0.0
温州,西宁,0.0
温州,银川,0.0
温州,乌鲁木齐,0.0
温州,阿克苏,0.0
温州,喀什,0.0
合肥,北京,2750.0
合肥,天津,2643.0
合肥,石家庄,2607.0
合肥,唐山,0.0
合肥,廊坊,0.0
合肥,保定,0.0
合肥,太原,2271.0
合肥,侯马,0.0
合肥,呼和浩特,0.0
合肥,包头,0.0
合肥,沈阳,3201.0
合肥,大连,0.0
合肥,锦州,0.0
合肥,长春,2197.0
合肥,哈尔滨,2436.0
合肥,上海,5375.0
合肥,南京,1938.0
合肥,常州,0.0
合肥,无锡,0.0
合肥,苏州,1890.0
合肥,徐州,1445.0
合肥,连云港,0.0
合肥,淮安,0.0
合肥,盐城,0.0
合肥,扬州,0.0
合肥,南通,0.0
合肥,杭州,2223.0
合肥,湖州,0.0
合肥,嘉兴,0.0
合肥,宁波,0.0
合肥,台州,0.0
合肥,金华,865.0
合肥,义乌,278.0
合肥,温州,0.0
合肥,合肥,0.0
合肥,蚌埠,1805.0
合肥,芜湖,0.0
合肥,安庆,0.0
合肥,福州,2412.0
合肥,厦门,0.0
合肥,泉州,0.0
合肥,南昌,2581.0
合肥,鹰潭,0.0
合肥,赣州,0.0
合肥,济南,3893.0
合肥,潍坊,0.0
合肥,烟台,0.0
合肥,青岛,2054.0
合肥,济宁,0.0
合肥,临沂,0.0
合肥,郑州,3559.0
合肥,漯河,0.0
合肥,信阳,0.0
合肥,洛阳,0.0
合肥,武汉,47270.0
合肥,荆州,0.0
合肥,襄阳,0.0
合肥,长沙,3198.0
合肥,常德,0.0
合肥,衡阳,0.0
合肥,广州,5802.0
合肥,汕头,0.0
合肥,深圳,2316.0
合肥,东莞,0.0
合肥,湛江,0.0
合肥,中山,0.0
合肥,南宁,2277.0
合肥,柳州,0.0
合肥,海口,0.0
合肥,重庆,2249.0
合肥,成都,4510.0
合肥,南充,0.0
合肥,内江,0.0
合肥,贵阳,2443.0
合肥,昆明,0.0
合肥,大理州,0.0
合肥,拉萨,0.0
合肥,西安,4739.0
合肥,宝鸡,0.0
合肥,兰州,0.0
合肥,西宁,0.0
合肥,银川,0.0
合肥,乌鲁木齐,0.0
合肥,阿克苏,0.0
合肥,喀什,0.0
蚌埠,北京,1351.0
蚌埠,天津,1865.0
蚌埠,石家庄,0.0
蚌埠,唐山,0.0
蚌埠,廊坊,0.0
蚌埠,保定,0.0
蚌埠,太原,0.0
蚌埠,侯马,0.0
蚌埠,呼和浩特,0.0
蚌埠,包头,0.0
蚌埠,沈阳,2340.0
蚌埠,大连,0.0
蚌埠,锦州,0.0
蚌埠,长春,1916.0
蚌埠,哈尔滨,1970.0
蚌埠,上海,2676.0
蚌埠,南京,0.0
蚌埠,常州,0.0
蚌埠,无锡,0.0
蚌埠,苏州,0.0
蚌埠,徐州,0.0
蚌埠,连云港,0.0
蚌埠,淮安,0.0
蚌埠,盐城,0.0
蚌埠,扬州,0.0
蚌埠,南通,0.0
蚌埠,杭州,0.0
蚌埠,湖州,0.0
蚌埠,嘉兴,0.0
蚌埠,宁波,0.0
蚌埠,台州,0.0
蚌埠,金华,532.0
蚌埠,义乌,160.0
蚌埠,温州,0.0
蚌埠,合肥,1373.0
蚌埠,蚌埠,0.0
蚌埠,芜湖,0.0
蚌埠,安庆,0.0
蚌埠,福州,0.0
蚌埠,厦门,0.0
蚌埠,泉州,0.0
蚌埠,南昌,0.0
蚌埠,鹰潭,0.0
蚌埠,赣州,0.0
蚌埠,济南,2596.0
蚌埠,潍坊,0.0
蚌埠,烟台,0.0
蚌埠,青岛,0.0
蚌埠,济宁,0.0
蚌埠,临沂,0.0
蚌埠,郑州,2217.0
蚌埠,漯河,0.0
蚌埠,信阳,0.0
蚌埠,洛阳,0.0
蚌埠,武汉,44878.0
蚌埠,荆州,0.0
蚌埠,襄阳,0.0
蚌埠,长沙,2113.0
蚌埠,常德,0.0
蚌埠,衡阳,0.0
蚌埠,广州,3913.0
蚌埠,汕头,0.0
蚌埠,深圳,0.0
蚌埠,东莞,0.0
蚌埠,湛江,0.0
蚌埠,中山,0.0
蚌埠,南宁,0.0
蚌埠,柳州,0.0
蚌埠,海口,0.0
蚌埠,重庆,0.0
蚌埠,成都,2618.0
蚌埠,南充,0.0
蚌埠,内江,0.0
蚌埠,贵阳,1763.0
蚌埠,昆明,0.0
蚌埠,大理州,0.0
蚌埠,拉萨,0.0
蚌埠,西安,2906.0
蚌埠,宝鸡,0.0
蚌埠,兰州,0.0
蚌埠,西宁,0.0
蚌埠,银川,0.0
蚌埠,乌鲁木齐,0.0
蚌埠,阿克苏,0.0
蚌埠,喀什,0.0
芜湖,北京,755.0
芜湖,天津,0.0
芜湖,石家庄,0.0
芜湖,唐山,0.0
芜湖,廊坊,0.0
芜湖,保定,0.0
芜湖,太原,0.0
芜湖,侯马,0.0
芜湖,呼和浩特,0.0
芜湖,包头,0.0
芜湖,沈阳,0.0
芜湖,大连,0.0
芜湖,锦州,0.0
芜湖,长春,0.0
芜湖,哈尔滨,0.0
芜湖,上海,32426.0
芜湖,南京,0.0
芜湖,常州,0.0
芜湖,无锡,0.0
芜湖,苏州,0.0
芜湖,徐州,0.0
芜湖,连云港,0.0
芜湖,淮安,0.0
芜湖,盐城,0.0
芜湖,扬州,0.0
芜湖,南通,0.0
芜湖,杭州,0.0
芜湖,湖州,0.0
芜湖,嘉兴,0.0
芜湖,宁波,0.0
芜湖,台州,0.0
芜湖,金华,0.0
芜湖,义乌,0.0
芜湖,温州,0.0
芜湖,合肥,0.0
芜湖,蚌埠,0.0
芜湖,芜湖,0.0
芜湖,安庆,0.0
芜湖,福州,0.0
芜湖,厦门,0.0
芜湖,泉州,0.0
芜湖,南昌,0.0
芜湖,鹰潭,0.0
芜湖,赣州,0.0
芜湖,济南,0.0
芜湖,潍坊,0.0
芜湖,烟台,0.0
芜湖,青岛,0.0
芜湖,济宁,0.0
芜湖,临沂,0.0
芜湖,郑州,0.0
芜湖,漯河,0.0
芜湖,信阳,0.0
芜湖,洛阳,0.0
芜湖,武汉,1252.0
芜湖,荆州,0.0
芜湖,襄阳,0.0
芜湖,长沙,0.0
芜湖,常德,0.0
芜湖,衡阳,0.0
芜湖,广州,1916.0
芜湖,汕头,0.0
芜湖,深圳,0.0
芜湖,东莞,0.0
芜湖,湛江,0.0
芜湖,中山,0.0
芜湖,南宁,0.0
芜湖,柳州,0.0
芜湖,海口,0.0
芜湖,重庆,0.0
芜湖,成都,1381.0
芜湖,南充,0.0
芜湖,内江,0.0
芜湖,贵阳,0.0
芜湖,昆明,0.0
芜湖,大理州,0.0
芜湖,拉萨,0.0
芜湖,西安,1363.0
芜湖,宝鸡,0.0
芜湖,兰州,0.0
芜湖,西宁,0.0
芜湖,银川,0.0
芜湖,乌鲁木齐,0.0
芜湖,阿克苏,0.0
芜湖,喀什,0.0
安庆,北京,1009.0
安庆,天津,0.0
安庆,石家庄,0.0
安庆,唐山,0.0
安庆,廊坊,0.0
安庆,保定,0.0
安庆,太原,0.0
安庆,侯马,0.0
安庆,呼和浩特,0.0
安庆,包头,0.0
安庆,沈阳,1707.0
安庆,大连,0.0
安庆,锦州,0.0
安庆,长春,0.0
安庆,哈尔滨,0.0
安庆,上海,2366.0
安庆,南京,0.0
安庆,常州,0.0
安庆,无锡,0.0
安庆,苏州,0.0
安庆,徐州,0.0
安庆,连云港,0.0
安庆,淮安,0.0
安庆,盐城,0.0
安庆,扬州,0.0
安庆,南通,0.0
安庆,杭州,0.0
安庆,湖州,0.0
安庆,嘉兴,0.0
安庆,宁波,0.0
安庆,台州,0.0
安庆,金华,0.0
安庆,义乌,0.0
安庆,温州,0.0
安庆,合肥,0.0
安庆,蚌埠,0.0
安庆,芜湖,0.0
安庆,安庆,0.0
安庆,福州,0.0
安庆,厦门,0.0
安庆,泉州,0.0
安庆,南昌,0.0
安庆,鹰潭,0.0
安庆,赣州,0.0
安庆,济南,1852.0
安庆,潍坊,0.0
安庆,烟台,0.0
安庆,青岛,0.0
安庆,济宁,0.0
安庆,临沂,0.0
安庆,郑州,0.0
安庆,漯河,0.0
安庆,信阳,0.0
安庆,洛阳,0.0
安庆,武汉,50258.0
安庆,荆州,0.0
安庆,襄阳,0.0
安庆,长沙,0.0
安庆,常德,0.0
安庆,衡阳,0.0
安庆,广州,3514.0
安庆,汕头,0.0
安庆,深圳,0.0
安庆,东莞,0.0
安庆,湛江,0.0
安庆,中山,0.0
安庆,南宁,0.0
安庆,柳州,0.0
安庆,海口,0.0
安庆,重庆,0.0
安庆,成都,2143.0
安庆,南充,0.0
安庆,内江,0.0
安庆,贵阳,0.0
安庆,昆明,0.0
安庆,大理州,0.0
安庆,拉萨,0.0
安庆,西安,2217.0
安庆,宝鸡,0.0
安庆,兰州,0.0
安庆,西宁,0.0
安庆,银川,0.0
安庆,乌鲁木齐,0.0
安庆,阿克苏,0.0
安庆,喀什,0.0
福州,北京,2521.0
福州,天津,0.0
福州,石家庄,0.0
福州,唐山,0.0
福州,廊坊,0.0
福州,保定,0.0
福州,太原,0.0
福州,侯马,0.0
福州,呼和浩特,0.0
福州,包头,0.0
福州,沈阳,1221.0
福州,大连,0.0
福州,锦州,0.0
福州,长春,0.0
福州,哈尔滨,0.0
福州,上海,34733.0
福州,南京,0.0
福州,常州,0.0
福州,无锡,0.0
福州,苏州,0.0
福州,徐州,594.0
福州,连云港,0.0
福州,淮安,0.0
福州,盐城,0.0
福州,扬州,0.0
福州,南通,0.0
福州,杭州,1338.0
福州,湖州,0.0
福州,嘉兴,0.0
福州,宁波,0.0
福州,台州,0.0
福州,金华,504.0
福州,义乌,179.0
福州,温州,0.0
福州,合肥,873.0
福州,蚌埠,0.0
福州,芜湖,0.0
福州,安庆,0.0
福州,福州,0.0
福州,厦门,1595.0
福州,泉州,1047.0
福州,南昌,1298.0
福州,鹰潭,0.0
福州,赣州,0.0
福州,济南,0.0
福州,潍坊,0.0
福州,烟台,0.0
福州,青岛,0.0
福州,济宁,0.0
福州,临沂,0.0
福州,郑州,1237.0
福州,漯河,0.0
福州,信阳,0.0
福州,洛阳,0.0
福州,武汉,1730.0
福州,荆州,0.0
福州,襄阳,0.0
福州,长沙,1838.0
福州,常德,0.0
福州,衡阳,0.0
福州,广州,4098.0
福州,汕头,0.0
福州,深圳,0.0
福州,东莞,0.0
福州,湛江,0.0
福州,中山,0.0
福州,南宁,0.0
福州,柳州,0.0
福州,海口,0.0
福州,重庆,0.0
福州,成都,1782.0
福州,南充,0.0
福州,内江,0.0
福州,贵阳,0.0
福州,昆明,0.0
福州,大理州,0.0
福州,拉萨,0.0
福州,西安,1351.0
福州,宝鸡,0.0
福州,兰州,0.0
福州,西宁,0.0
福州,银川,0.0
福州,乌鲁木齐,0.0
福州,阿克苏,0.0
福州,喀什,0.0
厦门,北京,2695.0
厦门,天津,0.0
厦门,石家庄,0.0
厦门,唐山,0.0
厦门,廊坊,0.0
厦门,保定,0.0
厦门,太原,0.0
厦门,侯马,0.0
厦门,呼和浩特,0.0
厦门,包头,0.0
厦门,沈阳,1589.0
厦门,大连,0.0
厦门,锦州,0.0
厦门,长春,0.0
厦门,哈尔滨,0.0
厦门,上海,3478.0
厦门,南京,0.0
厦门,常州,0.0
厦门,无锡,0.0
厦门,苏州,0.0
厦门,徐州,810.0
厦门,连云港,0.0
厦门,淮安,0.0
厦门,盐城,0.0
厦门,扬州,0.0
厦门,南通,0.0
厦门,杭州,0.0
厦门,湖州,0.0
厦门,嘉兴,0.0
厦门,宁波,0.0
厦门,台州,0.0
厦门,金华,661.0
厦门,义乌,218.0
厦门,温州,0.0
厦门,合肥,0.0
厦门,蚌埠,0.0
厦门,芜湖,0.0
厦门,安庆,0.0
厦门,福州,3242.0
厦门,厦门,0.0
厦门,泉州,1700.0
厦门,南昌,0.0
厦门,鹰潭,0.0
厦门,赣州,0.0
厦门,济南,0.0
厦门,潍坊,0.0
厦门,烟台,0.0
厦门,青岛,0.0
厦门,济宁,0.0
厦门,临沂,0.0
厦门,郑州,1143.0
厦门,漯河,0.0
厦门,信阳,0.0
厦门,洛阳,0.0
厦门,武汉,2245.0
厦门,荆州,0.0
厦门,襄阳,0.0
厦门,长沙,0.0
厦门,常德,0.0
厦门,衡阳,0.0
厦门,广州,45275.0
厦门,汕头,0.0
厦门,深圳,2215.0
厦门,东莞,0.0
厦门,湛江,0.0
厦门,中山,0.0
厦门,南宁,0.0
厦门,柳州,0.0
厦门,海口,0.0
厦门,重庆,0.0
厦门,成都,2356.0
厦门,南充,0.0
厦门,内江,0.0
厦门,贵阳,0.0
厦门,昆明,0.0
厦门,大理州,0.0
厦门,拉萨,0.0
厦门,西安,1875.0
厦门,宝鸡,0.0
厦门,兰州,0.0
厦门,西宁,0.0
厦门,银川,0.0
厦门,乌鲁木齐,0.0
厦门,阿克苏,0.0
厦门,喀什,0.0
泉州,北京,3549.0
泉州,天津,0.0
泉州,石家庄,0.0
泉州,唐山,0.0
泉州,廊坊,0.0
泉州,保定,0.0
泉州,太原,0.0
泉州,侯马,0.0
泉州,呼和浩特,0.0
泉州,包头,0.0
泉州,沈阳,2224.0
泉州,大连,0.0
泉州,锦州,0.0
泉州,长春,0.0
泉州,哈尔滨,0.0
泉州,上海,2970.0
泉州,南京,0.0
泉州,常州,0.0
泉州,无锡,0.0
泉州,苏州,0.0
泉州,徐州,0.0
泉州,连云港,0.0
泉州,淮安,0.0
泉州,盐城,0.0
泉州,扬州,0.0
泉州,南通,0.0
泉州,杭州,0.0
泉州,湖州,0.0
泉州,嘉兴,0.0
泉州,宁波,0.0
泉州,台州,0.0
泉州,金华,661.0
泉州,义乌,210.0
泉州,温州,0.0
泉州,合肥,0.0
泉州,蚌埠,0.0
泉州,芜湖,0.0
泉州,安庆,0.0
泉州,福州,4393.0
泉州,厦门,2953.0
泉州,泉州,0.0
泉州,南昌,0.0
泉州,鹰潭,0.0
泉州,赣州,0.0
泉州,济南,2267.0
泉州,潍坊,0.0
泉州,烟台,0.0
泉州,青岛,0.0
泉州,济宁,0.0
泉州,临沂,0.0
泉州,郑州,0.0
泉州,漯河,0.0
泉州,信阳,0.0
泉州,洛阳,0.0
泉州,武汉,2577.0
泉州,荆州,0.0
泉州,襄阳,0.0
泉州,长沙,2334.0
泉州,常德,0.0
泉州,衡阳,0.0
泉州,广州,55418.0
泉州,汕头,2527.0
泉州,深圳,3792.0
泉州,东莞,2735.0
泉州,湛江,0.0
泉州,中山,2833.0
泉州,南宁,0.0
泉州,柳州,0.0
泉州,海口,0.0
泉州,重庆,0.0
泉州,成都,3387.0
泉州,南充,0.0
泉州,内江,0.0
泉州,贵阳,0.0
泉州,昆明,0.0
泉州,大理州,0.0
泉州,拉萨,0.0
泉州,西安,3685.0
泉州,宝鸡,0.0
泉州,兰州,0.0
泉州,西宁,0.0
泉州,银川,0.0
泉州,乌鲁木齐,0.0
泉州,阿克苏,0.0
泉州,喀什,0.0
南昌,北京,2474.0
南昌,天津,0.0
南昌,石家庄,0.0
南昌,唐山,0.0
南昌,廊坊,0.0
南昌,保定,0.0
南昌,太原,0.0
南昌,侯马,0.0
南昌,呼和浩特,0.0
南昌,包头,0.0
南昌,沈阳,1624.0
南昌,大连,0.0
南昌,锦州,0.0
南昌,长春,0.0
南昌,哈尔滨,0.0
南昌,上海,3742.0
南昌,南京,0.0
南昌,常州,0.0
南昌,无锡,0.0
南昌,苏州,0.0
南昌,徐州,1081.0
南昌,连云港,0.0
南昌,淮安,0.0
南昌,盐城,0.0
南昌,扬州,0.0
南昌,南通,0.0
南昌,杭州,2294.0
南昌,湖州,0.0
南昌,嘉兴,0.0
南昌,宁波,0.0
南昌,台州,0.0
南昌,金华,891.0
南昌,义乌,320.0
南昌,温州,0.0
南昌,合肥,1587.0
南昌,蚌埠,0.0
南昌,芜湖,0.0
南昌,安庆,0.0
南昌,福州,2003.0
南昌,厦门,0.0
南昌,泉州,0.0
南昌,南昌,0.0
南昌,鹰潭,0.0
南昌,赣州,0.0
南昌,济南,2659.0
南昌,潍坊,0.0
南昌,烟台,0.0
南昌,青岛,0.0
南昌,济宁,0.0
南昌,临沂,0.0
南昌,郑州,2366.0
南昌,漯河,0.0
南昌,信阳,0.0
南昌,洛阳,0.0
南昌,武汉,49407.0
南昌,荆州,0.0
南昌,襄阳,0.0
南昌,长沙,2841.0
南昌,常德,0.0
南昌,衡阳,0.0
南昌,广州,5976.0
南昌,汕头,0.0
南昌,深圳,2541.0
南昌,东莞,0.0
南昌,湛江,0.0
南昌,中山,0.0
南昌,南宁,1990.0
南昌,柳州,0.0
南昌,海口,0.0
南昌,重庆,1932.0
南昌,成都,3469.0
南昌,南充,0.0
南昌,内江,0.0
南昌,贵阳,2122.0
南昌,昆明,1848.0
南昌,大理州,0.0
南昌,拉萨,0.0
南昌,西安,3409.0
南昌,宝鸡,0.0
南昌,兰州,0.0
南昌,西宁,0.0
南昌,银川,0.0
南昌,乌鲁木齐,0.0
南昌,阿克苏,0.0
南昌,喀什,0.0
鹰潭,北京,0.0
鹰潭,天津,0.0
鹰潭,石家庄,0.0
鹰潭,唐山,0.0
鹰潭,廊坊,0.0
鹰潭,保定,0.0
鹰潭,太原,0.0
鹰潭,侯马,0.0
鹰潭,呼和浩特,0.0
鹰潭,包头,0.0
鹰潭,沈阳,0.0
鹰潭,大连,0.0
鹰潭,锦州,0.0
鹰潭,长春,0.0
鹰潭,哈尔滨,0.0
鹰潭,上海,397.0
鹰潭,南京,0.0
鹰潭,常州,0.0
鹰潭,无锡,0.0
鹰潭,苏州,0.0
鹰潭,徐州,0.0
鹰潭,连云港,0.0
鹰潭,淮安,0.0
鹰潭,盐城,0.0
鹰潭,扬州,0.0
鹰潭,南通,0.0
鹰潭,杭州,0.0
鹰潭,湖州,0.0
鹰潭,嘉兴,0.0
鹰潭,宁波,0.0
鹰潭,台州,0.0
鹰潭,金华,0.0
鹰潭,义乌,0.0
鹰潭,温州,0.0
鹰潭,合肥,0.0
鹰潭,蚌埠,0.0
鹰潭,芜湖,0.0
鹰潭,安庆,0.0
鹰潭,福州,0.0
鹰潭,厦门,0.0
鹰潭,泉州,0.0
鹰潭,南昌,0.0
鹰潭,鹰潭,0.0
鹰潭,赣州,0.0
鹰潭,济南,0.0
鹰潭,潍坊,0.0
鹰潭,烟台,0.0
鹰潭,青岛,0.0
鹰潭,济宁,0.0
鹰潭,临沂,0.0
鹰潭,郑州,0.0
鹰潭,漯河,0.0
鹰潭,信阳,0.0
鹰潭,洛阳,0.0
鹰潭,武汉,10754.0
鹰潭,荆州,0.0
鹰潭,襄阳,0.0
鹰潭,长沙,0.0
鹰潭,常德,0.0
鹰潭,衡阳,0.0
鹰潭,广州,0.0
鹰潭,汕头,0.0
鹰潭,深圳,0.0
鹰潭,东莞,0.0
鹰潭,湛江,0.0
鹰潭,中山,0.0
鹰潭,南宁,0.0
鹰潭,柳州,0.0
鹰潭,海口,0.0
鹰潭,重庆,0.0
鹰潭,成都,0.0
鹰潭,南充,0.0
鹰潭,内江,0.0
鹰潭,贵阳,0.0
鹰潭,昆明,0.0
鹰潭,大理州,0.0
鹰潭,拉萨,0.0
鹰潭,西安,0.0
鹰潭,宝鸡,0.0
鹰潭,兰州,0.0
鹰潭,西宁,0.0
鹰潭,银川,0.0
鹰潭,乌鲁木齐,0.0
鹰潭,阿克苏,0.0
鹰潭,喀什,0.0
赣州,北京,1511.0
赣州,天津,0.0
赣州,石家庄,0.0
赣州,唐山,0.0
赣州,廊坊,0.0
赣州,保定,0.0
赣州,太原,0.0
赣州,侯马,0.0
赣州,呼和浩特,0.0
赣州,包头,0.0
赣州,沈阳,0.0
赣州,大连,0.0
赣州,锦州,0.0
赣州,长春,0.0
赣州,哈尔滨,0.0
赣州,上海,843.0
赣州,南京,0.0
赣州,常州,0.0
赣州,无锡,0.0
赣州,苏州,0.0
赣州,徐州,0.0
赣州,连云港,0.0
赣州,淮安,0.0
赣州,盐城,0.0
赣州,扬州,0.0
赣州,南通,0.0
赣州,杭州,0.0
赣州,湖州,0.0
赣州,嘉兴,0.0
赣州,宁波,0.0
赣州,台州,0.0
赣州,金华,0.0
赣州,义乌,0.0
赣州,温州,0.0
赣州,合肥,0.0
赣州,蚌埠,0.0
赣州,芜湖,0.0
赣州,安庆,0.0
赣州,福州,0.0
赣州,厦门,0.0
赣州,泉州,0.0
赣州,南昌,0.0
赣州,鹰潭,0.0
赣州,赣州,0.0
赣州,济南,0.0
赣州,潍坊,0.0
赣州,烟台,0.0
赣州,青岛,0.0
赣州,济宁,0.0
赣州,临沂,0.0
赣州,郑州,0.0
赣州,漯河,0.0
赣州,信阳,0.0
赣州,洛阳,0.0
赣州,武汉,922.0
赣州,荆州,0.0
赣州,襄阳,0.0
赣州,长沙,0.0
赣州,常德,0.0
赣州,衡阳,0.0
赣州,广州,26437.0
赣州,汕头,0.0
赣州,深圳,0.0
赣州,东莞,0.0
赣州,湛江,0.0
赣州,中山,0.0
赣州,南宁,0.0
赣州,柳州,0.0
赣州,海口,0.0
赣州,重庆,0.0
赣州,成都,1202.0
赣州,南充,0.0
赣州,内江,0.0
赣州,贵阳,0.0
赣州,昆明,0.0
赣州,大理州,0.0
赣州,拉萨,0.0
赣州,西安,976.0
赣州,宝鸡,0.0
赣州,兰州,0.0
赣州,西宁,0.0
赣州,银川,0.0
赣州,乌鲁木齐,0.0
赣州,阿克苏,0.0
赣州,喀什,0.0
济南,北京,42594.0
济南,天津,3094.0
济南,石家庄,2867.0
济南,唐山,0.0
济南,廊坊,0.0
济南,保定,0.0
济南,太原,2368.0
济南,侯马,0.0
济南,呼和浩特,2287.0
济南,包头,0.0
济南,沈阳,3827.0
济南,大连,0.0
济南,锦州,0.0
济南,长春,2299.0
济南,哈尔滨,3267.0
济南,上海,4269.0
济南,南京,1412.0
济南,常州,784.0
济南,无锡,0.0
济南,苏州,0.0
济南,徐州,1237.0
济南,连云港,0.0
济南,淮安,0.0
济南,盐城,0.0
济南,扬州,0.0
济南,南通,538.0
济南,杭州,1811.0
济南,湖州,0.0
济南,嘉兴,0.0
济南,宁波,1034.0
济南,台州,506.0
济南,金华,693.0
济南,义乌,239.0
济南,温州,0.0
济南,合肥,1517.0
济南,蚌埠,864.0
济南,芜湖,0.0
济南,安庆,455.0
济南,福州,0.0
济南,厦门,0.0
济南,泉州,690.0
济南,南昌,1495.0
济南,鹰潭,0.0
济南,赣州,0.0
济南,济南,0.0
济南,潍坊,0.0
济南,烟台,0.0
济南,青岛,3347.0
济南,济宁,0.0
济南,临沂,0.0
济南,郑州,3472.0
济南,漯河,0.0
济南,信阳,0.0
济南,洛阳,971.0
济南,武汉,3768.0
济南,荆州,0.0
济南,襄阳,0.0
济南,长沙,2197.0
济南,常德,0.0
济南,衡阳,0.0
济南,广州,4472.0
济南,汕头,0.0
济南,深圳,0.0
济南,东莞,0.0
济南,湛江,0.0
济南,中山,0.0
济南,南宁,0.0
济南,柳州,0.0
济南,海口,0.0
济南,重庆,1852.0
济南,成都,4109.0
济南,南充,0.0
济南,内江,0.0
济南,贵阳,2408.0
济南,昆明,0.0
济南,大理州,0.0
济南,拉萨,0.0
济南,西安,5165.0
济南,宝鸡,0.0
济南,兰州,2274.0
济南,西宁,0.0
济南,银川,0.0
济南,乌鲁木齐,0.0
济南,阿克苏,0.0
济南,喀什,0.0
潍坊,北京,17567.0
潍坊,天津,0.0
潍坊,石家庄,0.0
潍坊,唐山,0.0
潍坊,廊坊,0.0
潍坊,保定,0.0
潍坊,太原,0.0
潍坊,侯马,0.0
潍坊,呼和浩特,0.0
潍坊,包头,0.0
潍坊,沈阳,0.0
潍坊,大连,0.0
潍坊,锦州,0.0
潍坊,长春,0.0
潍坊,哈尔滨,0.0
潍坊,上海,918.0
潍坊,南京,0.0
潍坊,常州,0.0
潍坊,无锡,0.0
潍坊,苏州,0.0
潍坊,徐州,0.0
潍坊,连云港,0.0
潍坊,淮安,0.0
潍坊,盐城,0.0
潍坊,扬州,0.0
潍坊,南通,0.0
潍坊,杭州,0.0
潍坊,湖州,0.0
潍坊,嘉兴,0.0
潍坊,宁波,0.0
潍坊,台州,0.0
潍坊,金华,0.0
潍坊,义乌,46.0
潍坊,温州,0.0
潍坊,合肥,0.0
潍坊,蚌埠,0.0
潍坊,芜湖,0.0
潍坊,安庆,0.0
潍坊,福州,0.0
潍坊,厦门,0.0
潍坊,泉州,0.0
潍坊,南昌,0.0
潍坊,鹰潭,0.0
潍坊,赣州,0.0
潍坊,济南,0.0
潍坊,潍坊,0.0
潍坊,烟台,0.0
潍坊,青岛,0.0
潍坊,济宁,0.0
潍坊,临沂,0.0
潍坊,郑州,0.0
潍坊,漯河,0.0
潍坊,信阳,0.0
潍坊,洛阳,0.0
潍坊,武汉,650.0
潍坊,荆州,0.0
潍坊,襄阳,0.0
潍坊,长沙,0.0
潍坊,常德,0.0
潍坊,衡阳,0.0
潍坊,广州,819.0
潍坊,汕头,0.0
潍坊,深圳,0.0
潍坊,东莞,0.0
潍坊,湛江,0.0
潍坊,中山,0.0
潍坊,南宁,0.0
潍坊,柳州,0.0
潍坊,海口,0.0
潍坊,重庆,0.0
潍坊,成都,0.0
潍坊,南充,0.0
潍坊,内江,0.0
潍坊,贵阳,0.0
潍坊,昆明,0.0
潍坊,大理州,0.0
潍坊,拉萨,0.0
潍坊,西安,849.0
潍坊,宝鸡,0.0
潍坊,兰州,0.0
潍坊,西宁,0.0
潍坊,银川,0.0
潍坊,乌鲁木齐,0.0
潍坊,阿克苏,0.0
潍坊,喀什,0.0
烟台,北京,14500.0
烟台,天津,0.0
烟台,石家庄,0.0
烟台,唐山,0.0
烟台,廊坊,0.0
烟台,保定,0.0
烟台,太原,0.0
烟台,侯马,0.0
烟台,呼和浩特,0.0
烟台,包头,0.0
烟台,沈阳,0.0
烟台,大连,0.0
烟台,锦州,0.0
烟台,长春,0.0
烟台,哈尔滨,0.0
烟台,上海,744.0
烟台,南京,0.0
烟台,常州,0.0
烟台,无锡,0.0
烟台,苏州,0.0
烟台,徐州,0.0
烟台,连云港,0.0
烟台,淮安,0.0
烟台,盐城,0.0
烟台,扬州,0.0
烟台,南通,0.0
烟台,杭州,0.0
烟台,湖州,0.0
烟台,嘉兴,0.0
烟台,宁波,0.0
烟台,台州,0.0
烟台,金华,0.0
烟台,义乌,0.0
烟台,温州,0.0
烟台,合肥,0.0
烟台,蚌埠,0.0
烟台,芜湖,0.0
烟台,安庆,0.0
烟台,福州,0.0
烟台,厦门,0.0
烟台,泉州,0.0
烟台,南昌,0.0
烟台,鹰潭,0.0
烟台,赣州,0.0
烟台,济南,0.0
烟台,潍坊,0.0
烟台,烟台,0.0
烟台,青岛,0.0
烟台,济宁,0.0
烟台,临沂,0.0
烟台,郑州,0.0
烟台,漯河,0.0
烟台,信阳,0.0
烟台,洛阳,0.0
烟台,武汉,592.0
烟台,荆州,0.0
烟台,襄阳,0.0
烟台,长沙,0.0
烟台,常德,0.0
烟台,衡阳,0.0
烟台,广州,0.0
烟台,汕头,0.0
烟台,深圳,0.0
烟台,东莞,0.0
烟台,湛江,0.0
烟台,中山,0.0
烟台,南宁,0.0
烟台,柳州,0.0
烟台,海口,0.0
烟台,重庆,0.0
烟台,成都,0.0
烟台,南充,0.0
烟台,内江,0.0
烟台,贵阳,0.0
烟台,昆明,0.0
烟台,大理州,0.0
烟台,拉萨,0.0
烟台,西安,0.0
烟台,宝鸡,0.0
烟台,兰州,0.0
烟台,西宁,0.0
烟台,银川,0.0
烟台,乌鲁木齐,0.0
烟台,阿克苏,0.0
烟台,喀什,0.0
青岛,北京,18223.0
青岛,天津,0.0
青岛,石家庄,0.0
青岛,唐山,0.0
青岛,廊坊,0.0
青岛,保定,0.0
青岛,太原,0.0
青岛,侯马,0.0
青岛,呼和浩特,0.0
青岛,包头,0.0
青岛,沈阳,770.0
青岛,大连,0.0
青岛,锦州,0.0
青岛,长春,0.0
青岛,哈尔滨,0.0
青岛,上海,1144.0
青岛,南京,0.0
青岛,常州,0.0
青岛,无锡,0.0
青岛,苏州,0.0
青岛,徐州,287.0
青岛,连云港,0.0
青岛,淮安,0.0
青岛,盐城,0.0
青岛,扬州,0.0
青岛,南通,0.0
青岛,杭州,0.0
青岛,湖州,0.0
青岛,嘉兴,0.0
青岛,宁波,0.0
青岛,台州,0.0
青岛,金华,196.0
青岛,义乌,60.0
青岛,温州,0.0
青岛,合肥,336.0
青岛,蚌埠,0.0
青岛,芜湖,0.0
青岛,安庆,0.0
青岛,福州,0.0
青岛,厦门,0.0
青岛,泉州,0.0
青岛,南昌,0.0
青岛,鹰潭,0.0
青岛,赣州,0.0
青岛,济南,1239.0
青岛,潍坊,0.0
青岛,烟台,0.0
青岛,青岛,0.0
青岛,济宁,0.0
青岛,临沂,0.0
青岛,郑州,618.0
青岛,漯河,0.0
青岛,信阳,0.0
青岛,洛阳,0.0
青岛,武汉,795.0
青岛,荆州,0.0
青岛,襄阳,0.0
青岛,长沙,0.0
青岛,常德,0.0
青岛,衡阳,0.0
青岛,广州,993.0
青岛,汕头,0.0
青岛,深圳,0.0
青岛,东莞,0.0
青岛,湛江,0.0
青岛,中山,0.0
青岛,南宁,0.0
青岛,柳州,0.0
青岛,海口,0.0
青岛,重庆,0.0
青岛,成都,0.0
青岛,南充,0.0
青岛,内江,0.0
青岛,贵阳,0.0
青岛,昆明,0.0
青岛,大理州,0.0
青岛,拉萨,0.0
青岛,西安,0.0
青岛,宝鸡,0.0
青岛,兰州,0.0
青岛,西宁,0.0
青岛,银川,0.0
青岛,乌鲁木齐,0.0
青岛,阿克苏,0.0
青岛,喀什,0.0
济宁,北京,22803.0
济宁,天津,0.0
济宁,石家庄,0.0
济宁,唐山,0.0
济宁,廊坊,0.0
济宁,保定,0.0
济宁,太原,0.0
济宁,侯马,0.0
济宁,呼和浩特,0.0
济宁,包头,0.0
济宁,沈阳,0.0
济宁,大连,0.0
济宁,锦州,0.0
济宁,长春,0.0
济宁,哈尔滨,0.0
济宁,上海,1057.0
济宁,南京,0.0
济宁,常州,0.0
济宁,无锡,0.0
济宁,苏州,0.0
济宁,徐州,0.0
济宁,连云港,0.0
济宁,淮安,0.0
济宁,盐城,0.0
济宁,扬州,0.0
济宁,南通,0.0
济宁,杭州,0.0
济宁,湖州,0.0
济宁,嘉兴,0.0
济宁,宁波,0.0
济宁,台州,0.0
济宁,金华,0.0
济宁,义乌,55.0
济宁,温州,0.0
济宁,合肥,0.0
济宁,蚌埠,0.0
济宁,芜湖,0.0
济宁,安庆,0.0
济宁,福州,0.0
济宁,厦门,0.0
济宁,泉州,0.0
济宁,南昌,0.0
济宁,鹰潭,0.0
济宁,赣州,0.0
济宁,济南,0.0
济宁,潍坊,0.0
济宁,烟台,0.0
济宁,青岛,0.0
济宁,济宁,0.0
济宁,临沂,0.0
济宁,郑州,0.0
济宁,漯河,0.0
济宁,信阳,0.0
济宁,洛阳,0.0
济宁,武汉,1008.0
济宁,荆州,0.0
济宁,襄阳,0.0
济宁,长沙,0.0
济宁,常德,0.0
济宁,衡阳,0.0
济宁,广州,1147.0
济宁,汕头,0.0
济宁,深圳,0.0
济宁,东莞,0.0
济宁,湛江,0.0
济宁,中山,0.0
济宁,南宁,0.0
济宁,柳州,0.0
济宁,海口,0.0
济宁,重庆,0.0
济宁,成都,0.0
济宁,南充,0.0
济宁,内江,0.0
济宁,贵阳,0.0
济宁,昆明,0.0
济宁,大理州,0.0
济宁,拉萨,0.0
济宁,西安,1094.0
济宁,宝鸡,0.0
济宁,兰州,0.0
济宁,西宁,0.0
济宁,银川,0.0
济宁,乌鲁木齐,0.0
济宁,阿克苏,0.0
济宁,喀什,0.0
临沂,北京,910.0
临沂,天津,0.0
临沂,石家庄,0.0
临沂,唐山,0.0
临沂,廊坊,0.0
临沂,保定,0.0
临沂,太原,0.0
临沂,侯马,0.0
临沂,呼和浩特,0.0
临沂,包头,0.0
临沂,沈阳,0.0
临沂,大连,0.0
临沂,锦州,0.0
临沂,长春,0.0
临沂,哈尔滨,0.0
临沂,上海,15531.0
临沂,南京,0.0
临沂,常州,0.0
临沂,无锡,0.0
临沂,苏州,0.0
临沂,徐州,0.0
临沂,连云港,0.0
临沂,淮安,0.0
临沂,盐城,0.0
临沂,扬州,0.0
临沂,南通,0.0
临沂,杭州,0.0
临沂,湖州,0.0
临沂,嘉兴,0.0
临沂,宁波,0.0
临沂,台州,0.0
临沂,金华,0.0
临沂,义乌,39.0
临沂,温州,0.0
临沂,合肥,0.0
临沂,蚌埠,0.0
临沂,芜湖,0.0
临沂,安庆,0.0
临沂,福州,0.0
临沂,厦门,0.0
临沂,泉州,0.0
临沂,南昌,0.0
临沂,鹰潭,0.0
临沂,赣州,0.0
临沂,济南,0.0
临沂,潍坊,0.0
临沂,烟台,0.0
临沂,青岛,0.0
临沂,济宁,0.0
临沂,临沂,0.0
临沂,郑州,0.0
临沂,漯河,0.0
临沂,信阳,0.0
临沂,洛阳,0.0
临沂,武汉,484.0
临沂,荆州,0.0
临沂,襄阳,0.0
临沂,长沙,0.0
临沂,常德,0.0
临沂,衡阳,0.0
临沂,广州,755.0
临沂,汕头,0.0
临沂,深圳,0.0
临沂,东莞,0.0
临沂,湛江,0.0
临沂,中山,0.0
临沂,南宁,0.0
临沂,柳州,0.0
临沂,海口,0.0
临沂,重庆,0.0
临沂,成都,0.0
临沂,南充,0.0
临沂,内江,0.0
临沂,贵阳,0.0
临沂,昆明,0.0
临沂,大理州,0.0
临沂,拉萨,0.0
临沂,西安,699.0
临沂,宝鸡,0.0
临沂,兰州,0.0
临沂,西宁,0.0
临沂,银川,0.0
临沂,乌鲁木齐,0.0
临沂,阿克苏,0.0
临沂,喀什,0.0
郑州,北京,11575.0
郑州,天津,4605.0
郑州,石家庄,4878.0
郑州,唐山,0.0
郑州,廊坊,0.0
郑州,保定,0.0
郑州,太原,4394.0
郑州,侯马,2422.0
郑州,呼和浩特,2399.0
郑州,包头,0.0
郑州,沈阳,7955.0
郑州,大连,0.0
郑州,锦州,0.0
郑州,长春,4236.0
郑州,哈尔滨,5794.0
郑州,上海,7304.0
郑州,南京,2454.0
郑州,常州,1465.0
郑州,无锡,0.0
郑州,苏州,2793.0
郑州,徐州,2176.0
郑州,连云港,0.0
郑州,淮安,0.0
郑州,盐城,0.0
郑州,扬州,0.0
郑州,南通,0.0
郑州,杭州,3413.0
郑州,湖州,0.0
郑州,嘉兴,0.0
郑州,宁波,2014.0
郑州,台州,994.0
郑州,金华,1429.0
郑州,义乌,448.0
郑州,温州,0.0
郑州,合肥,2955.0
郑州,蚌埠,1873.0
郑州,芜湖,0.0
郑州,安庆,0.0
郑州,福州,3098.0
郑州,厦门,2025.0
郑州,泉州,0.0
郑州,南昌,3933.0
郑州,鹰潭,0.0
郑州,赣州,0.0
郑州,济南,7210.0
郑州,潍坊,0.0
郑州,烟台,0.0
郑州,青岛,3193.0
郑州,济宁,0.0
郑州,临沂,0.0
郑州,郑州,0.0
郑州,漯河,2775.0
郑州,信阳,2890.0
郑州,洛阳,2174.0
郑州,武汉,9043.0
郑州,荆州,0.0
郑州,襄阳,0.0
郑州,长沙,5385.0
郑州,常德,0.0
郑州,衡阳,0.0
郑州,广州,10594.0
郑州,汕头,2280.0
郑州,深圳,3244.0
郑州,东莞,2615.0
郑州,湛江,0.0
郑州,中山,2497.0
郑州,南宁,4075.0
郑州,柳州,0.0
郑州,海口,0.0
郑州,重庆,3262.0
郑州,成都,7014.0
郑州,南充,0.0
郑州,内江,0.0
郑州,贵阳,4216.0
郑州,昆明,2163.0
郑州,大理州,0.0
郑州,拉萨,0.0
郑州,西安,35978.0
郑州,宝鸡,0.0
郑州,兰州,2446.0
郑州,西宁,0.0
郑州,银川,0.0
郑州,乌鲁木齐,0.0
郑州,阿克苏,0.0
郑州,喀什,0.0
漯河,北京,1873.0
漯河,天津,0.0
漯河,石家庄,0.0
漯河,唐山,0.0
漯河,廊坊,0.0
漯河,保定,0.0
漯河,太原,0.0
漯河,侯马,0.0
漯河,呼和浩特,0.0
漯河,包头,0.0
漯河,沈阳,1435.0
漯河,大连,0.0
漯河,锦州,0.0
漯河,长春,0.0
漯河,哈尔滨,0.0
漯河,上海,1526.0
漯河,南京,0.0
漯河,常州,0.0
漯河,无锡,0.0
漯河,苏州,0.0
漯河,徐州,532.0
漯河,连云港,0.0
漯河,淮安,0.0
漯河,盐城,0.0
漯河,扬州,0.0
漯河,南通,0.0
漯河,杭州,0.0
漯河,湖州,0.0
漯河,嘉兴,0.0
漯河,宁波,0.0
漯河,台州,0.0
漯河,金华,368.0
漯河,义乌,123.0
漯河,温州,0.0
漯河,合肥,0.0
漯河,蚌埠,0.0
漯河,芜湖,0.0
漯河,安庆,0.0
漯河,福州,0.0
漯河,厦门,0.0
漯河,泉州,0.0
漯河,南昌,0.0
漯河,鹰潭,0.0
漯河,赣州,0.0
漯河,济南,0.0
漯河,潍坊,0.0
漯河,烟台,0.0
漯河,青岛,0.0
漯河,济宁,0.0
漯河,临沂,0.0
漯河,郑州,1921.0
漯河,漯河,0.0
漯河,信阳,0.0
漯河,洛阳,0.0
漯河,武汉,37728.0
漯河,荆州,0.0
漯河,襄阳,0.0
漯河,长沙,0.0
漯河,常德,0.0
漯河,衡阳,0.0
漯河,广州,2098.0
漯河,汕头,0.0
漯河,深圳,0.0
漯河,东莞,0.0
漯河,湛江,0.0
漯河,中山,0.0
漯河,南宁,0.0
漯河,柳州,0.0
漯河,海口,0.0
漯河,重庆,0.0
漯河,成都,1747.0
漯河,南充,0.0
漯河,内江,0.0
漯河,贵阳,0.0
漯河,昆明,0.0
漯河,大理州,0.0
漯河,拉萨,0.0
漯河,西安,2073.0
漯河,宝鸡,0.0
漯河,兰州,0.0
漯河,西宁,0.0
漯河,银川,0.0
漯河,乌鲁木齐,0.0
漯河,阿克苏,0.0
漯河,喀什,0.0
信阳,北京,1610.0
信阳,天津,0.0
信阳,石家庄,0.0
信阳,唐山,0.0
信阳,廊坊,0.0
信阳,保定,0.0
信阳,太原,0.0
信阳,侯马,0.0
信阳,呼和浩特,0.0
信阳,包头,0.0
信阳,沈阳,0.0
信阳,大连,0.0
信阳,锦州,0.0
信阳,长春,0.0
信阳,哈尔滨,0.0
信阳,上海,1286.0
信阳,南京,0.0
信阳,常州,0.0
信阳,无锡,0.0
信阳,苏州,0.0
信阳,徐州,305.0
信阳,连云港,0.0
信阳,淮安,0.0
信阳,盐城,0.0
信阳,扬州,0.0
信阳,南通,0.0
信阳,杭州,0.0
信阳,湖州,0.0
信阳,嘉兴,0.0
信阳,宁波,0.0
信阳,台州,0.0
信阳,金华,226.0
信阳,义乌,72.0
信阳,温州,0.0
信阳,合肥,0.0
信阳,蚌埠,0.0
信阳,芜湖,0.0
信阳,安庆,0.0
信阳,福州,0.0
信阳,厦门,0.0
信阳,泉州,0.0
信阳,南昌,0.0
信阳,鹰潭,0.0
信阳,赣州,0.0
信阳,济南,0.0
信阳,潍坊,0.0
信阳,烟台,0.0
信阳,青岛,0.0
信阳,济宁,0.0
信阳,临沂,0.0
信阳,郑州,924.0
信阳,漯河,0.0
信阳,信阳,0.0
信阳,洛阳,0.0
信阳,武汉,23644.0
信阳,荆州,0.0
信阳,襄阳,0.0
信阳,长沙,735.0
信阳,常德,0.0
信阳,衡阳,0.0
信阳,广州,1399.0
信阳,汕头,0.0
信阳,深圳,0.0
信阳,东莞,0.0
信阳,湛江,0.0
信阳,中山,0.0
信阳,南宁,0.0
信阳,柳州,0.0
信阳,海口,0.0
信阳,重庆,0.0
信阳,成都,0.0
信阳,南充,0.0
信阳,内江,0.0
信阳,贵阳,0.0
信阳,昆明,0.0
信阳,大理州,0.0
信阳,拉萨,0.0
信阳,西安,0.0
信阳,宝鸡,0.0
信阳,兰州,0.0
信阳,西宁,0.0
信阳,银川,0.0
信阳,乌鲁木齐,0.0
信阳,阿克苏,0.0
信阳,喀什,0.0
洛阳,北京,4082.0
洛阳,天津,0.0
洛阳,石家庄,0.0
洛阳,唐山,0.0
洛阳,廊坊,0.0
洛阳,保定,0.0
洛阳,太原,0.0
洛阳,侯马,0.0
洛阳,呼和浩特,0.0
洛阳,包头,0.0
洛阳,沈阳,2131.0
洛阳,大连,0.0
洛阳,锦州,0.0
洛阳,长春,0.0
洛阳,哈尔滨,0.0
洛阳,上海,2070.0
洛阳,南京,0.0
洛阳,常州,0.0
洛阳,无锡,0.0
洛阳,苏州,0.0
洛阳,徐州,0.0
洛阳,连云港,0.0
洛阳,淮安,0.0
洛阳,盐城,0.0
洛阳,扬州,0.0
洛阳,南通,0.0
洛阳,杭州,0.0
洛阳,湖州,0.0
洛阳,嘉兴,0.0
洛阳,宁波,0.0
洛阳,台州,0.0
洛阳,金华,415.0
洛阳,义乌,124.0
洛阳,温州,0.0
洛阳,合肥,0.0
洛阳,蚌埠,0.0
洛阳,芜湖,0.0
洛阳,安庆,0.0
洛阳,福州,0.0
洛阳,厦门,0.0
洛阳,泉州,0.0
洛阳,南昌,0.0
洛阳,鹰潭,0.0
洛阳,赣州,0.0
洛阳,济南,1808.0
洛阳,潍坊,0.0
洛阳,烟台,0.0
洛阳,青岛,0.0
洛阳,济宁,0.0
洛阳,临沂,0.0
洛阳,郑州,1476.0
洛阳,漯河,0.0
洛阳,信阳,0.0
洛阳,洛阳,0.0
洛阳,武汉,2820.0
洛阳,荆州,0.0
洛阳,襄阳,0.0
洛阳,长沙,0.0
洛阳,常德,0.0
洛阳,衡阳,0.0
洛阳,广州,3358.0
洛阳,汕头,0.0
洛阳,深圳,0.0
洛阳,东莞,0.0
洛阳,湛江,0.0
洛阳,中山,0.0
洛阳,南宁,0.0
洛阳,柳州,0.0
洛阳,海口,0.0
洛阳,重庆,0.0
洛阳,成都,2537.0
洛阳,南充,0.0
洛阳,内江,0.0
洛阳,贵阳,0.0
洛阳,昆明,0.0
洛阳,大理州,0.0
洛阳,拉萨,0.0
洛阳,西安,31837.0
洛阳,宝鸡,0.0
洛阳,兰州,0.0
洛阳,西宁,0.0
洛阳,银川,0.0
洛阳,乌鲁木齐,0.0
洛阳,阿克苏,0.0
洛阳,喀什,0.0
武汉,北京,7812.0
武汉,天津,9991.0
武汉,石家庄,11582.0
武汉,唐山,4587.0
武汉,廊坊,3112.0
武汉,保定,5591.0
武汉,太原,10402.0
武汉,侯马,7847.0
武汉,呼和浩特,9951.0
武汉,包头,2864.0
武汉,沈阳,6686.0
武汉,大连,4723.0
武汉,锦州,4203.0
武汉,长春,9840.0
武汉,哈尔滨,11168.0
武汉,上海,7239.0
武汉,南京,8447.0
武汉,常州,5809.0
武汉,无锡,6379.0
武汉,苏州,9499.0
武汉,徐州,4526.0
武汉,连云港,2650.0
武汉,淮安,1801.0
武汉,盐城,3778.0
武汉,扬州,2856.0
武汉,南通,4730.0
武汉,杭州,9797.0
武汉,湖州,2856.0
武汉,嘉兴,5376.0
武汉,宁波,8221.0
武汉,台州,4086.0
武汉,金华,2748.0
武汉,义乌,805.0
武汉,温州,8296.0
武汉,合肥,6811.0
武汉,蚌埠,4569.0
武汉,芜湖,5354.0
武汉,安庆,4617.0
武汉,福州,9322.0
武汉,厦门,10880.0
武汉,泉州,6522.0
武汉,南昌,11006.0
武汉,鹰潭,7977.0
武汉,赣州,5324.0
武汉,济南,9944.0
武汉,潍坊,5310.0
武汉,烟台,4540.0
武汉,青岛,10061.0
武汉,济宁,4728.0
武汉,临沂,4935.0
武汉,郑州,8752.0
武汉,漯河,8569.0
武汉,信阳,13748.0
武汉,洛阳,7154.0
武汉,武汉,0.0
武汉,荆州,5225.0
武汉,襄阳,8566.0
武汉,长沙,11045.0
武汉,常德,10141.0
武汉,衡阳,6194.0
武汉,广州,11426.0
武汉,汕头,8314.0
武汉,深圳,11324.0
武汉,东莞,11387.0
武汉,湛江,6528.0
武汉,中山,10308.0
武汉,南宁,10736.0
武汉,柳州,7692.0
武汉,海口,6219.0
武汉,重庆,9952.0
武汉,成都,10783.0
武汉,南充,7552.0
武汉,内江,0.0
武汉,贵阳,9620.0
武汉,昆明,9988.0
武汉,大理州,3702.0
武汉,拉萨,0.0
武汉,西安,10169.0
武汉,宝鸡,0.0
武汉,兰州,8081.0
武汉,西宁,0.0
武汉,银川,6443.0
武汉,乌鲁木齐,6949.0
武汉,阿克苏,0.0
武汉,喀什,0.0
荆州,北京,0.0
荆州,天津,0.0
荆州,石家庄,0.0
荆州,唐山,0.0
荆州,廊坊,0.0
荆州,保定,0.0
荆州,太原,0.0
荆州,侯马,0.0
荆州,呼和浩特,0.0
荆州,包头,0.0
荆州,沈阳,0.0
荆州,大连,0.0
荆州,锦州,0.0
荆州,长春,0.0
荆州,哈尔滨,0.0
荆州,上海,451.0
荆州,南京,0.0
荆州,常州,0.0
荆州,无锡,0.0
荆州,苏州,0.0
荆州,徐州,0.0
荆州,连云港,0.0
荆州,淮安,0.0
荆州,盐城,0.0
荆州,扬州,0.0
荆州,南通,0.0
荆州,杭州,0.0
荆州,湖州,0.0
荆州,嘉兴,0.0
荆州,宁波,0.0
荆州,台州,0.0
荆州,金华,0.0
荆州,义乌,0.0
荆州,温州,0.0
荆州,合肥,0.0
荆州,蚌埠,0.0
荆州,芜湖,0.0
荆州,安庆,0.0
荆州,福州,0.0
荆州,厦门,0.0
荆州,泉州,0.0
荆州,南昌,0.0
荆州,鹰潭,0.0
荆州,赣州,0.0
荆州,济南,0.0
荆州,潍坊,0.0
荆州,烟台,0.0
荆州,青岛,0.0
荆州,济宁,0.0
荆州,临沂,0.0
荆州,郑州,0.0
荆州,漯河,0.0
荆州,信阳,0.0
荆州,洛阳,0.0
荆州,武汉,10170.0
荆州,荆州,0.0
荆州,襄阳,0.0
荆州,长沙,0.0
荆州,常德,0.0
荆州,衡阳,0.0
荆州,广州,814.0
荆州,汕头,0.0
荆州,深圳,0.0
荆州,东莞,0.0
荆州,湛江,0.0
荆州,中山,0.0
荆州,南宁,0.0
荆州,柳州,0.0
荆州,海口,0.0
荆州,重庆,0.0
荆州,成都,0.0
荆州,南充,0.0
荆州,内江,0.0
荆州,贵阳,0.0
荆州,昆明,0.0
荆州,大理州,0.0
荆州,拉萨,0.0
荆州,西安,0.0
荆州,宝鸡,0.0
荆州,兰州,0.0
荆州,西宁,0.0
荆州,银川,0.0
荆州,乌鲁木齐,0.0
荆州,阿克苏,0.0
荆州,喀什,0.0
襄阳,北京,1129.0
襄阳,天津,0.0
襄阳,石家庄,0.0
襄阳,唐山,0.0
襄阳,廊坊,0.0
襄阳,保定,0.0
襄阳,太原,0.0
襄阳,侯马,0.0
襄阳,呼和浩特,0.0
襄阳,包头,0.0
襄阳,沈阳,0.0
襄阳,大连,0.0
襄阳,锦州,0.0
襄阳,长春,0.0
襄阳,哈尔滨,0.0
襄阳,上海,1699.0
襄阳,南京,0.0
襄阳,常州,0.0
襄阳,无锡,0.0
襄阳,苏州,0.0
襄阳,徐州,0.0
襄阳,连云港,0.0
襄阳,淮安,0.0
襄阳,盐城,0.0
襄阳,扬州,0.0
襄阳,南通,0.0
襄阳,杭州,0.0
襄阳,湖州,0.0
襄阳,嘉兴,0.0
襄阳,宁波,0.0
襄阳,台州,0.0
襄阳,金华,0.0
襄阳,义乌,0.0
襄阳,温州,0.0
襄阳,合肥,0.0
襄阳,蚌埠,0.0
襄阳,芜湖,0.0
襄阳,安庆,0.0
襄阳,福州,0.0
襄阳,厦门,0.0
襄阳,泉州,0.0
襄阳,南昌,0.0
襄阳,鹰潭,0.0
襄阳,赣州,0.0
襄阳,济南,0.0
襄阳,潍坊,0.0
襄阳,烟台,0.0
襄阳,青岛,0.0
襄阳,济宁,0.0
襄阳,临沂,0.0
襄阳,郑州,0.0
襄阳,漯河,0.0
襄阳,信阳,0.0
襄阳,洛阳,0.0
襄阳,武汉,19414.0
襄阳,荆州,0.0
襄阳,襄阳,0.0
襄阳,长沙,0.0
襄阳,常德,0.0
襄阳,衡阳,0.0
襄阳,广州,1219.0
襄阳,汕头,0.0
襄阳,深圳,0.0
襄阳,东莞,0.0
襄阳,湛江,0.0
襄阳,中山,0.0
襄阳,南宁,0.0
襄阳,柳州,0.0
襄阳,海口,0.0
襄阳,重庆,0.0
襄阳,成都,0.0
襄阳,南充,0.0
襄阳,内江,0.0
襄阳,贵阳,0.0
襄阳,昆明,0.0
襄阳,大理州,0.0
襄阳,拉萨,0.0
襄阳,西安,0.0
襄阳,宝鸡,0.0
襄阳,兰州,0.0
襄阳,西宁,0.0
襄阳,银川,0.0
襄阳,乌鲁木齐,0.0
襄阳,阿克苏,0.0
襄阳,喀什,0.0
长沙,北京,4497.0
长沙,天津,2558.0
长沙,石家庄,2612.0
长沙,唐山,0.0
长沙,廊坊,0.0
长沙,保定,0.0
长沙,太原,1950.0
长沙,侯马,0.0
长沙,呼和浩特,0.0
长沙,包头,0.0
长沙,沈阳,2594.0
长沙,大连,0.0
长沙,锦州,0.0
长沙,长春,0.0
长沙,哈尔滨,2440.0
长沙,上海,3898.0
长沙,南京,1750.0
长沙,常州,1079.0
长沙,无锡,0.0
长沙,苏州,2179.0
长沙,徐州,1483.0
长沙,连云港,0.0
长沙,淮安,0.0
长沙,盐城,0.0
长沙,扬州,0.0
长沙,南通,0.0
长沙,杭州,2803.0
长沙,湖州,0.0
长沙,嘉兴,0.0
长沙,宁波,1591.0
长沙,台州,898.0
长沙,金华,1211.0
长沙,义乌,457.0
长沙,温州,0.0
长沙,合肥,2161.0
长沙,蚌埠,1316.0
长沙,芜湖,0.0
长沙,安庆,0.0
长沙,福州,2834.0
长沙,厦门,0.0
长沙,泉州,1459.0
长沙,南昌,3955.0
长沙,鹰潭,0.0
长沙,赣州,0.0
长沙,济南,3740.0
长沙,潍坊,0.0
长沙,烟台,0.0
长沙,青岛,0.0
长沙,济宁,0.0
长沙,临沂,0.0
长沙,郑州,3672.0
长沙,漯河,0.0
长沙,信阳,1918.0
长沙,洛阳,0.0
长沙,武汉,41456.0
长沙,荆州,0.0
长沙,襄阳,0.0
长沙,长沙,0.0
长沙,常德,2254.0
长沙,衡阳,3480.0
长沙,广州,11299.0
长沙,汕头,2277.0
长沙,深圳,4739.0
长沙,东莞,3409.0
长沙,湛江,0.0
长沙,中山,2743.0
长沙,南宁,4435.0
长沙,柳州,0.0
长沙,海口,2738.0
长沙,重庆,2933.0
长沙,成都,5827.0
长沙,南充,0.0
长沙,内江,0.0
长沙,贵阳,5033.0
长沙,昆明,3440.0
长沙,大理州,0.0
长沙,拉萨,0.0
长沙,西安,6086.0
长沙,宝鸡,0.0
长沙,兰州,2009.0
长沙,西宁,0.0
长沙,银川,0.0
长沙,乌鲁木齐,0.0
长沙,阿克苏,0.0
长沙,喀什,0.0
常德,北京,0.0
常德,天津,0.0
常德,石家庄,0.0
常德,唐山,0.0
常德,廊坊,0.0
常德,保定,0.0
常德,太原,0.0
常德,侯马,0.0
常德,呼和浩特,0.0
常德,包头,0.0
常德,沈阳,0.0
常德,大连,0.0
常德,锦州,0.0
常德,长春,0.0
常德,哈尔滨,0.0
常德,上海,983.0
常德,南京,0.0
常德,常州,0.0
常德,无锡,0.0
常德,苏州,0.0
常德,徐州,0.0
常德,连云港,0.0
常德,淮安,0.0
常德,盐城,0.0
常德,扬州,0.0
常德,南通,0.0
常德,杭州,0.0
常德,湖州,0.0
常德,嘉兴,0.0
常德,宁波,0.0
常德,台州,0.0
常德,金华,0.0
常德,义乌,0.0
常德,温州,0.0
常德,合肥,0.0
常德,蚌埠,0.0
常德,芜湖,0.0
常德,安庆,0.0
常德,福州,0.0
常德,厦门,0.0
常德,泉州,0.0
常德,南昌,0.0
常德,鹰潭,0.0
常德,赣州,0.0
常德,济南,0.0
常德,潍坊,0.0
常德,烟台,0.0
常德,青岛,0.0
常德,济宁,0.0
常德,临沂,0.0
常德,郑州,0.0
常德,漯河,0.0
常德,信阳,0.0
常德,洛阳,0.0
常德,武汉,10473.0
常德,荆州,0.0
常德,襄阳,0.0
常德,长沙,1155.0
常德,常德,0.0
常德,衡阳,0.0
常德,广州,759.0
常德,汕头,0.0
常德,深圳,0.0
常德,东莞,0.0
常德,湛江,0.0
常德,中山,0.0
常德,南宁,0.0
常德,柳州,0.0
常德,海口,0.0
常德,重庆,0.0
常德,成都,0.0
常德,南充,0.0
常德,内江,0.0
常德,贵阳,0.0
常德,昆明,0.0
常德,大理州,0.0
常德,拉萨,0.0
常德,西安,0.0
常德,宝鸡,0.0
常德,兰州,0.0
常德,西宁,0.0
常德,银川,0.0
常德,乌鲁木齐,0.0
常德,阿克苏,0.0
常德,喀什,0.0
衡阳,北京,1287.0
衡阳,天津,0.0
衡阳,石家庄,0.0
衡阳,唐山,0.0
衡阳,廊坊,0.0
衡阳,保定,0.0
衡阳,太原,0.0
衡阳,侯马,0.0
衡阳,呼和浩特,0.0
衡阳,包头,0.0
衡阳,沈阳,861.0
衡阳,大连,0.0
衡阳,锦州,0.0
衡阳,长春,0.0
衡阳,哈尔滨,0.0
衡阳,上海,1176.0
衡阳,南京,0.0
衡阳,常州,0.0
衡阳,无锡,0.0
衡阳,苏州,0.0
衡阳,徐州,0.0
衡阳,连云港,0.0
衡阳,淮安,0.0
衡阳,盐城,0.0
衡阳,扬州,0.0
衡阳,南通,0.0
衡阳,杭州,0.0
衡阳,湖州,0.0
衡阳,嘉兴,0.0
衡阳,宁波,0.0
衡阳,台州,0.0
衡阳,金华,0.0
衡阳,义乌,141.0
衡阳,温州,0.0
衡阳,合肥,0.0
衡阳,蚌埠,0.0
衡阳,芜湖,0.0
衡阳,安庆,0.0
衡阳,福州,0.0
衡阳,厦门,0.0
衡阳,泉州,0.0
衡阳,南昌,0.0
衡阳,鹰潭,0.0
衡阳,赣州,0.0
衡阳,济南,0.0
衡阳,潍坊,0.0
衡阳,烟台,0.0
衡阳,青岛,0.0
衡阳,济宁,0.0
衡阳,临沂,0.0
衡阳,郑州,0.0
衡阳,漯河,0.0
衡阳,信阳,0.0
衡阳,洛阳,0.0
衡阳,武汉,33700.0
衡阳,荆州,0.0
衡阳,襄阳,0.0
衡阳,长沙,2260.0
衡阳,常德,0.0
衡阳,衡阳,0.0
衡阳,广州,3586.0
衡阳,汕头,0.0
衡阳,深圳,0.0
衡阳,东莞,0.0
衡阳,湛江,0.0
衡阳,中山,0.0
衡阳,南宁,0.0
衡阳,柳州,0.0
衡阳,海口,0.0
衡阳,重庆,0.0
衡阳,成都,1550.0
衡阳,南充,0.0
衡阳,内江,0.0
衡阳,贵阳,0.0
衡阳,昆明,0.0
衡阳,大理州,0.0
衡阳,拉萨,0.0
衡阳,西安,1444.0
衡阳,宝鸡,0.0
衡阳,兰州,0.0
衡阳,西宁,0.0
衡阳,银川,0.0
衡阳,乌鲁木齐,0.0
衡阳,阿克苏,0.0
衡阳,喀什,0.0
广州,北京,4565.0
广州,天津,7916.0
广州,石家庄,7928.0
广州,唐山,0.0
广州,廊坊,0.0
广州,保定,2684.0
广州,太原,6660.0
广州,侯马,3653.0
广州,呼和浩特,4452.0
广州,包头,0.0
广州,沈阳,6974.0
广州,大连,0.0
广州,锦州,0.0
广州,长春,6640.0
广州,哈尔滨,9203.0
广州,上海,2702.0
广州,南京,6589.0
广州,常州,3684.0
广州,无锡,3474.0
广州,苏州,7189.0
广州,徐州,2304.0
广州,连云港,1411.0
广州,淮安,0.0
广州,盐城,1907.0
广州,扬州,1518.0
广州,南通,2499.0
广州,杭州,7653.0
广州,湖州,1583.0
广州,嘉兴,2833.0
广州,宁波,5482.0
广州,台州,2952.0
广州,金华,1146.0
广州,义乌,362.0
广州,温州,4928.0
广州,合肥,5146.0
广州,蚌埠,3592.0
广州,芜湖,2238.0
广州,安庆,2200.0
广州,福州,9161.0
广州,厦门,5413.0
广州,泉州,2866.0
广州,南昌,8919.0
广州,鹰潭,0.0
广州,赣州,3202.0
广州,济南,9638.0
广州,潍坊,2460.0
广州,烟台,0.0
广州,青岛,5801.0
广州,济宁,2217.0
广州,临沂,2463.0
广州,郑州,5248.0
广州,漯河,4077.0
广州,信阳,4647.0
广州,洛阳,3274.0
广州,武汉,3449.0
广州,荆州,1141.0
广州,襄阳,2282.0
广州,长沙,6956.0
广州,常德,3035.0
广州,衡阳,5067.0
广州,广州,0.0
广州,汕头,10163.0
广州,深圳,9807.0
广州,东莞,10040.0
广州,湛江,8860.0
广州,中山,10824.0
广州,南宁,11509.0
广州,柳州,7104.0
广州,海口,11877.0
广州,重庆,7369.0
广州,成都,5763.0
广州,南充,4105.0
广州,内江,0.0
广州,贵阳,9077.0
广州,昆明,9598.0
广州,大理州,0.0
广州,拉萨,0.0
广州,西安,5297.0
广州,宝鸡,784.0
广州,兰州,5416.0
广州,西宁,0.0
广州,银川,2604.0
广州,乌鲁木齐,8638.0
广州,阿克苏,0.0
广州,喀什,0.0
汕头,北京,759.0
汕头,天津,0.0
汕头,石家庄,0.0
汕头,唐山,0.0
汕头,廊坊,0.0
汕头,保定,0.0
汕头,太原,0.0
汕头,侯马,0.0
汕头,呼和浩特,0.0
汕头,包头,0.0
汕头,沈阳,0.0
汕头,大连,0.0
汕头,锦州,0.0
汕头,长春,0.0
汕头,哈尔滨,0.0
汕头,上海,418.0
汕头,南京,0.0
汕头,常州,0.0
汕头,无锡,0.0
汕头,苏州,0.0
汕头,徐州,0.0
汕头,连云港,0.0
汕头,淮安,0.0
汕头,盐城,0.0
汕头,扬州,0.0
汕头,南通,0.0
汕头,杭州,0.0
汕头,湖州,0.0
汕头,嘉兴,0.0
汕头,宁波,0.0
汕头,台州,0.0
汕头,金华,125.0
汕头,义乌,32.0
汕头,温州,0.0
汕头,合肥,0.0
汕头,蚌埠,0.0
汕头,芜湖,0.0
汕头,安庆,0.0
汕头,福州,0.0
汕头,厦门,0.0
汕头,泉州,273.0
汕头,南昌,0.0
汕头,鹰潭,0.0
汕头,赣州,0.0
汕头,济南,0.0
汕头,潍坊,0.0
汕头,烟台,0.0
汕头,青岛,0.0
汕头,济宁,0.0
汕头,临沂,0.0
汕头,郑州,404.0
汕头,漯河,0.0
汕头,信阳,0.0
汕头,洛阳,0.0
汕头,武汉,626.0
汕头,荆州,0.0
汕头,襄阳,0.0
汕头,长沙,840.0
汕头,常德,0.0
汕头,衡阳,0.0
汕头,广州,16849.0
汕头,汕头,0.0
汕头,深圳,0.0
汕头,东莞,0.0
汕头,湛江,0.0
汕头,中山,0.0
汕头,南宁,0.0
汕头,柳州,0.0
汕头,海口,0.0
汕头,重庆,0.0
汕头,成都,935.0
汕头,南充,0.0
汕头,内江,0.0
汕头,贵阳,0.0
汕头,昆明,0.0
汕头,大理州,0.0
汕头,拉萨,0.0
汕头,西安,607.0
汕头,宝鸡,0.0
汕头,兰州,0.0
汕头,西宁,0.0
汕头,银川,0.0
汕头,乌鲁木齐,0.0
汕头,阿克苏,0.0
汕头,喀什,0.0
深圳,北京,657.0
深圳,天津,0.0
深圳,石家庄,0.0
深圳,唐山,0.0
深圳,廊坊,0.0
深圳,保定,0.0
深圳,太原,0.0
深圳,侯马,0.0
深圳,呼和浩特,0.0
深圳,包头,0.0
深圳,沈阳,0.0
深圳,大连,0.0
深圳,锦州,0.0
深圳,长春,0.0
深圳,哈尔滨,0.0
深圳,上海,740.0
深圳,南京,0.0
深圳,常州,0.0
深圳,无锡,0.0
深圳,苏州,0.0
深圳,徐州,298.0
深圳,连云港,0.0
深圳,淮安,0.0
深圳,盐城,0.0
深圳,扬州,0.0
深圳,南通,0.0
深圳,杭州,488.0
深圳,湖州,0.0
深圳,嘉兴,0.0
深圳,宁波,0.0
深圳,台州,0.0
深圳,金华,206.0
深圳,义乌,61.0
深圳,温州,0.0
深圳,合肥,235.0
深圳,蚌埠,0.0
深圳,芜湖,0.0
深圳,安庆,0.0
深圳,福州,0.0
深圳,厦门,361.0
深圳,泉州,275.0
深圳,南昌,383.0
深圳,鹰潭,0.0
深圳,赣州,0.0
深圳,济南,0.0
深圳,潍坊,0.0
深圳,烟台,0.0
深圳,青岛,0.0
深圳,济宁,0.0
深圳,临沂,0.0
深圳,郑州,440.0
深圳,漯河,0.0
深圳,信阳,0.0
深圳,洛阳,0.0
深圳,武汉,650.0
深圳,荆州,0.0
深圳,襄阳,0.0
深圳,长沙,840.0
深圳,常德,0.0
深圳,衡阳,0.0
深圳,广州,14024.0
深圳,汕头,0.0
深圳,深圳,0.0
深圳,东莞,731.0
深圳,湛江,0.0
深圳,中山,551.0
深圳,南宁,578.0
深圳,柳州,0.0
深圳,海口,0.0
深圳,重庆,0.0
深圳,成都,931.0
深圳,南充,0.0
深圳,内江,0.0
深圳,贵阳,0.0
深圳,昆明,0.0
深圳,大理州,0.0
深圳,拉萨,0.0
深圳,西安,875.0
深圳,宝鸡,0.0
深圳,兰州,0.0
深圳,西宁,0.0
深圳,银川,0.0
深圳,乌鲁木齐,0.0
深圳,阿克苏,0.0
深圳,喀什,0.0
东莞,北京,1663.0
东莞,天津,0.0
东莞,石家庄,0.0
东莞,唐山,0.0
东莞,廊坊,0.0
东莞,保定,0.0
东莞,太原,0.0
东莞,侯马,0.0
东莞,呼和浩特,0.0
东莞,包头,0.0
东莞,沈阳,1153.0
东莞,大连,0.0
东莞,锦州,0.0
东莞,长春,0.0
东莞,哈尔滨,0.0
东莞,上海,927.0
东莞,南京,0.0
东莞,常州,0.0
东莞,无锡,0.0
东莞,苏州,0.0
东莞,徐州,365.0
东莞,连云港,0.0
东莞,淮安,0.0
东莞,盐城,0.0
东莞,扬州,0.0
东莞,南通,0.0
东莞,杭州,0.0
东莞,湖州,0.0
东莞,嘉兴,0.0
东莞,宁波,0.0
东莞,台州,0.0
东莞,金华,254.0
东莞,义乌,79.0
东莞,温州,0.0
东莞,合肥,0.0
东莞,蚌埠,0.0
东莞,芜湖,0.0
东莞,安庆,0.0
东莞,福州,0.0
东莞,厦门,0.0
东莞,泉州,428.0
东莞,南昌,0.0
东莞,鹰潭,0.0
东莞,赣州,0.0
东莞,济南,0.0
东莞,潍坊,0.0
东莞,烟台,0.0
东莞,青岛,0.0
东莞,济宁,0.0
东莞,临沂,0.0
东莞,郑州,883.0
东莞,漯河,0.0
东莞,信阳,0.0
东莞,洛阳,0.0
东莞,武汉,1180.0
东莞,荆州,0.0
东莞,襄阳,0.0
东莞,长沙,1074.0
东莞,常德,0.0
东莞,衡阳,0.0
东莞,广州,26930.0
东莞,汕头,0.0
东莞,深圳,1612.0
东莞,东莞,0.0
东莞,湛江,0.0
东莞,中山,0.0
东莞,南宁,0.0
东莞,柳州,0.0
东莞,海口,0.0
东莞,重庆,0.0
东莞,成都,1532.0
东莞,南充,0.0
东莞,内江,0.0
东莞,贵阳,0.0
东莞,昆明,0.0
东莞,大理州,0.0
东莞,拉萨,0.0
东莞,西安,1232.0
东莞,宝鸡,0.0
东莞,兰州,0.0
东莞,西宁,0.0
东莞,银川,0.0
东莞,乌鲁木齐,0.0
东莞,阿克苏,0.0
东莞,喀什,0.0
湛江,北京,734.0
湛江,天津,0.0
湛江,石家庄,0.0
湛江,唐山,0.0
湛江,廊坊,0.0
湛江,保定,0.0
湛江,太原,0.0
湛江,侯马,0.0
湛江,呼和浩特,0.0
湛江,包头,0.0
湛江,沈阳,0.0
湛江,大连,0.0
湛江,锦州,0.0
湛江,长春,0.0
湛江,哈尔滨,0.0
湛江,上海,582.0
湛江,南京,0.0
湛江,常州,0.0
湛江,无锡,0.0
湛江,苏州,0.0
湛江,徐州,0.0
湛江,连云港,0.0
湛江,淮安,0.0
湛江,盐城,0.0
湛江,扬州,0.0
湛江,南通,0.0
湛江,杭州,0.0
湛江,湖州,0.0
湛江,嘉兴,0.0
湛江,宁波,0.0
湛江,台州,0.0
湛江,金华,0.0
湛江,义乌,57.0
湛江,温州,0.0
湛江,合肥,0.0
湛江,蚌埠,0.0
湛江,芜湖,0.0
湛江,安庆,0.0
湛江,福州,0.0
湛江,厦门,0.0
湛江,泉州,0.0
湛江,南昌,0.0
湛江,鹰潭,0.0
湛江,赣州,0.0
湛江,济南,0.0
湛江,潍坊,0.0
湛江,烟台,0.0
湛江,青岛,0.0
湛江,济宁,0.0
湛江,临沂,0.0
湛江,郑州,0.0
湛江,漯河,0.0
湛江,信阳,0.0
湛江,洛阳,0.0
湛江,武汉,669.0
湛江,荆州,0.0
湛江,襄阳,0.0
湛江,长沙,0.0
湛江,常德,0.0
湛江,衡阳,0.0
湛江,广州,18083.0
湛江,汕头,0.0
湛江,深圳,0.0
湛江,东莞,0.0
湛江,湛江,0.0
湛江,中山,0.0
湛江,南宁,0.0
湛江,柳州,0.0
湛江,海口,0.0
湛江,重庆,0.0
湛江,成都,0.0
湛江,南充,0.0
湛江,内江,0.0
湛江,贵阳,0.0
湛江,昆明,0.0
湛江,大理州,0.0
湛江,拉萨,0.0
湛江,西安,615.0
湛江,宝鸡,0.0
湛江,兰州,0.0
湛江,西宁,0.0
湛江,银川,0.0
湛江,乌鲁木齐,0.0
湛江,阿克苏,0.0
湛江,喀什,0.0
中山,北京,1713.0
中山,天津,0.0
中山,石家庄,0.0
中山,唐山,0.0
中山,廊坊,0.0
中山,保定,0.0
中山,太原,0.0
中山,侯马,0.0
中山,呼和浩特,0.0
中山,包头,0.0
中山,沈阳,0.0
中山,大连,0.0
中山,锦州,0.0
中山,长春,0.0
中山,哈尔滨,0.0
中山,上海,1249.0
中山,南京,0.0
中山,常州,0.0
中山,无锡,0.0
中山,苏州,0.0
中山,徐州,377.0
中山,连云港,0.0
中山,淮安,0.0
中山,盐城,0.0
中山,扬州,0.0
中山,南通,0.0
中山,杭州,0.0
中山,湖州,0.0
中山,嘉兴,0.0
中山,宁波,0.0
中山,台州,0.0
中山,金华,268.0
中山,义乌,92.0
中山,温州,0.0
中山,合肥,0.0
中山,蚌埠,0.0
中山,芜湖,0.0
中山,安庆,0.0
中山,福州,0.0
中山,厦门,0.0
中山,泉州,443.0
中山,南昌,0.0
中山,鹰潭,0.0
中山,赣州,0.0
中山,济南,0.0
中山,潍坊,0.0
中山,烟台,0.0
中山,青岛,0.0
中山,济宁,0.0
中山,临沂,0.0
中山,郑州,753.0
中山,漯河,0.0
中山,信阳,0.0
中山,洛阳,0.0
中山,武汉,1147.0
中山,荆州,0.0
中山,襄阳,0.0
中山,长沙,1097.0
中山,常德,0.0
中山,衡阳,0.0
中山,广州,30911.0
中山,汕头,0.0
中山,深圳,2370.0
中山,东莞,0.0
中山,湛江,0.0
中山,中山,0.0
中山,南宁,0.0
中山,柳州,0.0
中山,海口,0.0
中山,重庆,0.0
中山,成都,1459.0
中山,南充,0.0
中山,内江,0.0
中山,贵阳,0.0
中山,昆明,0.0
中山,大理州,0.0
中山,拉萨,0.0
中山,西安,1277.0
中山,宝鸡,0.0
中山,兰州,0.0
中山,西宁,0.0
中山,银川,0.0
中山,乌鲁木齐,0.0
中山,阿克苏,0.0
中山,喀什,0.0
南宁,北京,3609.0
南宁,天津,0.0
南宁,石家庄,0.0
南宁,唐山,0.0
南宁,廊坊,0.0
南宁,保定,0.0
南宁,太原,0.0
南宁,侯马,0.0
南宁,呼和浩特,0.0
南宁,包头,0.0
南宁,沈阳,1741.0
南宁,大连,0.0
南宁,锦州,0.0
南宁,长春,0.0
南宁,哈尔滨,0.0
南宁,上海,2256.0
南宁,南京,0.0
南宁,常州,0.0
南宁,无锡,0.0
南宁,苏州,0.0
南宁,徐州,635.0
南宁,连云港,0.0
南宁,淮安,0.0
南宁,盐城,0.0
南宁,扬州,0.0
南宁,南通,0.0
南宁,杭州,1398.0
南宁,湖州,0.0
南宁,嘉兴,0.0
南宁,宁波,0.0
南宁,台州,0.0
南宁,金华,597.0
南宁,义乌,209.0
南宁,温州,0.0
南宁,合肥,1016.0
南宁,蚌埠,0.0
南宁,芜湖,0.0
南宁,安庆,0.0
南宁,福州,0.0
南宁,厦门,0.0
南宁,泉州,0.0
南宁,南昌,1636.0
南宁,鹰潭,0.0
南宁,赣州,0.0
南宁,济南,0.0
南宁,潍坊,0.0
南宁,烟台,0.0
南宁,青岛,0.0
南宁,济宁,0.0
南宁,临沂,0.0
南宁,郑州,1526.0
南宁,漯河,0.0
南宁,信阳,0.0
南宁,洛阳,0.0
南宁,武汉,2342.0
南宁,荆州,0.0
南宁,襄阳,0.0
南宁,长沙,2863.0
南宁,常德,0.0
南宁,衡阳,0.0
南宁,广州,43907.0
南宁,汕头,0.0
南宁,深圳,2940.0
南宁,东莞,0.0
南宁,湛江,0.0
南宁,中山,0.0
南宁,南宁,0.0
南宁,柳州,3016.0
南宁,海口,0.0
南宁,重庆,1915.0
南宁,成都,3574.0
南宁,南充,0.0
南宁,内江,0.0
南宁,贵阳,2290.0
南宁,昆明,0.0
南宁,大理州,0.0
南宁,拉萨,0.0
南宁,西安,1670.0
南宁,宝鸡,0.0
南宁,兰州,0.0
南宁,西宁,0.0
南宁,银川,0.0
南宁,乌鲁木齐,0.0
南宁,阿克苏,0.0
南宁,喀什,0.0
柳州,北京,280.0
柳州,天津,0.0
柳州,石家庄,0.0
柳州,唐山,0.0
柳州,廊坊,0.0
柳州,保定,0.0
柳州,太原,0.0
柳州,侯马,0.0
柳州,呼和浩特,0.0
柳州,包头,0.0
柳州,沈阳,0.0
柳州,大连,0.0
柳州,锦州,0.0
柳州,长春,0.0
柳州,哈尔滨,0.0
柳州,上海,231.0
柳州,南京,0.0
柳州,常州,0.0
柳州,无锡,0.0
柳州,苏州,0.0
柳州,徐州,0.0
柳州,连云港,0.0
柳州,淮安,0.0
柳州,盐城,0.0
柳州,扬州,0.0
柳州,南通,0.0
柳州,杭州,0.0
柳州,湖州,0.0
柳州,嘉兴,0.0
柳州,宁波,0.0
柳州,台州,0.0
柳州,金华,0.0
柳州,义乌,0.0
柳州,温州,0.0
柳州,合肥,0.0
柳州,蚌埠,0.0
柳州,芜湖,0.0
柳州,安庆,0.0
柳州,福州,0.0
柳州,厦门,0.0
柳州,泉州,0.0
柳州,南昌,0.0
柳州,鹰潭,0.0
柳州,赣州,0.0
柳州,济南,0.0
柳州,潍坊,0.0
柳州,烟台,0.0
柳州,青岛,0.0
柳州,济宁,0.0
柳州,临沂,0.0
柳州,郑州,0.0
柳州,漯河,0.0
柳州,信阳,0.0
柳州,洛阳,0.0
柳州,武汉,254.0
柳州,荆州,0.0
柳州,襄阳,0.0
柳州,长沙,0.0
柳州,常德,0.0
柳州,衡阳,0.0
柳州,广州,8237.0
柳州,汕头,0.0
柳州,深圳,0.0
柳州,东莞,0.0
柳州,湛江,0.0
柳州,中山,0.0
柳州,南宁,1988.0
柳州,柳州,0.0
柳州,海口,0.0
柳州,重庆,0.0
柳州,成都,0.0
柳州,南充,0.0
柳州,内江,0.0
柳州,贵阳,0.0
柳州,昆明,0.0
柳州,大理州,0.0
柳州,拉萨,0.0
柳州,西安,200.0
柳州,宝鸡,0.0
柳州,兰州,0.0
柳州,西宁,0.0
柳州,银川,0.0
柳州,乌鲁木齐,0.0
柳州,阿克苏,0.0
柳州,喀什,0.0
海口,北京,183.0
海口,天津,0.0
海口,石家庄,0.0
海口,唐山,0.0
海口,廊坊,0.0
海口,保定,0.0
海口,太原,0.0
海口,侯马,0.0
海口,呼和浩特,0.0
海口,包头,0.0
海口,沈阳,0.0
海口,大连,0.0
海口,锦州,0.0
海口,长春,0.0
海口,哈尔滨,0.0
海口,上海,120.0
海口,南京,0.0
海口,常州,0.0
海口,无锡,0.0
海口,苏州,0.0
海口,徐州,32.0
海口,连云港,0.0
海口,淮安,0.0
海口,盐城,0.0
海口,扬州,0.0
海口,南通,0.0
海口,杭州,0.0
海口,湖州,0.0
海口,嘉兴,0.0
海口,宁波,0.0
海口,台州,0.0
海口,金华,32.0
海口,义乌,0.0
海口,温州,0.0
海口,合肥,0.0
海口,蚌埠,0.0
海口,芜湖,0.0
海口,安庆,0.0
海口,福州,0.0
海口,厦门,0.0
海口,泉州,0.0
海口,南昌,0.0
海口,鹰潭,0.0
海口,赣州,0.0
海口,济南,0.0
海口,潍坊,0.0
海口,烟台,0.0
海口,青岛,0.0
海口,济宁,0.0
海口,临沂,0.0
海口,郑州,0.0
海口,漯河,0.0
海口,信阳,0.0
海口,洛阳,0.0
海口,武汉,125.0
海口,荆州,0.0
海口,襄阳,0.0
海口,长沙,114.0
海口,常德,0.0
海口,衡阳,0.0
海口,广州,2936.0
海口,汕头,0.0
海口,深圳,0.0
海口,东莞,0.0
海口,湛江,0.0
海口,中山,0.0
海口,南宁,0.0
海口,柳州,0.0
海口,海口,0.0
海口,重庆,0.0
海口,成都,163.0
海口,南充,0.0
海口,内江,0.0
海口,贵阳,0.0
海口,昆明,0.0
海口,大理州,0.0
海口,拉萨,0.0
海口,西安,0.0
海口,宝鸡,0.0
海口,兰州,0.0
海口,西宁,0.0
海口,银川,0.0
海口,乌鲁木齐,0.0
海口,阿克苏,0.0
海口,喀什,0.0
重庆,北京,6989.0
重庆,天津,0.0
重庆,石家庄,0.0
重庆,唐山,0.0
重庆,廊坊,0.0
重庆,保定,0.0
重庆,太原,0.0
重庆,侯马,0.0
重庆,呼和浩特,2236.0
重庆,包头,0.0
重庆,沈阳,3679.0
重庆,大连,0.0
重庆,锦州,0.0
重庆,长春,0.0
重庆,哈尔滨,2693.0
重庆,上海,4172.0
重庆,南京,0.0
重庆,常州,0.0
重庆,无锡,0.0
重庆,苏州,0.0
重庆,徐州,769.0
重庆,连云港,0.0
重庆,淮安,0.0
重庆,盐城,0.0
重庆,扬州,0.0
重庆,南通,0.0
重庆,杭州,0.0
重庆,湖州,0.0
重庆,嘉兴,0.0
重庆,宁波,0.0
重庆,台州,0.0
重庆,金华,650.0
重庆,义乌,221.0
重庆,温州,0.0
重庆,合肥,1204.0
重庆,蚌埠,0.0
重庆,芜湖,0.0
重庆,安庆,0.0
重庆,福州,0.0
重庆,厦门,0.0
重庆,泉州,0.0
重庆,南昌,1647.0
重庆,鹰潭,0.0
重庆,赣州,0.0
重庆,济南,2083.0
重庆,潍坊,0.0
重庆,烟台,0.0
重庆,青岛,0.0
重庆,济宁,0.0
重庆,临沂,0.0
重庆,郑州,1754.0
重庆,漯河,0.0
重庆,信阳,0.0
重庆,洛阳,0.0
重庆,武汉,5093.0
重庆,荆州,0.0
重庆,襄阳,0.0
重庆,长沙,2742.0
重庆,常德,0.0
重庆,衡阳,0.0
重庆,广州,6116.0
重庆,汕头,0.0
重庆,深圳,0.0
重庆,东莞,0.0
重庆,湛江,0.0
重庆,中山,0.0
重庆,南宁,2563.0
重庆,柳州,0.0
重庆,海口,0.0
重庆,重庆,0.0
重庆,成都,38852.0
重庆,南充,0.0
重庆,内江,0.0
重庆,贵阳,2801.0
重庆,昆明,3773.0
重庆,大理州,0.0
重庆,拉萨,0.0
重庆,西安,5849.0
重庆,宝鸡,0.0
重庆,兰州,0.0
重庆,西宁,0.0
重庆,银川,0.0
重庆,乌鲁木齐,0.0
重庆,阿克苏,0.0
重庆,喀什,0.0
成都,北京,10252.0
成都,天津,4132.0
成都,石家庄,3260.0
成都,唐山,0.0
成都,廊坊,0.0
成都,保定,1201.0
成都,太原,3284.0
成都,侯马,0.0
成都,呼和浩特,0.0
成都,包头,0.0
成都,沈阳,7034.0
成都,大连,0.0
成都,锦州,0.0
成都,长春,4309.0
成都,哈尔滨,2058.0
成都,上海,4701.0
成都,南京,2919.0
成都,常州,1810.0
成都,无锡,1749.0
成都,苏州,3602.0
成都,徐州,913.0
成都,连云港,0.0
成都,淮安,0.0
成都,盐城,0.0
成都,扬州,757.0
成都,南通,1215.0
成都,杭州,4401.0
成都,湖州,795.0
成都,嘉兴,1484.0
成都,宁波,2666.0
成都,台州,1400.0
成都,金华,779.0
成都,义乌,289.0
成都,温州,2369.0
成都,合肥,1625.0
成都,蚌埠,1464.0
成都,芜湖,1111.0
成都,安庆,1031.0
成都,福州,4408.0
成都,厦门,2619.0
成都,泉州,1954.0
成都,南昌,1407.0
成都,鹰潭,0.0
成都,赣州,1176.0
成都,济南,3204.0
成都,潍坊,0.0
成都,烟台,0.0
成都,青岛,0.0
成都,济宁,0.0
成都,临沂,0.0
成都,郑州,2229.0
成都,漯河,1809.0
成都,信阳,0.0
成都,洛阳,1534.0
成都,武汉,4891.0
成都,荆州,0.0
成都,襄阳,0.0
成都,长沙,2818.0
成都,常德,0.0
成都,衡阳,2170.0
成都,广州,6317.0
成都,汕头,2278.0
成都,深圳,5600.0
成都,东莞,3802.0
成都,湛江,0.0
成都,中山,3347.0
成都,南宁,2622.0
成都,柳州,0.0
成都,海口,3841.0
成都,重庆,5701.0
成都,成都,0.0
成都,南充,7017.0
成都,内江,4867.0
成都,贵阳,5888.0
成都,昆明,8338.0
成都,大理州,6570.0
成都,拉萨,0.0
成都,西安,9757.0
成都,宝鸡,0.0
成都,兰州,3613.0
成都,西宁,0.0
成都,银川,0.0
成都,乌鲁木齐,0.0
成都,阿克苏,0.0
成都,喀什,0.0
南充,北京,806.0
南充,天津,0.0
南充,石家庄,0.0
南充,唐山,0.0
南充,廊坊,0.0
南充,保定,0.0
南充,太原,0.0
南充,侯马,0.0
南充,呼和浩特,0.0
南充,包头,0.0
南充,沈阳,0.0
南充,大连,0.0
南充,锦州,0.0
南充,长春,0.0
南充,哈尔滨,0.0
南充,上海,367.0
南充,南京,0.0
南充,常州,0.0
南充,无锡,0.0
南充,苏州,0.0
南充,徐州,0.0
南充,连云港,0.0
南充,淮安,0.0
南充,盐城,0.0
南充,扬州,0.0
南充,南通,0.0
南充,杭州,0.0
南充,湖州,0.0
南充,嘉兴,0.0
南充,宁波,0.0
南充,台州,0.0
南充,金华,0.0
南充,义乌,0.0
南充,温州,0.0
南充,合肥,0.0
南充,蚌埠,0.0
南充,芜湖,0.0
南充,安庆,0.0
南充,福州,0.0
南充,厦门,0.0
南充,泉州,0.0
南充,南昌,0.0
南充,鹰潭,0.0
南充,赣州,0.0
南充,济南,0.0
南充,潍坊,0.0
南充,烟台,0.0
南充,青岛,0.0
南充,济宁,0.0
南充,临沂,0.0
南充,郑州,0.0
南充,漯河,0.0
南充,信阳,0.0
南充,洛阳,0.0
南充,武汉,628.0
南充,荆州,0.0
南充,襄阳,0.0
南充,长沙,0.0
南充,常德,0.0
南充,衡阳,0.0
南充,广州,807.0
南充,汕头,0.0
南充,深圳,0.0
南充,东莞,0.0
南充,湛江,0.0
南充,中山,0.0
南充,南宁,0.0
南充,柳州,0.0
南充,海口,0.0
南充,重庆,0.0
南充,成都,8115.0
南充,南充,0.0
南充,内江,0.0
南充,贵阳,0.0
南充,昆明,0.0
南充,大理州,0.0
南充,拉萨,0.0
南充,西安,708.0
南充,宝鸡,0.0
南充,兰州,0.0
南充,西宁,0.0
南充,银川,0.0
南充,乌鲁木齐,0.0
南充,阿克苏,0.0
南充,喀什,0.0
内江,北京,0.0
内江,天津,0.0
内江,石家庄,0.0
内江,唐山,0.0
内江,廊坊,0.0
内江,保定,0.0
内江,太原,0.0
内江,侯马,0.0
内江,呼和浩特,0.0
内江,包头,0.0
内江,沈阳,0.0
内江,大连,0.0
内江,锦州,0.0
内江,长春,0.0
内江,哈尔滨,0.0
内江,上海,240.0
内江,南京,0.0
内江,常州,0.0
内江,无锡,0.0
内江,苏州,0.0
内江,徐州,0.0
内江,连云港,0.0
内江,淮安,0.0
内江,盐城,0.0
内江,扬州,0.0
内江,南通,0.0
内江,杭州,0.0
内江,湖州,0.0
内江,嘉兴,0.0
内江,宁波,0.0
内江,台州,0.0
内江,金华,0.0
内江,义乌,0.0
内江,温州,0.0
内江,合肥,0.0
内江,蚌埠,0.0
内江,芜湖,0.0
内江,安庆,0.0
内江,福州,0.0
内江,厦门,0.0
内江,泉州,0.0
内江,南昌,0.0
内江,鹰潭,0.0
内江,赣州,0.0
内江,济南,0.0
内江,潍坊,0.0
内江,烟台,0.0
内江,青岛,0.0
内江,济宁,0.0
内江,临沂,0.0
内江,郑州,0.0
内江,漯河,0.0
内江,信阳,0.0
内江,洛阳,0.0
内江,武汉,0.0
内江,荆州,0.0
内江,襄阳,0.0
内江,长沙,0.0
内江,常德,0.0
内江,衡阳,0.0
内江,广州,0.0
内江,汕头,0.0
内江,深圳,0.0
内江,东莞,0.0
内江,湛江,0.0
内江,中山,0.0
内江,南宁,0.0
内江,柳州,0.0
内江,海口,0.0
内江,重庆,0.0
内江,成都,5693.0
内江,南充,0.0
内江,内江,0.0
内江,贵阳,0.0
内江,昆明,0.0
内江,大理州,0.0
内江,拉萨,0.0
内江,西安,0.0
内江,宝鸡,0.0
内江,兰州,0.0
内江,西宁,0.0
内江,银川,0.0
内江,乌鲁木齐,0.0
内江,阿克苏,0.0
内江,喀什,0.0
贵阳,北京,1026.0
贵阳,天津,0.0
贵阳,石家庄,245.0
贵阳,唐山,0.0
贵阳,廊坊,0.0
贵阳,保定,0.0
贵阳,太原,0.0
贵阳,侯马,0.0
贵阳,呼和浩特,0.0
贵阳,包头,0.0
贵阳,沈阳,0.0
贵阳,大连,0.0
贵阳,锦州,0.0
贵阳,长春,0.0
贵阳,哈尔滨,0.0
贵阳,上海,653.0
贵阳,南京,199.0
贵阳,常州,0.0
贵阳,无锡,0.0
贵阳,苏州,0.0
贵阳,徐州,127.0
贵阳,连云港,0.0
贵阳,淮安,0.0
贵阳,盐城,0.0
贵阳,扬州,0.0
贵阳,南通,0.0
贵阳,杭州,391.0
贵阳,湖州,0.0
贵阳,嘉兴,0.0
贵阳,宁波,0.0
贵阳,台州,0.0
贵阳,金华,191.0
贵阳,义乌,82.0
贵阳,温州,0.0
贵阳,合肥,193.0
贵阳,蚌埠,102.0
贵阳,芜湖,0.0
贵阳,安庆,0.0
贵阳,福州,0.0
贵阳,厦门,0.0
贵阳,泉州,0.0
贵阳,南昌,266.0
贵阳,鹰潭,0.0
贵阳,赣州,0.0
贵阳,济南,363.0
贵阳,潍坊,0.0
贵阳,烟台,0.0
贵阳,青岛,0.0
贵阳,济宁,0.0
贵阳,临沂,0.0
贵阳,郑州,314.0
贵阳,漯河,0.0
贵阳,信阳,0.0
贵阳,洛阳,0.0
贵阳,武汉,776.0
贵阳,荆州,0.0
贵阳,襄阳,0.0
贵阳,长沙,557.0
贵阳,常德,0.0
贵阳,衡阳,0.0
贵阳,广州,1283.0
贵阳,汕头,0.0
贵阳,深圳,0.0
贵阳,东莞,0.0
贵阳,湛江,0.0
贵阳,中山,0.0
贵阳,南宁,408.0
贵阳,柳州,0.0
贵阳,海口,0.0
贵阳,重庆,499.0
贵阳,成都,7276.0
贵阳,南充,0.0
贵阳,内江,0.0
贵阳,贵阳,0.0
贵阳,昆明,0.0
贵阳,大理州,0.0
贵阳,拉萨,0.0
贵阳,西安,754.0
贵阳,宝鸡,0.0
贵阳,兰州,0.0
贵阳,西宁,0.0
贵阳,银川,0.0
贵阳,乌鲁木齐,0.0
贵阳,阿克苏,0.0
贵阳,喀什,0.0
昆明,北京,2557.0
昆明,天津,0.0
昆明,石家庄,0.0
昆明,唐山,0.0
昆明,廊坊,0.0
昆明,保定,0.0
昆明,太原,0.0
昆明,侯马,0.0
昆明,呼和浩特,0.0
昆明,包头,0.0
昆明,沈阳,0.0
昆明,大连,0.0
昆明,锦州,0.0
昆明,长春,0.0
昆明,哈尔滨,0.0
昆明,上海,1504.0
昆明,南京,0.0
昆明,常州,0.0
昆明,无锡,0.0
昆明,苏州,0.0
昆明,徐州,187.0
昆明,连云港,0.0
昆明,淮安,0.0
昆明,盐城,0.0
昆明,扬州,0.0
昆明,南通,0.0
昆明,杭州,0.0
昆明,湖州,0.0
昆明,嘉兴,0.0
昆明,宁波,0.0
昆明,台州,0.0
昆明,金华,279.0
昆明,义乌,87.0
昆明,温州,0.0
昆明,合肥,0.0
昆明,蚌埠,0.0
昆明,芜湖,0.0
昆明,安庆,0.0
昆明,福州,0.0
昆明,厦门,0.0
昆明,泉州,0.0
昆明,南昌,513.0
昆明,鹰潭,0.0
昆明,赣州,0.0
昆明,济南,0.0
昆明,潍坊,0.0
昆明,烟台,0.0
昆明,青岛,0.0
昆明,济宁,0.0
昆明,临沂,0.0
昆明,郑州,460.0
昆明,漯河,0.0
昆明,信阳,0.0
昆明,洛阳,0.0
昆明,武汉,1301.0
昆明,荆州,0.0
昆明,襄阳,0.0
昆明,长沙,856.0
昆明,常德,0.0
昆明,衡阳,0.0
昆明,广州,2329.0
昆明,汕头,0.0
昆明,深圳,0.0
昆明,东莞,0.0
昆明,湛江,0.0
昆明,中山,0.0
昆明,南宁,0.0
昆明,柳州,0.0
昆明,海口,0.0
昆明,重庆,824.0
昆明,成都,17646.0
昆明,南充,0.0
昆明,内江,0.0
昆明,贵阳,0.0
昆明,昆明,0.0
昆明,大理州,2171.0
昆明,拉萨,0.0
昆明,西安,0.0
昆明,宝鸡,0.0
昆明,兰州,0.0
昆明,西宁,0.0
昆明,银川,0.0
昆明,乌鲁木齐,0.0
昆明,阿克苏,0.0
昆明,喀什,0.0
大理州,北京,0.0
大理州,天津,0.0
大理州,石家庄,0.0
大理州,唐山,0.0
大理州,廊坊,0.0
大理州,保定,0.0
大理州,太原,0.0
大理州,侯马,0.0
大理州,呼和浩特,0.0
大理州,包头,0.0
大理州,沈阳,0.0
大理州,大连,0.0
大理州,锦州,0.0
大理州,长春,0.0
大理州,哈尔滨,0.0
大理州,上海,518.0
大理州,南京,0.0
大理州,常州,0.0
大理州,无锡,0.0
大理州,苏州,0.0
大理州,徐州,0.0
大理州,连云港,0.0
大理州,淮安,0.0
大理州,盐城,0.0
大理州,扬州,0.0
大理州,南通,0.0
大理州,杭州,0.0
大理州,湖州,0.0
大理州,嘉兴,0.0
大理州,宁波,0.0
大理州,台州,0.0
大理州,金华,0.0
大理州,义乌,0.0
大理州,温州,0.0
大理州,合肥,0.0
大理州,蚌埠,0.0
大理州,芜湖,0.0
大理州,安庆,0.0
大理州,福州,0.0
大理州,厦门,0.0
大理州,泉州,0.0
大理州,南昌,0.0
大理州,鹰潭,0.0
大理州,赣州,0.0
大理州,济南,0.0
大理州,潍坊,0.0
大理州,烟台,0.0
大理州,青岛,0.0
大理州,济宁,0.0
大理州,临沂,0.0
大理州,郑州,0.0
大理州,漯河,0.0
大理州,信阳,0.0
大理州,洛阳,0.0
大理州,武汉,442.0
大理州,荆州,0.0
大理州,襄阳,0.0
大理州,长沙,0.0
大理州,常德,0.0
大理州,衡阳,0.0
大理州,广州,0.0
大理州,汕头,0.0
大理州,深圳,0.0
大理州,东莞,0.0
大理州,湛江,0.0
大理州,中山,0.0
大理州,南宁,0.0
大理州,柳州,0.0
大理州,海口,0.0
大理州,重庆,0.0
大理州,成都,7263.0
大理州,南充,0.0
大理州,内江,0.0
大理州,贵阳,0.0
大理州,昆明,1126.0
大理州,大理州,0.0
大理州,拉萨,0.0
大理州,西安,0.0
大理州,宝鸡,0.0
大理州,兰州,0.0
大理州,西宁,0.0
大理州,银川,0.0
大理州,乌鲁木齐,0.0
大理州,阿克苏,0.0
大理州,喀什,0.0
拉萨,北京,0.0
拉萨,天津,0.0
拉萨,石家庄,0.0
拉萨,唐山,0.0
拉萨,廊坊,0.0
拉萨,保定,0.0
拉萨,太原,0.0
拉萨,侯马,0.0
拉萨,呼和浩特,0.0
拉萨,包头,0.0
拉萨,沈阳,0.0
拉萨,大连,0.0
拉萨,锦州,0.0
拉萨,长春,0.0
拉萨,哈尔滨,0.0
拉萨,上海,21.0
拉萨,南京,0.0
拉萨,常州,0.0
拉萨,无锡,0.0
拉萨,苏州,0.0
拉萨,徐州,0.0
拉萨,连云港,0.0
拉萨,淮安,0.0
拉萨,盐城,0.0
拉萨,扬州,0.0
拉萨,南通,0.0
拉萨,杭州,0.0
拉萨,湖州,0.0
拉萨,嘉兴,0.0
拉萨,宁波,0.0
拉萨,台州,0.0
拉萨,金华,0.0
拉萨,义乌,0.0
拉萨,温州,0.0
拉萨,合肥,0.0
拉萨,蚌埠,0.0
拉萨,芜湖,0.0
拉萨,安庆,0.0
拉萨,福州,0.0
拉萨,厦门,0.0
拉萨,泉州,0.0
拉萨,南昌,0.0
拉萨,鹰潭,0.0
拉萨,赣州,0.0
拉萨,济南,0.0
拉萨,潍坊,0.0
拉萨,烟台,0.0
拉萨,青岛,0.0
拉萨,济宁,0.0
拉萨,临沂,0.0
拉萨,郑州,0.0
拉萨,漯河,0.0
拉萨,信阳,0.0
拉萨,洛阳,0.0
拉萨,武汉,0.0
拉萨,荆州,0.0
拉萨,襄阳,0.0
拉萨,长沙,0.0
拉萨,常德,0.0
拉萨,衡阳,0.0
拉萨,广州,0.0
拉萨,汕头,0.0
拉萨,深圳,0.0
拉萨,东莞,0.0
拉萨,湛江,0.0
拉萨,中山,0.0
拉萨,南宁,0.0
拉萨,柳州,0.0
拉萨,海口,0.0
拉萨,重庆,0.0
拉萨,成都,0.0
拉萨,南充,0.0
拉萨,内江,0.0
拉萨,贵阳,0.0
拉萨,昆明,0.0
拉萨,大理州,0.0
拉萨,拉萨,0.0
拉萨,西安,1061.0
拉萨,宝鸡,0.0
拉萨,兰州,0.0
拉萨,西宁,0.0
拉萨,银川,0.0
拉萨,乌鲁木齐,0.0
拉萨,阿克苏,0.0
拉萨,喀什,0.0
西安,北京,11311.0
西安,天津,5236.0
西安,石家庄,3926.0
西安,唐山,0.0
西安,廊坊,1722.0
西安,保定,3102.0
西安,太原,5853.0
西安,侯马,5301.0
西安,呼和浩特,0.0
西安,包头,0.0
西安,沈阳,6526.0
西安,大连,0.0
西安,锦州,0.0
西安,长春,3664.0
西安,哈尔滨,5387.0
西安,上海,6779.0
西安,南京,3826.0
西安,常州,2065.0
西安,无锡,3396.0
西安,苏州,4633.0
西安,徐州,1948.0
西安,连云港,0.0
西安,淮安,0.0
西安,盐城,1747.0
西安,扬州,1513.0
西安,南通,2325.0
西安,杭州,6011.0
西安,湖州,1551.0
西安,嘉兴,2725.0
西安,宁波,3133.0
西安,台州,1492.0
西安,金华,1520.0
西安,义乌,589.0
西安,温州,4333.0
西安,合肥,3314.0
西安,蚌埠,1597.0
西安,芜湖,2348.0
西安,安庆,2189.0
西安,福州,4852.0
西安,厦门,3574.0
西安,泉州,4041.0
西安,南昌,4921.0
西安,鹰潭,0.0
西安,赣州,2517.0
西安,济南,3897.0
西安,潍坊,2947.0
西安,烟台,0.0
西安,青岛,0.0
西安,济宁,2410.0
西安,临沂,2471.0
西安,郑州,3414.0
西安,漯河,2139.0
西安,信阳,0.0
西安,洛阳,1173.0
西安,武汉,9007.0
西安,荆州,0.0
西安,襄阳,0.0
西安,长沙,6787.0
西安,常德,0.0
西安,衡阳,3923.0
西安,广州,14470.0
西安,汕头,2205.0
西安,深圳,7457.0
西安,东莞,4881.0
西安,湛江,3397.0
西安,中山,4712.0
西安,南宁,4883.0
西安,柳州,3655.0
西安,海口,0.0
西安,重庆,5512.0
西安,成都,12193.0
西安,南充,3953.0
西安,内江,0.0
西安,贵阳,4469.0
西安,昆明,0.0
西安,大理州,0.0
西安,拉萨,6933.0
西安,西安,0.0
西安,宝鸡,4054.0
西安,兰州,6545.0
西安,西宁,5965.0
西安,银川,7292.0
西安,乌鲁木齐,9107.0
西安,阿克苏,8250.0
西安,喀什,2787.0
宝鸡,北京,1924.0
宝鸡,天津,0.0
宝鸡,石家庄,0.0
宝鸡,唐山,0.0
宝鸡,廊坊,0.0
宝鸡,保定,0.0
宝鸡,太原,0.0
宝鸡,侯马,0.0
宝鸡,呼和浩特,0.0
宝鸡,包头,0.0
宝鸡,沈阳,0.0
宝鸡,大连,0.0
宝鸡,锦州,0.0
宝鸡,长春,0.0
宝鸡,哈尔滨,0.0
宝鸡,上海,884.0
宝鸡,南京,0.0
宝鸡,常州,0.0
宝鸡,无锡,0.0
宝鸡,苏州,0.0
宝鸡,徐州,0.0
宝鸡,连云港,0.0
宝鸡,淮安,0.0
宝鸡,盐城,0.0
宝鸡,扬州,0.0
宝鸡,南通,0.0
宝鸡,杭州,0.0
宝鸡,湖州,0.0
宝鸡,嘉兴,0.0
宝鸡,宁波,0.0
宝鸡,台州,0.0
宝鸡,金华,0.0
宝鸡,义乌,0.0
宝鸡,温州,0.0
宝鸡,合肥,0.0
宝鸡,蚌埠,0.0
宝鸡,芜湖,0.0
宝鸡,安庆,0.0
宝鸡,福州,0.0
宝鸡,厦门,0.0
宝鸡,泉州,0.0
宝鸡,南昌,0.0
宝鸡,鹰潭,0.0
宝鸡,赣州,0.0
宝鸡,济南,0.0
宝鸡,潍坊,0.0
宝鸡,烟台,0.0
宝鸡,青岛,0.0
宝鸡,济宁,0.0
宝鸡,临沂,0.0
宝鸡,郑州,0.0
宝鸡,漯河,0.0
宝鸡,信阳,0.0
宝鸡,洛阳,0.0
宝鸡,武汉,0.0
宝鸡,荆州,0.0
宝鸡,襄阳,0.0
宝鸡,长沙,0.0
宝鸡,常德,0.0
宝鸡,衡阳,0.0
宝鸡,广州,1844.0
宝鸡,汕头,0.0
宝鸡,深圳,0.0
宝鸡,东莞,0.0
宝鸡,湛江,0.0
宝鸡,中山,0.0
宝鸡,南宁,0.0
宝鸡,柳州,0.0
宝鸡,海口,0.0
宝鸡,重庆,0.0
宝鸡,成都,0.0
宝鸡,南充,0.0
宝鸡,内江,0.0
宝鸡,贵阳,0.0
宝鸡,昆明,0.0
宝鸡,大理州,0.0
宝鸡,拉萨,0.0
宝鸡,西安,15448.0
宝鸡,宝鸡,0.0
宝鸡,兰州,0.0
宝鸡,西宁,0.0
宝鸡,银川,0.0
宝鸡,乌鲁木齐,0.0
宝鸡,阿克苏,0.0
宝鸡,喀什,0.0
兰州,北京,916.0
兰州,天津,0.0
兰州,石家庄,0.0
兰州,唐山,0.0
兰州,廊坊,0.0
兰州,保定,0.0
兰州,太原,0.0
兰州,侯马,0.0
兰州,呼和浩特,0.0
兰州,包头,0.0
兰州,沈阳,0.0
兰州,大连,0.0
兰州,锦州,0.0
兰州,长春,0.0
兰州,哈尔滨,0.0
兰州,上海,415.0
兰州,南京,0.0
兰州,常州,0.0
兰州,无锡,0.0
兰州,苏州,0.0
兰州,徐州,68.0
兰州,连云港,0.0
兰州,淮安,0.0
兰州,盐城,0.0
兰州,扬州,0.0
兰州,南通,0.0
兰州,杭州,0.0
兰州,湖州,0.0
兰州,嘉兴,0.0
兰州,宁波,0.0
兰州,台州,0.0
兰州,金华,66.0
兰州,义乌,0.0
兰州,温州,0.0
兰州,合肥,0.0
兰州,蚌埠,0.0
兰州,芜湖,0.0
兰州,安庆,0.0
兰州,福州,0.0
兰州,厦门,0.0
兰州,泉州,0.0
兰州,南昌,0.0
兰州,鹰潭,0.0
兰州,赣州,0.0
兰州,济南,220.0
兰州,潍坊,0.0
兰州,烟台,0.0
兰州,青岛,0.0
兰州,济宁,0.0
兰州,临沂,0.0
兰州,郑州,207.0
兰州,漯河,0.0
兰州,信阳,0.0
兰州,洛阳,0.0
兰州,武汉,389.0
兰州,荆州,0.0
兰州,襄阳,0.0
兰州,长沙,227.0
兰州,常德,0.0
兰州,衡阳,0.0
兰州,广州,836.0
兰州,汕头,0.0
兰州,深圳,0.0
兰州,东莞,0.0
兰州,湛江,0.0
兰州,中山,0.0
兰州,南宁,0.0
兰州,柳州,0.0
兰州,海口,0.0
兰州,重庆,0.0
兰州,成都,723.0
兰州,南充,0.0
兰州,内江,0.0
兰州,贵阳,0.0
兰州,昆明,0.0
兰州,大理州,0.0
兰州,拉萨,0.0
兰州,西安,8327.0
兰州,宝鸡,0.0
兰州,兰州,0.0
兰州,西宁,0.0
兰州,银川,0.0
兰州,乌鲁木齐,0.0
兰州,阿克苏,0.0
兰州,喀什,0.0
西宁,北京,0.0
西宁,天津,0.0
西宁,石家庄,0.0
西宁,唐山,0.0
西宁,廊坊,0.0
西宁,保定,0.0
西宁,太原,0.0
西宁,侯马,0.0
西宁,呼和浩特,0.0
西宁,包头,0.0
西宁,沈阳,0.0
西宁,大连,0.0
西宁,锦州,0.0
西宁,长春,0.0
西宁,哈尔滨,0.0
西宁,上海,56.0
西宁,南京,0.0
西宁,常州,0.0
西宁,无锡,0.0
西宁,苏州,0.0
西宁,徐州,0.0
西宁,连云港,0.0
西宁,淮安,0.0
西宁,盐城,0.0
西宁,扬州,0.0
西宁,南通,0.0
西宁,杭州,0.0
西宁,湖州,0.0
西宁,嘉兴,0.0
西宁,宁波,0.0
西宁,台州,0.0
西宁,金华,0.0
西宁,义乌,0.0
西宁,温州,0.0
西宁,合肥,0.0
西宁,蚌埠,0.0
西宁,芜湖,0.0
西宁,安庆,0.0
西宁,福州,0.0
西宁,厦门,0.0
西宁,泉州,0.0
西宁,南昌,0.0
西宁,鹰潭,0.0
西宁,赣州,0.0
西宁,济南,0.0
西宁,潍坊,0.0
西宁,烟台,0.0
西宁,青岛,0.0
西宁,济宁,0.0
西宁,临沂,0.0
西宁,郑州,0.0
西宁,漯河,0.0
西宁,信阳,0.0
西宁,洛阳,0.0
西宁,武汉,0.0
西宁,荆州,0.0
西宁,襄阳,0.0
西宁,长沙,0.0
西宁,常德,0.0
西宁,衡阳,0.0
西宁,广州,0.0
西宁,汕头,0.0
西宁,深圳,0.0
西宁,东莞,0.0
西宁,湛江,0.0
西宁,中山,0.0
西宁,南宁,0.0
西宁,柳州,0.0
西宁,海口,0.0
西宁,重庆,0.0
西宁,成都,0.0
西宁,南充,0.0
西宁,内江,0.0
西宁,贵阳,0.0
西宁,昆明,0.0
西宁,大理州,0.0
西宁,拉萨,0.0
西宁,西安,2623.0
西宁,宝鸡,0.0
西宁,兰州,0.0
西宁,西宁,0.0
西宁,银川,0.0
西宁,乌鲁木齐,0.0
西宁,阿克苏,0.0
西宁,喀什,0.0
银川,北京,422.0
银川,天津,0.0
银川,石家庄,0.0
银川,唐山,0.0
银川,廊坊,0.0
银川,保定,0.0
银川,太原,0.0
银川,侯马,0.0
银川,呼和浩特,0.0
银川,包头,0.0
银川,沈阳,0.0
银川,大连,0.0
银川,锦州,0.0
银川,长春,0.0
银川,哈尔滨,0.0
银川,上海,111.0
银川,南京,0.0
银川,常州,0.0
银川,无锡,0.0
银川,苏州,0.0
银川,徐州,0.0
银川,连云港,0.0
银川,淮安,0.0
银川,盐城,0.0
银川,扬州,0.0
银川,南通,0.0
银川,杭州,0.0
银川,湖州,0.0
银川,嘉兴,0.0
银川,宁波,0.0
银川,台州,0.0
银川,金华,0.0
银川,义乌,0.0
银川,温州,0.0
银川,合肥,0.0
银川,蚌埠,0.0
银川,芜湖,0.0
银川,安庆,0.0
银川,福州,0.0
银川,厦门,0.0
银川,泉州,0.0
银川,南昌,0.0
银川,鹰潭,0.0
银川,赣州,0.0
银川,济南,0.0
银川,潍坊,0.0
银川,烟台,0.0
银川,青岛,0.0
银川,济宁,0.0
银川,临沂,0.0
银川,郑州,0.0
银川,漯河,0.0
银川,信阳,0.0
银川,洛阳,0.0
银川,武汉,131.0
银川,荆州,0.0
银川,襄阳,0.0
银川,长沙,0.0
银川,常德,0.0
银川,衡阳,0.0
银川,广州,264.0
银川,汕头,0.0
银川,深圳,0.0
银川,东莞,0.0
银川,湛江,0.0
银川,中山,0.0
银川,南宁,0.0
银川,柳州,0.0
银川,海口,0.0
银川,重庆,0.0
银川,成都,0.0
银川,南充,0.0
银川,内江,0.0
银川,贵阳,0.0
银川,昆明,0.0
银川,大理州,0.0
银川,拉萨,0.0
银川,西安,2832.0
银川,宝鸡,0.0
银川,兰州,0.0
银川,西宁,0.0
银川,银川,0.0
银川,乌鲁木齐,0.0
银川,阿克苏,0.0
银川,喀什,0.0
乌鲁木齐,北京,735.0
乌鲁木齐,天津,0.0
乌鲁木齐,石家庄,0.0
乌鲁木齐,唐山,0.0
乌鲁木齐,廊坊,0.0
乌鲁木齐,保定,0.0
乌鲁木齐,太原,0.0
乌鲁木齐,侯马,0.0
乌鲁木齐,呼和浩特,0.0
乌鲁木齐,包头,0.0
乌鲁木齐,沈阳,0.0
乌鲁木齐,大连,0.0
乌鲁木齐,锦州,0.0
乌鲁木齐,长春,0.0
乌鲁木齐,哈尔滨,0.0
乌鲁木齐,上海,356.0
乌鲁木齐,南京,0.0
乌鲁木齐,常州,0.0
乌鲁木齐,无锡,0.0
乌鲁木齐,苏州,0.0
乌鲁木齐,徐州,0.0
乌鲁木齐,连云港,0.0
乌鲁木齐,淮安,0.0
乌鲁木齐,盐城,0.0
乌鲁木齐,扬州,0.0
乌鲁木齐,南通,0.0
乌鲁木齐,杭州,0.0
乌鲁木齐,湖州,0.0
乌鲁木齐,嘉兴,0.0
乌鲁木齐,宁波,0.0
乌鲁木齐,台州,0.0
乌鲁木齐,金华,66.0
乌鲁木齐,义乌,0.0
乌鲁木齐,温州,0.0
乌鲁木齐,合肥,0.0
乌鲁木齐,蚌埠,0.0
乌鲁木齐,芜湖,0.0
乌鲁木齐,安庆,0.0
乌鲁木齐,福州,0.0
乌鲁木齐,厦门,0.0
乌鲁木齐,泉州,0.0
乌鲁木齐,南昌,0.0
乌鲁木齐,鹰潭,0.0
乌鲁木齐,赣州,0.0
乌鲁木齐,济南,0.0
乌鲁木齐,潍坊,0.0
乌鲁木齐,烟台,0.0
乌鲁木齐,青岛,0.0
乌鲁木齐,济宁,0.0
乌鲁木齐,临沂,0.0
乌鲁木齐,郑州,0.0
乌鲁木齐,漯河,0.0
乌鲁木齐,信阳,0.0
乌鲁木齐,洛阳,0.0
乌鲁木齐,武汉,502.0
乌鲁木齐,荆州,0.0
乌鲁木齐,襄阳,0.0
乌鲁木齐,长沙,0.0
乌鲁木齐,常德,0.0
乌鲁木齐,衡阳,0.0
乌鲁木齐,广州,698.0
乌鲁木齐,汕头,0.0
乌鲁木齐,深圳,0.0
乌鲁木齐,东莞,0.0
乌鲁木齐,湛江,0.0
乌鲁木齐,中山,0.0
乌鲁木齐,南宁,0.0
乌鲁木齐,柳州,0.0
乌鲁木齐,海口,0.0
乌鲁木齐,重庆,0.0
乌鲁木齐,成都,0.0
乌鲁木齐,南充,0.0
乌鲁木齐,内江,0.0
乌鲁木齐,贵阳,0.0
乌鲁木齐,昆明,0.0
乌鲁木齐,大理州,0.0
乌鲁木齐,拉萨,0.0
乌鲁木齐,西安,9339.0
乌鲁木齐,宝鸡,0.0
乌鲁木齐,兰州,0.0
乌鲁木齐,西宁,0.0
乌鲁木齐,银川,0.0
乌鲁木齐,乌鲁木齐,0.0
乌鲁木齐,阿克苏,0.0
乌鲁木齐,喀什,0.0
阿克苏,北京,0.0
阿克苏,天津,0.0
阿克苏,石家庄,0.0
阿克苏,唐山,0.0
阿克苏,廊坊,0.0
阿克苏,保定,0.0
阿克苏,太原,0.0
阿克苏,侯马,0.0
阿克苏,呼和浩特,0.0
阿克苏,包头,0.0
阿克苏,沈阳,0.0
阿克苏,大连,0.0
阿克苏,锦州,0.0
阿克苏,长春,0.0
阿克苏,哈尔滨,0.0
阿克苏,上海,56.0
阿克苏,南京,0.0
阿克苏,常州,0.0
阿克苏,无锡,0.0
阿克苏,苏州,0.0
阿克苏,徐州,0.0
阿克苏,连云港,0.0
阿克苏,淮安,0.0
阿克苏,盐城,0.0
阿克苏,扬州,0.0
阿克苏,南通,0.0
阿克苏,杭州,0.0
阿克苏,湖州,0.0
阿克苏,嘉兴,0.0
阿克苏,宁波,0.0
阿克苏,台州,0.0
阿克苏,金华,0.0
阿克苏,义乌,0.0
阿克苏,温州,0.0
阿克苏,合肥,0.0
阿克苏,蚌埠,0.0
阿克苏,芜湖,0.0
阿克苏,安庆,0.0
阿克苏,福州,0.0
阿克苏,厦门,0.0
阿克苏,泉州,0.0
阿克苏,南昌,0.0
阿克苏,鹰潭,0.0
阿克苏,赣州,0.0
阿克苏,济南,0.0
阿克苏,潍坊,0.0
阿克苏,烟台,0.0
阿克苏,青岛,0.0
阿克苏,济宁,0.0
阿克苏,临沂,0.0
阿克苏,郑州,0.0
阿克苏,漯河,0.0
阿克苏,信阳,0.0
阿克苏,洛阳,0.0
阿克苏,武汉,0.0
阿克苏,荆州,0.0
阿克苏,襄阳,0.0
阿克苏,长沙,0.0
阿克苏,常德,0.0
阿克苏,衡阳,0.0
阿克苏,广州,0.0
阿克苏,汕头,0.0
阿克苏,深圳,0.0
阿克苏,东莞,0.0
阿克苏,湛江,0.0
阿克苏,中山,0.0
阿克苏,南宁,0.0
阿克苏,柳州,0.0
阿克苏,海口,0.0
阿克苏,重庆,0.0
阿克苏,成都,0.0
阿克苏,南充,0.0
阿克苏,内江,0.0
阿克苏,贵阳,0.0
阿克苏,昆明,0.0
阿克苏,大理州,0.0
阿克苏,拉萨,0.0
阿克苏,西安,1771.0
阿克苏,宝鸡,0.0
阿克苏,兰州,0.0
阿克苏,西宁,0.0
阿克苏,银川,0.0
阿克苏,乌鲁木齐,0.0
阿克苏,阿克苏,0.0
阿克苏,喀什,0.0
喀什,北京,0.0
喀什,天津,0.0
喀什,石家庄,0.0
喀什,唐山,0.0
喀什,廊坊,0.0
喀什,保定,0.0
喀什,太原,0.0
喀什,侯马,0.0
喀什,呼和浩特,0.0
喀什,包头,0.0
喀什,沈阳,0.0
喀什,大连,0.0
喀什,锦州,0.0
喀什,长春,0.0
喀什,哈尔滨,0.0
喀什,上海,0.0
喀什,南京,0.0
喀什,常州,0.0
喀什,无锡,0.0
喀什,苏州,0.0
喀什,徐州,0.0
喀什,连云港,0.0
喀什,淮安,0.0
喀什,盐城,0.0
喀什,扬州,0.0
喀什,南通,0.0
喀什,杭州,0.0
喀什,湖州,0.0
喀什,嘉兴,0.0
喀什,宁波,0.0
喀什,台州,0.0
喀什,金华,0.0
喀什,义乌,0.0
喀什,温州,0.0
喀什,合肥,0.0
喀什,蚌埠,0.0
喀什,芜湖,0.0
喀什,安庆,0.0
喀什,福州,0.0
喀什,厦门,0.0
喀什,泉州,0.0
喀什,南昌,0.0
喀什,鹰潭,0.0
喀什,赣州,0.0
喀什,济南,0.0
喀什,潍坊,0.0
喀什,烟台,0.0
喀什,青岛,0.0
喀什,济宁,0.0
喀什,临沂,0.0
喀什,郑州,0.0
喀什,漯河,0.0
喀什,信阳,0.0
喀什,洛阳,0.0
喀什,武汉,0.0
喀什,荆州,0.0
喀什,襄阳,0.0
喀什,长沙,0.0
喀什,常德,0.0
喀什,衡阳,0.0
喀什,广州,0.0
喀什,汕头,0.0
喀什,深圳,0.0
喀什,东莞,0.0
喀什,湛江,0.0
喀什,中山,0.0
喀什,南宁,0.0
喀什,柳州,0.0
喀什,海口,0.0
喀什,重庆,0.0
喀什,成都,0.0
喀什,南充,0.0
喀什,内江,0.0
喀什,贵阳,0.0
喀什,昆明,0.0
喀什,大理州,0.0
喀什,拉萨,0.0
喀什,西安,584.0
喀什,宝鸡,0.0
喀什,兰州,0.0
喀什,西宁,0.0
喀什,银川,0.0
喀什,乌鲁木齐,0.0
喀什,阿克苏,0.0
喀什,喀什,0.0
