start_trans_hub,end_trans_hub,zb_num,big_num
南京,常州,198,2483
南京,淮安,43,466
无锡,连云港,39,271
苏州,徐州,158,1142
连云港,苏州,86,593
徐州,盐城,64,1039
常州,南通,83,765
南通,苏州,134,3043
南通,盐城,40,768
杭州,温州,542,1186
嘉兴,宁波,184,521
台州,宁波,274,950
长沙,长沙,491,8231
武汉,襄阳,95,1718
汕头,中山,73,594
石家庄,西安,338,4000
石家庄,太原,226,2659
石家庄,南京,106,1260
石家庄,阿克苏,27,289
天津,信阳,24,731
廊坊,侯马,23,175
廊坊,南昌,26,234
廊坊,厦门,18,154
廊坊,郑州,44,392
廊坊,南充,13,117
保定,合肥,46,385
保定,济南,193,1647
保定,信阳,77,606
保定,常州,25,174
保定,襄阳,18,129
北京,西安,78,1728
沈阳,合肥,54,387
沈阳,蚌埠,36,245
长春,信阳,12,200
长春,贵阳,20,381
哈尔滨,长春,80,2789
南京,哈尔滨,152,1812
南京,锦州,38,422
南京,洛阳,63,692
南京,汕头,75,838
扬州,郑州,80,858
扬州,漯河,34,342
常州,厦门,112,1112
无锡,福州,75,551
无锡,银川,34,245
无锡,石家庄,87,671
无锡,金华,49,372
无锡,长沙,91,685
无锡,汕头,36,268
无锡,南宁,53,408
无锡,海口,35,265
无锡,成都,140,1052
苏州,广州,292,2333
苏州,济南,197,1546
苏州,青岛,100,814
徐州,北京,244,4978
徐州,湛江,68,1134
徐州,贵阳,215,3675
徐州,海口,112,2105
连云港,南昌,51,335
连云港,银川,23,154
连云港,昆明,35,243
淮安,石家庄,22,185
淮安,漯河,12,109
淮安,金华,20,201
徐州,侯马,80,1388
徐州,芜湖,66,1118
盐城,合肥,55,311
盐城,厦门,36,184
盐城,郑州,109,587
扬州,北京,50,542
扬州,洛阳,25,259
扬州,汕头,26,258
扬州,南充,24,228
常州,哈尔滨,200,2018
常州,芜湖,55,516
常州,襄阳,44,406
常州,南充,69,637
常州,兰州,91,888
南通,太原,36,781
南通,青岛,50,1085
南通,宁波,56,1292
南通,武汉,92,2065
南通,南宁,52,1172
南通,西安,80,1777
合肥,北京,261,2750
合肥,芜湖,120,1205
合肥,福州,226,2412
安庆,侯马,63,565
安庆,宁波,78,808
安庆,南昌,128,1233
安庆,汕头,87,861
安庆,南宁,138,1378
安庆,兰州,72,686
蚌埠,沈阳,219,2340
蚌埠,漯河,96,979
蚌埠,西安,245,2553
济南,郑州,298,3472
济南,乌鲁木齐,91,1071
潍坊,郑州,35,511
临沂,信阳,25,260
杭州,天津,434,1029
杭州,衡阳,176,404
杭州,广州,1133,2680
杭州,南宁,429,1023
杭州,柳州,165,374
杭州,银川,163,382
湖州,石家庄,182,489
湖州,常州,64,172
湖州,济南,275,731
湖州,青岛,94,250
嘉兴,石家庄,109,330
嘉兴,沈阳,147,441
嘉兴,汕头,74,217
嘉兴,成都,194,571
嘉兴,海口,47,145
嘉兴,兰州,79,236
嘉兴,大理州,26,77
宁波,石家庄,175,1419
宁波,南昌,185,1441
宁波,福州,190,1510
宁波,襄阳,46,353
宁波,昆明,146,1169
宁波,大理州,34,263
台州,锦州,52,179
台州,徐州,198,717
台州,合肥,274,1006
台州,信阳,180,647
台州,汕头,185,666
台州,成都,417,1478
台州,银川,79,287
金华,长春,388,2860
金华,洛阳,223,1656
金华,广州,1166,8965
金华,柳州,183,1326
金华,西安,662,5023
金华,兰州,252,1908
金华,鹰潭,83,593
温州,侯马,85,324
温州,合肥,184,773
温州,洛阳,88,338
温州,广州,542,2237
温州,柳州,78,302
南昌,天津,145,1738
南昌,西安,232,2648
鹰潭,郑州,32,308
福州,济南,121,1370
福州,湛江,39,446
泉州,哈尔滨,47,1496
泉州,呼和浩特,29,842
泉州,石家庄,45,1249
泉州,南京,38,1139
泉州,济南,76,2267
泉州,武汉,71,2291
泉州,信阳,30,771
泉州,南充,22,622
厦门,汕头,43,1336
重庆,广州,121,4622
重庆,呼和浩特,61,2236
重庆,侯马,19,638
重庆,徐州,23,769
重庆,南昌,47,1647
重庆,襄阳,12,439
重庆,昆明,95,3773
重庆,西安,76,2841
长沙,侯马,78,1108
长沙,天津,168,2558
长沙,长春,113,1798
长沙,常州,77,1079
长沙,青岛,117,1733
长沙,襄阳,53,768
常德,杭州,19,349
衡阳,石家庄,32,814
武汉,呼和浩特,108,2189
武汉,北京,270,6020
武汉,杭州,162,3577
荆州,常州,11,102
武汉,阿克苏,30,512
郑州,合肥,165,2955
郑州,杭州,184,3413
郑州,广州,520,9500
郑州,西安,379,6948
郑州,洛阳,133,2174
洛阳,天津,105,1244
洛阳,哈尔滨,128,1394
洛阳,合肥,67,685
洛阳,南京,57,598
洛阳,芜湖,25,248
信阳,信阳,19,246
郑州,襄阳,58,1026
汕头,锦州,12,82
汕头,济南,63,487
汕头,南充,29,221
汕头,昆明,57,419
湛江,武汉,23,597
湛江,湛江,6,135
中山,汕头,81,996
成都,乌鲁木齐,44,1891
成都,南宁,67,1513
昆明,中山,25,496
石家庄,唐山,91,1017
石家庄,泉州,68,793
石家庄,扬州,28,321
石家庄,包头,36,388
石家庄,宝鸡,25,280
天津,泉州,10,290
唐山,廊坊,9,95
唐山,沈阳,19,256
唐山,哈尔滨,16,199
唐山,郑州,14,170
唐山,信阳,6,75
唐山,呼和浩特,6,81
唐山,锦州,5,53
唐山,临沂,5,44
唐山,南昌,6,74
北京,长春,62,1348
北京,武汉,57,1271
北京,昆明,43,955
廊坊,呼和浩特,24,214
廊坊,大连,16,159
廊坊,嘉兴,8,68
廊坊,宝鸡,5,37
保定,上海,82,725
保定,重庆,56,489
保定,蚌埠,29,249
保定,安庆,15,121
保定,济宁,36,298
保定,台州,15,121
保定,义乌,7,49
北京,呼和浩特,30,652
北京,蚌埠,15,309
北京,芜湖,10,219
北京,南宁,33,765
北京,保定,17,379
北京,大连,17,391
沈阳,唐山,70,568
沈阳,杭州,77,593
沈阳,苏州,79,596
沈阳,淮安,12,76
沈阳,芜湖,21,137
沈阳,泉州,26,212
长春,廊坊,8,220
长春,常州,7,172
长春,蚌埠,7,167
长春,泉州,6,154
长春,重庆,11,292
长春,洛阳,7,156
哈尔滨,呼和浩特,22,681
哈尔滨,廊坊,15,389
哈尔滨,合肥,14,369
哈尔滨,杭州,27,869
哈尔滨,嘉兴,10,256
哈尔滨,厦门,15,369
哈尔滨,郑州,30,899
哈尔滨,信阳,12,300
哈尔滨,贵阳,15,460
哈尔滨,成都,33,1021
哈尔滨,兰州,13,380
南京,泉州,61,770
南京,衡阳,55,664
南京,东莞,83,1024
南京,银川,56,668
南京,西宁,18,208
南京,阿克苏,19,186
南京,深圳,132,1679
扬州,赣州,14,133
扬州,海口,31,354
淮安,上海,92,1043
淮安,温州,25,253
淮安,汕头,13,133
淮安,深圳,25,255
淮安,东莞,21,198
常州,泉州,80,820
常州,重庆,141,1467
无锡,台州,34,266
无锡,泉州,29,227
苏州,鹰潭,19,146
苏州,重庆,105,886
苏州,常德,32,269
徐州,烟台,55,1002
徐州,赣州,52,918
徐州,深圳,174,3504
徐州,内江,15,237
连云港,保定,24,167
连云港,淮安,12,83
连云港,安庆,13,89
连云港,临沂,24,178
连云港,台州,16,117
连云港,荆州,7,43
连云港,内江,5,26
连云港,宝鸡,6,39
淮安,阿克苏,9,84
淮安,泉州,11,104
淮安,洛阳,10,87
淮安,常德,7,59
盐城,唐山,14,70
盐城,济宁,25,137
盐城,成都,72,419
扬州,包头,10,117
扬州,淮安,13,104
扬州,内江,5,42
扬州,大理州,14,136
常州,宝鸡,17,166
常州,西宁,11,104
合肥,大连,74,802
合肥,连云港,34,362
合肥,淮安,23,238
合肥,潍坊,81,890
合肥,湖州,36,370
合肥,温州,97,1046
合肥,海口,61,646
安庆,临沂,37,371
安庆,荆州,15,143
蚌埠,无锡,54,541
蚌埠,嘉兴,42,413
蚌埠,重庆,118,1297
蚌埠,洛阳,69,721
蚌埠,湖州,24,226
芜湖,上海,116,1601
芜湖,南京,45,527
芜湖,徐州,35,387
芜湖,泉州,26,310
芜湖,长沙,84,1046
芜湖,深圳,57,735
芜湖,保定,21,249
芜湖,银川,33,397
芜湖,无锡,19,236
济南,太原,209,2368
济南,大连,87,996
济南,长春,203,2299
济南,上海,317,4072
济南,苏州,137,1604
济南,蚌埠,81,864
济南,杭州,159,1811
济南,金华,64,693
济南,南昌,140,1495
济南,重庆,161,1852
济南,南通,48,538
潍坊,深圳,19,284
潍坊,成都,35,548
潍坊,保定,10,157
潍坊,长沙,25,365
潍坊,洛阳,12,161
潍坊,中山,16,206
潍坊,乌鲁木齐,14,217
潍坊,临沂,12,193
潍坊,泉州,8,124
青岛,杭州,33,483
青岛,广州,66,993
青岛,贵阳,27,364
青岛,锦州,15,188
青岛,金华,14,196
济宁,上海,43,1004
济宁,合肥,17,352
济宁,温州,10,206
济宁,南昌,22,410
济宁,衡阳,10,203
济宁,武汉,35,755
济宁,东莞,17,320
济宁,兰州,27,563
临沂,长春,31,377
临沂,徐州,20,210
临沂,福州,24,274
临沂,泉州,12,127
临沂,贵阳,40,449
临沂,兰州,29,316
济宁,大连,11,209
济宁,锦州,11,199
济宁,临沂,12,245
济宁,泉州,8,170
临沂,保定,13,162
临沂,安庆,8,88
临沂,常德,8,93
济宁,银川,8,160
杭州,包头,57,128
杭州,上海,1318,3155
杭州,深圳,433,1059
湖州,保定,65,177
湖州,潍坊,51,138
湖州,嘉兴,58,152
湖州,鹰潭,33,88
湖州,泉州,88,239
湖州,衡阳,71,193
湖州,东莞,117,322
嘉兴,盐城,42,128
嘉兴,赣州,36,112
宁波,无锡,74,613
宁波,东莞,123,1058
宁波,西宁,16,113
金华,包头,56,425
金华,廊坊,91,677
金华,淮安,73,557
金华,扬州,110,845
金华,济宁,170,1309
金华,深圳,420,3286
金华,东莞,350,2750
温州,无锡,93,402
温州,唐山,51,206
温州,保定,62,264
温州,淮安,29,112
南昌,保定,52,565
南昌,深圳,174,2541
南昌,盐城,36,441
南昌,安庆,43,531
南昌,义乌,25,320
鹰潭,重庆,21,207
鹰潭,长沙,29,282
鹰潭,衡阳,11,91
鹰潭,苏州,15,129
鹰潭,湛江,8,68
福州,常州,37,480
福州,金华,42,504
福州,海口,43,623
福州,台州,31,429
福州,乌鲁木齐,28,529
福州,鹰潭,17,199
福州,襄阳,27,263
厦门,石家庄,34,984
厦门,长春,23,697
厦门,重庆,30,999
泉州,海口,50,1654
泉州,大连,11,335
泉州,淮安,6,147
泉州,济宁,17,447
泉州,湖州,10,267
厦门,湛江,24,724
厦门,海口,22,742
重庆,烟台,13,475
重庆,扬州,8,302
重庆,赣州,12,490
重庆,荆州,6,227
长沙,南通,48,733
长沙,湖州,34,453
长沙,赣州,69,1135
长沙,西宁,16,242
常德,包头,4,54
常德,南昌,14,245
常德,武汉,21,387
常德,东莞,14,248
常德,南宁,15,274
常德,兰州,6,94
衡阳,北京,44,1287
衡阳,青岛,20,483
衡阳,天津,27,703
衡阳,徐州,13,367
衡阳,合肥,22,575
衡阳,南昌,33,915
衡阳,台州,9,241
武汉,济宁,41,857
荆州,上海,44,451
荆州,泉州,11,102
荆州,郑州,25,220
荆州,东莞,26,246
荆州,成都,37,378
荆州,嘉兴,8,76
武汉,西宁,21,404
襄阳,南昌,22,443
襄阳,福州,16,330
襄阳,泉州,8,158
襄阳,湛江,6,97
襄阳,柳州,10,171
襄阳,成都,29,625
郑州,廊坊,49,864
郑州,盐城,44,774
郑州,宝鸡,26,488
洛阳,无锡,35,368
洛阳,济宁,33,318
洛阳,泉州,35,412
洛阳,昆明,64,417
洛阳,包头,16,134
洛阳,鹰潭,16,162
洛阳,淮安,10,112
洛阳,湖州,15,179
漯河,武汉,48,1267
漯河,唐山,14,323
漯河,济宁,16,381
漯河,杭州,36,902
漯河,宁波,21,536
漯河,温州,19,438
信阳,太原,43,579
信阳,长春,43,577
信阳,苏州,31,434
信阳,济南,70,965
信阳,天津,47,696
信阳,贵阳,50,619
信阳,成都,70,966
信阳,保定,18,249
信阳,常州,16,210
信阳,无锡,15,205
信阳,金华,18,226
信阳,温州,17,236
信阳,武汉,54,763
信阳,深圳,37,550
信阳,中山,29,369
洛阳,义乌,14,124
信阳,锦州,15,176
广州,上海,249,2569
广州,常州,61,605
广州,蚌埠,59,575
广州,常德,64,652
广州,郑州,198,1950
广州,西宁,57,510
广州,大连,52,516
广州,安庆,39,358
汕头,南京,19,149
汕头,无锡,12,83
汕头,苏州,24,184
汕头,烟台,12,86
汕头,临沂,17,111
汕头,衡阳,31,259
汕头,东莞,72,639
汕头,大理州,13,97
广州,鹰潭,30,310
湛江,呼和浩特,6,146
湛江,南昌,17,437
湛江,柳州,10,223
湛江,大连,5,97
湛江,无锡,6,137
湛江,芜湖,5,91
湛江,安庆,5,98
湛江,济宁,4,80
湛江,临沂,4,100
湛江,台州,5,123
中山,武汉,79,1040
中山,昆明,53,675
中山,保定,20,226
中山,烟台,14,161
中山,金华,22,268
中山,衡阳,27,355
中山,南充,27,285
中山,银川,17,193
贵阳,北京,18,422
贵阳,杭州,17,391
贵阳,宁波,12,251
贵阳,南昌,12,266
贵阳,武汉,17,391
贵阳,郑州,13,314
海口,北京,10,132
海口,南京,4,53
海口,武汉,7,114
海口,东莞,5,62
成都,哈尔滨,88,2058
成都,福州,54,1280
成都,烟台,18,418
成都,襄阳,17,379
成都,信阳,35,787
成都,深圳,68,1944
昆明,厦门,17,325
昆明,郑州,25,460
昆明,西安,28,558
昆明,临沂,6,104
昆明,温州,15,316
昆明,常德,7,141
西安,天津,64,2763
西安,汕头,54,2205
西安,深圳,116,4893
西安,侯马,59,1605
西安,漯河,29,980
沈阳,安庆,16,111
合肥,阿克苏,15,140
信阳,湛江,13,174
呼和浩特,济南,14,422
呼和浩特,武汉,9,249
锦州,上海,4,87
锦州,济南,5,141
锦州,广州,5,123
太原,郑州,15,721
天津,淮安,4,113
天津,盐城,7,249
天津,安庆,7,224
天津,台州,7,211
天津,常德,5,173
天津,大理州,5,148
天津,阿克苏,4,150
沈阳,赣州,12,87
哈尔滨,湖州,6,147
哈尔滨,南充,7,170
合肥,内江,18,189
芜湖,荆州,8,97
芜湖,大理州,10,97
济南,连云港,29,336
济南,西宁,19,242
青岛,芜湖,9,116
青岛,南宁,10,130
厦门,连云港,8,223
厦门,烟台,8,253
厦门,济宁,9,258
厦门,银川,11,328
常德,厦门,8,119
洛阳,西宁,6,42
漯河,廊坊,9,216
漯河,安庆,10,227
漯河,襄阳,11,231
信阳,廊坊,10,127
信阳,临沂,14,199
信阳,湖州,7,91
信阳,荆州,5,57
漯河,淮安,5,104
信阳,拉萨,3,28
郑州,喀什,5,75
中山,西宁,8,88
中山,阿克苏,10,119
南宁,呼和浩特,5,465
南宁,苏州,13,1008
南宁,宁波,10,780
南宁,金华,9,597
南宁,福州,20,1570
南宁,厦门,13,972
南宁,重庆,24,1915
柳州,南昌,4,158
柳州,成都,7,335
柳州,西安,4,160
南充,上海,16,265
南充,西安,20,467
南充,青岛,8,103
大理州,大连,4,96
大理州,南京,3,115
大理州,西安,5,199
西安,扬州,13,560
西安,蚌埠,20,755
西安,嘉兴,23,946
西安,常德,16,676
西安,宝鸡,30,820
西安,乌鲁木齐,100,2593
烟台,济南,36,848
义乌,温州,391,3183
西宁,西宁,50,1155
乌鲁木齐,乌鲁木齐,44,1825
太原,锦州,4,161
大连,天津,12,128
大连,漯河,4,40
上海,蚌埠,43,642
上海,合肥,93,1432
上海,济南,177,2692
上海,杭州,164,2555
上海,武汉,192,2914
烟台,哈尔滨,21,492
烟台,常州,6,141
烟台,贵阳,10,232
临沂,银川,8,86
义乌,蚌埠,340,2798
赣州,汕头,5,382
赣州,南宁,9,666
常德,漯河,5,69
荆州,洛阳,8,71
深圳,呼和浩特,55,176
深圳,哈尔滨,108,338
深圳,太原,79,250
深圳,南京,110,356
深圳,郑州,138,440
深圳,南充,67,210
东莞,南昌,140,752
东莞,柳州,79,423
东莞,成都,246,1328
东莞,昆明,126,675
南宁,襄阳,5,309
南充,合肥,7,100
银川,哈尔滨,8,92
呼和浩特,徐州,3,87
呼和浩特,潍坊,3,90
呼和浩特,烟台,4,103
呼和浩特,湖州,1,28
呼和浩特,温州,3,80
呼和浩特,衡阳,2,61
呼和浩特,南充,3,99
呼和浩特,兰州,4,132
呼和浩特,拉萨,1,14
包头,石家庄,1,20
包头,沈阳,2,36
包头,南京,1,9
包头,合肥,1,6
包头,济宁,1,3
包头,嘉兴,1,5
包头,汕头,1,5
包头,大理州,1,3
包头,银川,2,33
包头,乌鲁木齐,1,6
太原,南京,5,332
太原,徐州,4,195
太原,福州,6,357
太原,襄阳,3,127
太原,柳州,2,120
侯马,包头,1,47
侯马,廊坊,1,58
侯马,大连,1,81
侯马,青岛,2,196
侯马,杭州,3,227
侯马,厦门,2,117
侯马,泉州,1,100
唐山,淮安,1,13
唐山,嘉兴,3,31
唐山,鹰潭,1,11
唐山,常德,2,19
唐山,内江,1,5
北京,宝鸡,5,121
沈阳,喀什,3,17
大连,廊坊,2,19
大连,无锡,3,28
大连,泉州,5,51
大连,武汉,8,95
大连,中山,4,48
锦州,包头,2,38
锦州,扬州,1,9
锦州,合肥,2,33
锦州,安庆,1,10
锦州,潍坊,1,33
锦州,宁波,1,32
锦州,鹰潭,1,5
锦州,福州,2,32
锦州,重庆,2,35
锦州,荆州,1,5
锦州,南充,1,12
锦州,西宁,1,6
锦州,拉萨,1,4
长春,湖州,3,75
哈尔滨,常德,4,115
哈尔滨,西宁,2,80
哈尔滨,拉萨,1,39
上海,潍坊,44,678
无锡,深圳,76,607
连云港,阿克苏,2,10
潍坊,淮安,3,40
潍坊,荆州,3,39
潍坊,阿克苏,3,39
烟台,无锡,6,137
烟台,芜湖,3,77
烟台,赣州,3,61
烟台,荆州,2,33
烟台,南宁,4,105
烟台,喀什,1,3
青岛,荆州,3,44
济宁,安庆,6,123
济宁,昆明,8,171
临沂,鹰潭,4,46
临沂,大理州,3,27
义乌,连云港,128,1059
义乌,扬州,125,1031
义乌,烟台,200,1651
义乌,西宁,15,124
义乌,乌鲁木齐,54,442
义乌,喀什,3,20
鹰潭,连云港,3,27
鹰潭,淮安,2,17
鹰潭,喀什,1,8
赣州,呼和浩特,5,411
赣州,包头,2,134
赣州,苏州,5,420
赣州,淮安,1,68
赣州,盐城,2,115
赣州,济宁,3,184
赣州,鹰潭,2,124
赣州,东莞,7,586
赣州,内江,1,51
赣州,兰州,4,311
赣州,喀什,1,15
泉州,内江,3,103
常德,太原,6,108
常德,侯马,3,52
常德,安庆,2,39
常德,襄阳,4,61
常德,洛阳,3,50
衡阳,连云港,4,116
衡阳,湖州,5,144
衡阳,阿克苏,3,78
武汉,喀什,7,126
荆州,包头,4,41
荆州,唐山,5,49
荆州,潍坊,6,59
荆州,鹰潭,4,37
襄阳,包头,3,42
襄阳,义乌,3,59
襄阳,鹰潭,3,68
襄阳,荆州,3,45
漯河,喀什,1,22
深圳,连云港,29,94
深圳,泉州,85,275
深圳,衡阳,86,278
深圳,宝鸡,10,32
东莞,苏州,96,521
东莞,台州,40,213
东莞,喀什,6,28
东莞,拉萨,17,88
湛江,盐城,3,72
湛江,荆州,2,47
湛江,乌鲁木齐,3,66
南宁,唐山,4,316
南宁,连云港,3,180
南宁,安庆,4,326
南宁,嘉兴,5,396
南宁,赣州,5,434
南宁,喀什,1,21
柳州,太原,2,79
柳州,济宁,1,25
贵阳,淮安,1,29
海口,锦州,1,12
海口,芜湖,2,18
海口,安庆,1,17
海口,烟台,2,17
海口,大理州,2,17
海口,银川,1,12
成都,宝鸡,7,176
成都,喀什,2,84
南充,锦州,2,42
南充,无锡,4,59
南充,淮安,2,15
南充,安庆,3,37
南充,荆州,2,22
内江,锦州,1,18
内江,长春,2,62
内江,芜湖,1,29
内江,安庆,1,30
内江,潍坊,1,34
内江,嘉兴,1,38
内江,台州,1,37
内江,温州,2,52
内江,衡阳,2,49
内江,深圳,4,140
内江,中山,3,93
内江,南宁,3,129
内江,乌鲁木齐,1,18
昆明,安庆,5,104
大理州,济宁,1,29
大理州,荆州,1,17
大理州,信阳,2,48
大理州,洛阳,2,45
大理州,中山,3,117
宝鸡,保定,1,87
宝鸡,上海,4,814
宝鸡,蚌埠,1,98
宝鸡,嘉兴,1,100
宝鸡,温州,1,175
宝鸡,鹰潭,1,47
宝鸡,武汉,3,559
宝鸡,深圳,3,675
兰州,石家庄,4,119
兰州,大连,2,71
兰州,哈尔滨,6,158
兰州,上海,11,387
兰州,南京,5,169
兰州,合肥,3,88
兰州,芜湖,1,34
兰州,临沂,2,38
兰州,金华,2,66
兰州,赣州,2,32
兰州,湛江,2,53
兰州,贵阳,4,101
兰州,大理州,1,27
银川,大连,2,21
银川,常州,2,22
银川,扬州,1,11
银川,鹰潭,1,6
银川,汕头,3,30
西宁,锦州,1,12
西宁,扬州,1,8
西宁,青岛,1,43
西宁,金华,1,19
西宁,鹰潭,1,6
西宁,常德,1,12
西宁,中山,1,20
西宁,海口,1,15
西宁,成都,5,185
西宁,内江,1,5
西宁,银川,2,41
乌鲁木齐,太原,2,93
乌鲁木齐,石家庄,2,122
乌鲁木齐,南通,1,55
乌鲁木齐,济南,4,216
乌鲁木齐,济宁,1,34
乌鲁木齐,常德,1,34
乌鲁木齐,内江,1,23
乌鲁木齐,西宁,1,57
阿克苏,包头,1,2
阿克苏,侯马,1,10
阿克苏,沈阳,1,26
阿克苏,扬州,1,4
阿克苏,济宁,1,5
阿克苏,宁波,1,12
阿克苏,福州,1,14
阿克苏,中山,1,12
阿克苏,贵阳,1,17
阿克苏,海口,1,6
阿克苏,宝鸡,1,6
阿克苏,拉萨,1,5
喀什,大连,1,3
喀什,徐州,1,10
喀什,扬州,1,1
喀什,烟台,1,2
喀什,荆州,1,2
喀什,郑州,1,16
喀什,漯河,1,8
喀什,深圳,1,9
喀什,湛江,1,1
喀什,柳州,1,3
喀什,阿克苏,1,16
拉萨,廊坊,1,2
拉萨,北京,1,32
拉萨,无锡,1,2
拉萨,蚌埠,1,3
拉萨,宁波,1,3
拉萨,长沙,2,28
拉萨,襄阳,1,3
拉萨,广州,1,37
拉萨,昆明,1,28
拉萨,大理州,1,8
南京,扬州,83,1007
南京,盐城,81,1001
南京,南通,134,1570
苏州,南京,251,1989
连云港,常州,50,314
淮安,常州,51,521
徐州,扬州,54,870
徐州,常州,122,2156
徐州,无锡,110,2006
扬州,无锡,37,399
扬州,南京,72,782
南通,淮安,19,353
南通,连云港,25,528
济南,济宁,157,1637
杭州,台州,326,716
嘉兴,温州,135,391
温州,嘉兴,131,498
泉州,福州,146,4393
郑州,漯河,183,2775
广州,广州,804,9630
石家庄,长春,206,2420
石家庄,侯马,123,1364
石家庄,哈尔滨,269,3152
石家庄,济南,332,3937
石家庄,襄阳,45,484
天津,哈尔滨,67,2224
廊坊,天津,64,615
廊坊,哈尔滨,65,581
廊坊,徐州,17,157
廊坊,济南,57,518
廊坊,福州,28,236
廊坊,漯河,21,156
廊坊,昆明,26,251
廊坊,西安,61,544
保定,中山,36,270
保定,青岛,76,646
保定,兰州,60,490
保定,南昌,52,423
沈阳,徐州,60,429
沈阳,郑州,102,785
沈阳,洛阳,31,217
沈阳,昆明,48,393
长春,天津,43,1221
长春,北京,65,1939
长春,郑州,29,617
南京,沈阳,196,2295
南京,天津,158,1961
南京,襄阳,40,456
扬州,中山,33,345
扬州,贵阳,67,642
无锡,武汉,144,1102
无锡,贵阳,66,476
无锡,北京,171,1371
无锡,郑州,118,915
无锡,洛阳,39,294
无锡,中山,45,332
无锡,湛江,20,148
无锡,南充,31,203
苏州,宁波,123,1029
苏州,石家庄,117,947
苏州,芜湖,57,430
苏州,郑州,159,1246
苏州,银川,48,371
苏州,西宁,23,180
苏州,乌鲁木齐,111,873
徐州,天津,196,3802
徐州,哈尔滨,177,3249
徐州,沈阳,224,4214
徐州,汕头,105,1807
连云港,沈阳,96,650
连云港,芜湖,17,108
连云港,济南,113,756
连云港,杭州,48,353
连云港,福州,51,342
连云港,漯河,39,262
连云港,海口,36,270
连云港,成都,86,590
淮安,杭州,47,507
徐州,蚌埠,106,1932
徐州,襄阳,49,865
盐城,锦州,14,59
盐城,常州,64,348
盐城,贵阳,45,233
盐城,沈阳,58,344
盐城,青岛,59,339
盐城,武汉,66,393
扬州,哈尔滨,57,568
扬州,侯马,23,211
扬州,青岛,40,433
常州,西安,244,2433
常州,太原,145,1500
常州,蚌埠,93,941
南通,锦州,16,337
南通,侯马,20,413
南通,合肥,70,1612
南通,厦门,44,949
南通,郑州,85,1938
南通,信阳,38,796
南通,广州,187,4284
南通,贵阳,52,1117
合肥,锦州,62,612
合肥,太原,215,2271
合肥,常州,95,972
合肥,济南,369,3893
合肥,郑州,329,3559
安庆,天津,122,1237
安庆,常州,63,651
安庆,济南,186,1852
安庆,青岛,84,872
安庆,襄阳,31,291
安庆,中山,92,932
安庆,成都,212,2050
蚌埠,石家庄,165,1694
蚌埠,武汉,203,2145
蚌埠,信阳,106,1099
蚌埠,柳州,73,718
南京,昆明,114,1429
芜湖,南昌,66,789
安庆,鹰潭,24,213
济南,锦州,82,878
济南,青岛,298,3347
杭州,锦州,100,222
杭州,沈阳,546,1236
杭州,侯马,204,455
杭州,徐州,353,818
杭州,芜湖,158,354
杭州,安庆,137,303
杭州,青岛,353,822
杭州,武汉,670,1530
杭州,西安,653,1526
湖州,哈尔滨,187,504
湖州,福州,153,401
湖州,武汉,192,522
湖州,湛江,89,236
湖州,贵阳,371,999
嘉兴,常州,76,232
嘉兴,厦门,80,239
嘉兴,乌鲁木齐,95,289
宁波,锦州,36,277
宁波,常州,83,669
宁波,青岛,135,1113
宁波,鹰潭,31,238
宁波,南宁,188,1561
宁波,南充,73,557
宁波,银川,60,463
台州,呼和浩特,99,336
台州,济南,466,1667
台州,昆明,260,954
金华,沈阳,579,4329
金华,北京,743,5881
金华,徐州,381,2944
金华,合肥,500,3904
金华,南昌,487,3580
金华,襄阳,116,856
金华,漯河,292,2167
金华,银川,147,1090
金华,大理州,86,627
温州,天津,167,702
温州,北京,189,791
温州,长沙,307,1267
温州,南充,80,285
温州,西安,266,1041
温州,锦州,36,136
温州,芜湖,68,263
南昌,石家庄,153,1688
南昌,郑州,212,2366
南昌,南宁,170,1990
南昌,武汉,225,3257
鹰潭,石家庄,27,232
福州,汕头,80,893
福州,南昌,101,1298
泉州,太原,35,1111
泉州,北京,68,2291
泉州,徐州,29,860
泉州,常州,21,610
泉州,漯河,25,680
泉州,成都,93,3006
重庆,北京,79,3157
重庆,常州,20,672
重庆,济南,59,2083
重庆,衡阳,25,933
重庆,武汉,77,2792
重庆,南宁,69,2563
重庆,大理州,19,611
重庆,兰州,38,1389
长沙,银川,76,1129
长沙,徐州,94,1483
长沙,柳州,104,1661
衡阳,广州,116,3586
衡阳,贵阳,52,1448
武汉,广州,501,10898
武汉,常州,68,1385
武汉,长沙,346,7184
武汉,郑州,238,4903
武汉,漯河,93,1811
武汉,贵阳,184,3660
郑州,天津,245,4605
郑州,济南,414,7210
郑州,中山,148,2497
郑州,北京,431,8367
洛阳,济南,187,1808
洛阳,广州,218,2636
洛阳,信阳,74,682
洛阳,沈阳,144,1517
洛阳,徐州,57,579
洛阳,厦门,47,573
洛阳,汕头,50,576
漯河,锦州,13,330
漯河,广州,84,2098
郑州,沈阳,316,5593
郑州,长春,242,4236
郑州,长沙,291,5385
郑州,兰州,136,2446
广州,锦州,41,396
广州,昆明,209,2155
广州,乌鲁木齐,365,3473
广州,阿克苏,89,831
汕头,侯马,25,175
汕头,石家庄,48,330
汕头,北京,50,443
汕头,金华,18,125
汕头,武汉,57,550
汕头,郑州,57,404
汕头,信阳,30,199
贵阳,广州,38,1032
成都,合肥,45,1067
昆明,成都,79,1668
石家庄,苏州,121,1468
石家庄,济宁,61,728
石家庄,南通,47,549
石家庄,台州,43,498
石家庄,连云港,28,327
天津,唐山,25,684
天津,大连,18,635
天津,合肥,22,685
天津,蚌埠,14,442
天津,宁波,14,444
天津,温州,12,363
天津,漯河,21,666
天津,东莞,16,479
天津,湛江,8,230
天津,成都,43,1557
唐山,上海,11,148
唐山,济南,17,220
唐山,杭州,8,98
唐山,厦门,5,54
唐山,长沙,9,99
唐山,中山,4,49
北京,上海,66,1568
北京,天津,71,1679
北京,长沙,56,1217
北京,郑州,65,1463
廊坊,上海,33,332
廊坊,烟台,12,112
廊坊,长沙,44,396
廊坊,常德,8,80
廊坊,衡阳,12,111
保定,南通,17,137
保定,温州,26,197
保定,衡阳,26,206
保定,扬州,10,69
保定,荆州,7,58
北京,深圳,32,740
北京,唐山,17,375
沈阳,济宁,31,250
沈阳,湖州,14,104
沈阳,襄阳,13,90
沈阳,海口,35,283
长春,唐山,13,360
长春,大连,24,685
长春,南宁,14,302
哈尔滨,侯马,15,426
哈尔滨,石家庄,36,998
哈尔滨,保定,15,454
哈尔滨,南京,19,524
哈尔滨,东莞,14,400
哈尔滨,海口,14,406
哈尔滨,昆明,18,583
哈尔滨,银川,10,278
南京,大连,47,573
南京,上海,468,6291
南京,临沂,44,528
南京,台州,60,723
扬州,盐城,22,221
扬州,潍坊,16,172
淮安,青岛,19,165
常州,台州,52,528
常州,昆明,114,1166
无锡,大理州,12,87
苏州,东莞,74,621
苏州,保定,39,316
苏州,临沂,39,307
徐州,嘉兴,56,1019
徐州,衡阳,77,1416
连云港,济宁,23,168
连云港,温州,25,179
连云港,鹰潭,8,52
淮安,银川,12,108
淮安,蚌埠,16,165
盐城,太原,35,195
盐城,深圳,50,299
盐城,南充,19,97
盐城,大理州,10,46
常州,拉萨,10,93
南通,包头,11,251
南通,上海,228,5467
南通,济宁,19,400
南通,义乌,12,281
南通,荆州,8,168
合肥,烟台,69,748
合肥,衡阳,90,984
合肥,深圳,211,2316
安庆,廊坊,22,230
安庆,常德,31,319
蚌埠,唐山,45,469
蚌埠,保定,50,528
蚌埠,上海,236,2676
蚌埠,苏州,107,1143
蚌埠,临沂,50,530
蚌埠,台州,39,386
蚌埠,泉州,61,652
蚌埠,东莞,102,1096
蚌埠,盐城,32,327
蚌埠,义乌,17,160
芜湖,长春,51,568
芜湖,天津,63,752
芜湖,漯河,32,361
芜湖,大连,22,265
芜湖,南充,27,314
安庆,深圳,113,1237
济南,侯马,117,1220
济南,合肥,137,1517
济南,兰州,204,2274
济南,泉州,59,690
潍坊,杭州,24,355
潍坊,东莞,14,198
潍坊,银川,12,165
潍坊,无锡,11,155
潍坊,合肥,17,243
潍坊,金华,9,134
青岛,长春,32,474
青岛,福州,27,360
青岛,深圳,28,398
青岛,蚌埠,14,196
青岛,泉州,12,148
青岛,洛阳,14,192
青岛,海口,11,135
济宁,石家庄,28,589
济宁,苏州,18,369
济宁,中山,16,300
临沂,金华,11,126
临沂,成都,50,600
临沂,大连,11,134
杭州,无锡,236,555
杭州,连云港,98,224
杭州,淮安,67,151
杭州,南通,171,404
杭州,潍坊,170,399
杭州,济宁,158,373
杭州,义乌,135,308
杭州,赣州,116,267
杭州,重庆,341,825
杭州,拉萨,39,92
湖州,扬州,25,65
湖州,临沂,57,154
湖州,义乌,30,77
湖州,重庆,144,398
嘉兴,唐山,32,96
嘉兴,保定,38,118
嘉兴,连云港,30,90
嘉兴,泉州,54,175
宁波,临沂,62,514
宁波,常德,51,419
宁波,深圳,163,1401
宁波,义乌,40,329
宁波,喀什,4,27
台州,潍坊,100,366
台州,重庆,196,734
金华,赣州,128,965
金华,重庆,352,2757
金华,常德,116,884
金华,西宁,41,293
金华,拉萨,33,223
温州,苏州,194,849
温州,重庆,144,622
温州,大连,44,179
温州,盐城,56,232
温州,临沂,61,259
温州,拉萨,15,55
南昌,厦门,107,1359
南昌,南充,73,796
南昌,大连,40,397
南昌,连云港,26,308
南昌,常德,44,541
鹰潭,锦州,9,62
鹰潭,长春,20,187
鹰潭,天津,24,219
鹰潭,泉州,11,99
鹰潭,武汉,30,290
鹰潭,唐山,7,61
鹰潭,潍坊,7,66
鹰潭,汕头,12,107
福州,苏州,66,875
福州,宁波,54,745
福州,太原,73,776
福州,衡阳,43,532
福州,成都,133,1782
福州,蚌埠,37,453
福州,烟台,26,292
福州,临沂,25,262
福州,南通,25,335
福州,湖州,16,204
厦门,太原,25,783
厦门,北京,54,1878
厦门,南宁,38,1188
泉州,南通,16,434
泉州,廊坊,8,220
泉州,连云港,8,248
泉州,义乌,7,210
泉州,西宁,8,242
厦门,蚌埠,21,598
厦门,台州,18,513
厦门,柳州,17,447
厦门,南充,16,480
厦门,嘉兴,18,519
重庆,上海,73,2949
重庆,南通,13,469
重庆,拉萨,4,120
长沙,无锡,64,959
长沙,芜湖,48,686
长沙,济宁,46,714
长沙,喀什,8,79
长沙,义乌,33,457
常德,无锡,8,126
衡阳,太原,24,637
衡阳,保定,9,239
衡阳,柳州,21,499
衡阳,大理州,12,329
武汉,大连,48,1044
武汉,连云港,23,474
武汉,荆州,50,875
荆州,南京,19,169
荆州,宁波,16,150
荆州,厦门,17,146
荆州,汕头,20,154
荆州,贵阳,22,208
荆州,昆明,21,182
荆州,信阳,13,107
荆州,衡阳,12,106
荆州,漯河,12,94
襄阳,太原,23,509
襄阳,保定,8,128
襄阳,大连,8,147
襄阳,盐城,6,110
襄阳,蚌埠,8,156
襄阳,芜湖,8,137
襄阳,湖州,5,103
襄阳,长沙,25,474
郑州,苏州,149,2793
郑州,唐山,72,1282
郑州,保定,92,1611
郑州,无锡,78,1377
郑州,包头,38,706
郑州,义乌,26,448
洛阳,保定,47,474
洛阳,大连,32,322
洛阳,温州,39,445
洛阳,赣州,22,248
洛阳,重庆,82,974
洛阳,东莞,65,777
洛阳,海口,23,146
洛阳,大理州,18,99
洛阳,扬州,16,161
漯河,北京,68,1873
漯河,南充,18,421
漯河,太原,37,1007
漯河,侯马,22,554
漯河,衡阳,16,424
信阳,呼和浩特,34,441
信阳,沈阳,62,852
信阳,徐州,24,305
信阳,兰州,29,381
信阳,杭州,36,513
信阳,福州,35,420
信阳,厦门,23,280
信阳,重庆,33,485
信阳,漯河,31,377
信阳,汕头,22,285
信阳,南充,19,231
郑州,扬州,32,599
郑州,内江,16,281
郑州,大理州,32,525
广州,侯马,74,683
广州,唐山,44,415
广州,长春,155,1495
广州,苏州,124,1235
广州,青岛,114,1163
广州,衡阳,98,1027
广州,海口,159,1597
广州,大理州,51,478
广州,东莞,237,2722
广州,济宁,42,402
广州,台州,49,469
广州,芜湖,40,377
汕头,保定,23,157
汕头,长春,33,251
汕头,蚌埠,18,128
汕头,鹰潭,10,76
汕头,西宁,8,48
广州,烟台,45,451
湛江,太原,10,246
湛江,北京,19,470
湛江,沈阳,15,371
湛江,上海,21,544
湛江,泉州,9,227
湛江,长沙,24,590
湛江,保定,5,104
湛江,潍坊,4,97
湛江,嘉兴,5,127
中山,苏州,40,541
中山,包头,8,88
中山,侯马,27,282
中山,廊坊,11,118
贵阳,金华,9,191
贵阳,福州,13,305
贵阳,成都,31,791
海口,上海,8,114
海口,苏州,4,51
海口,济南,5,73
海口,南昌,6,79
海口,福州,5,66
海口,昆明,5,77
成都,银川,40,902
成都,西宁,8,199
成都,太原,51,1164
成都,南京,47,1159
成都,海口,56,1443
成都,大连,21,439
成都,锦州,25,598
成都,安庆,14,342
成都,临沂,17,408
成都,漯河,32,682
昆明,北京,60,1221
昆明,沈阳,37,721
昆明,长春,23,466
昆明,苏州,21,422
昆明,济南,30,598
昆明,青岛,19,376
昆明,深圳,37,819
昆明,漯河,12,186
西安,南充,39,1329
西安,包头,12,430
西安,长春,37,1707
西安,海口,31,1685
呼和浩特,银川,10,272
呼和浩特,呼和浩特,56,1577
厦门,芜湖,12,378
柳州,广州,28,1344
呼和浩特,石家庄,13,331
呼和浩特,北京,25,743
呼和浩特,锦州,8,216
呼和浩特,长春,12,328
呼和浩特,南昌,6,149
呼和浩特,合肥,5,141
天津,芜湖,7,238
天津,内江,3,59
沈阳,内江,4,27
长春,乌鲁木齐,10,319
长春,台州,5,124
长春,金华,6,153
哈尔滨,包头,6,200
芜湖,连云港,9,106
芜湖,台州,16,200
芜湖,襄阳,16,199
济南,鹰潭,20,236
青岛,大连,13,192
青岛,赣州,6,83
青岛,常德,8,102
青岛,衡阳,11,137
福州,包头,10,143
厦门,廊坊,6,161
厦门,常德,10,321
衡阳,大连,7,211
常德,常德,8,194
常德,中山,12,204
漯河,连云港,7,185
信阳,鹰潭,7,72
广州,盐城,29,286
广州,湖州,25,256
中山,大理州,14,159
汕头,淮安,4,27
中山,淮安,6,69
中山,鹰潭,8,107
南宁,北京,32,2635
南宁,汕头,18,1399
南宁,中山,25,1944
柳州,汕头,5,191
柳州,中山,7,325
贵阳,侯马,4,88
贵阳,蚌埠,4,102
贵阳,湛江,4,91
南充,太原,10,150
南充,南京,9,101
南充,济南,14,199
南充,中山,11,148
南充,南充,17,306
大理州,上海,10,440
西安,连云港,8,294
西安,安庆,19,751
义乌,嘉兴,245,2005
兰州,兰州,65,1495
乌鲁木齐,喀什,6,235
廊坊,阿克苏,8,68
大连,长春,26,292
上海,天津,103,1601
上海,北京,232,3605
上海,成都,203,3064
上海,南充,35,508
上海,昆明,92,1390
烟台,锦州,4,88
烟台,武汉,18,469
烟台,中山,8,174
义乌,太原,444,3653
义乌,侯马,255,2096
义乌,常州,301,2485
义乌,芜湖,184,1511
义乌,安庆,166,1369
义乌,郑州,1040,8579
义乌,洛阳,315,2600
义乌,成都,683,5615
义乌,西安,636,5239
赣州,杭州,8,534
赣州,厦门,5,361
赣州,中山,8,495
赣州,湛江,4,225
常德,石家庄,8,131
常德,合肥,7,119
衡阳,鹰潭,6,146
荆州,襄阳,5,48
荆州,湛江,9,91
深圳,沈阳,134,423
深圳,襄阳,33,102
深圳,信阳,62,196
深圳,阿克苏,30,93
东莞,北京,198,1070
东莞,青岛,93,497
东莞,杭州,105,568
东莞,福州,151,803
湛江,锦州,3,69
海口,海口,8,140
南充,侯马,5,76
昆明,芜湖,8,123
兰州,西宁,25,432
兰州,乌鲁木齐,24,530
呼和浩特,芜湖,2,45
呼和浩特,嘉兴,2,67
呼和浩特,金华,3,69
包头,廊坊,1,5
包头,无锡,1,6
包头,扬州,1,2
包头,台州,1,5
包头,温州,1,7
包头,武汉,1,17
包头,襄阳,1,2
包头,漯河,1,5
包头,广州,2,36
包头,湛江,1,2
包头,柳州,1,3
包头,海口,1,4
太原,唐山,5,256
太原,大连,3,166
太原,安庆,2,121
太原,济宁,5,229
太原,金华,3,149
太原,荆州,2,68
太原,海口,4,198
太原,内江,1,27
太原,昆明,5,273
太原,阿克苏,2,55
太原,拉萨,1,26
侯马,呼和浩特,2,168
侯马,石家庄,3,288
侯马,常州,1,84
侯马,济南,4,370
侯马,义乌,1,35
侯马,温州,1,100
侯马,南昌,2,188
侯马,赣州,1,52
侯马,襄阳,1,57
侯马,汕头,2,131
唐山,扬州,2,16
唐山,义乌,2,18
唐山,衡阳,2,26
唐山,荆州,1,10
唐山,乌鲁木齐,4,49
唐山,喀什,1,2
廊坊,义乌,3,26
廊坊,喀什,2,17
北京,廊坊,11,252
北京,连云港,6,141
大连,太原,8,90
大连,北京,22,266
大连,徐州,3,37
大连,盐城,2,17
大连,济宁,3,32
大连,赣州,2,15
大连,柳州,3,27
大连,大理州,1,12
大连,西安,8,94
锦州,蚌埠,1,18
锦州,南昌,2,36
锦州,赣州,1,8
锦州,衡阳,1,14
锦州,洛阳,1,30
长春,荆州,2,31
长春,宝鸡,2,42
哈尔滨,义乌,5,152
哈尔滨,内江,2,34
上海,廊坊,17,264
上海,淮安,13,196
上海,温州,68,1059
上海,重庆,107,1670
上海,常德,20,298
上海,荆州,13,199
徐州,喀什,2,35
淮安,廊坊,3,35
淮安,西宁,3,35
蚌埠,喀什,2,12
芜湖,内江,4,57
潍坊,连云港,4,63
潍坊,义乌,3,46
烟台,保定,4,104
烟台,大连,6,151
烟台,上海,27,712
烟台,南昌,9,231
烟台,成都,15,377
烟台,内江,1,15
烟台,乌鲁木齐,3,59
青岛,淮安,3,51
济宁,南通,6,130
济宁,内江,2,35
临沂,湖州,5,59
临沂,柳州,3,39
临沂,昆明,9,109
湖州,内江,13,36
义乌,大连,144,1190
义乌,苏州,573,4741
义乌,淮安,88,726
义乌,南通,211,1745
义乌,临沂,248,2051
义乌,泉州,289,2392
义乌,内江,32,259
鹰潭,扬州,3,25
鹰潭,南通,4,42
赣州,上海,10,775
赣州,芜湖,2,139
赣州,义乌,2,92
赣州,常德,2,137
赣州,大理州,2,157
常德,海口,10,185
常德,乌鲁木齐,3,41
衡阳,廊坊,4,124
衡阳,烟台,6,188
衡阳,喀什,1,17
武汉,内江,12,288
荆州,义乌,4,34
荆州,赣州,6,64
襄阳,西宁,1,19
漯河,拉萨,3,81
洛阳,拉萨,4,24
深圳,唐山,27,85
深圳,上海,209,679
深圳,盐城,39,124
深圳,芜湖,29,92
深圳,嘉兴,44,142
深圳,台州,54,174
深圳,鹰潭,20,64
东莞,唐山,34,181
东莞,泉州,79,428
湛江,廊坊,2,54
湛江,淮安,2,38
湛江,扬州,2,55
中山,喀什,2,30
南宁,盐城,4,273
南宁,潍坊,4,332
南宁,临沂,4,275
南宁,内江,2,141
南宁,西宁,1,75
柳州,侯马,1,39
柳州,徐州,2,57
柳州,南通,1,37
柳州,芜湖,1,36
柳州,安庆,1,36
柳州,鹰潭,1,21
柳州,信阳,2,75
海口,蚌埠,2,25
海口,济宁,1,14
海口,湖州,1,12
海口,泉州,3,33
海口,信阳,2,33
海口,南充,2,30
海口,内江,1,6
海口,宝鸡,1,6
海口,西宁,1,5
成都,鹰潭,8,214
南充,湖州,3,32
南充,宝鸡,2,33
内江,南京,2,77
内江,合肥,2,87
内江,临沂,1,30
内江,义乌,1,18
内江,长沙,4,157
内江,常德,1,36
内江,昆明,3,130
内江,大理州,1,28
内江,宝鸡,1,9
内江,银川,1,32
内江,阿克苏,1,3
昆明,唐山,5,112
昆明,连云港,3,55
大理州,淮安,1,11
大理州,芜湖,1,30
大理州,湖州,1,24
大理州,温州,2,57
大理州,鹰潭,1,16
大理州,兰州,2,58
大理州,乌鲁木齐,2,42
大理州,喀什,1,2
宝鸡,唐山,1,68
宝鸡,廊坊,1,61
宝鸡,长春,2,240
宝鸡,济宁,1,71
宝鸡,常德,1,59
宝鸡,漯河,1,140
宝鸡,广州,7,1394
宝鸡,湛江,1,160
宝鸡,昆明,2,235
宝鸡,乌鲁木齐,1,97
宝鸡,喀什,1,3
兰州,唐山,1,32
兰州,长春,4,114
兰州,常州,3,81
兰州,苏州,5,158
兰州,杭州,7,224
兰州,嘉兴,2,52
兰州,福州,6,162
兰州,荆州,1,15
兰州,洛阳,2,51
兰州,海口,3,71
兰州,昆明,5,153
银川,侯马,3,28
银川,蚌埠,2,21
银川,青岛,3,41
银川,临沂,1,13
银川,杭州,5,79
银川,宁波,3,31
银川,衡阳,2,21
银川,南宁,4,39
银川,南充,2,22
银川,昆明,4,46
银川,兰州,9,192
银川,乌鲁木齐,6,147
西宁,太原,2,52
西宁,盐城,1,7
西宁,济宁,1,15
西宁,汕头,1,10
西宁,深圳,2,42
乌鲁木齐,包头,1,17
乌鲁木齐,盐城,1,22
乌鲁木齐,青岛,3,132
乌鲁木齐,嘉兴,2,73
乌鲁木齐,重庆,5,277
乌鲁木齐,信阳,2,129
乌鲁木齐,广州,10,585
乌鲁木齐,贵阳,2,110
乌鲁木齐,海口,1,50
乌鲁木齐,大理州,1,26
阿克苏,保定,1,5
阿克苏,无锡,1,10
阿克苏,苏州,1,20
阿克苏,淮安,1,2
阿克苏,嘉兴,1,9
阿克苏,赣州,1,6
阿克苏,昆明,1,20
阿克苏,西安,1,90
阿克苏,银川,1,11
喀什,包头,1,1
喀什,唐山,1,1
喀什,长春,1,10
喀什,苏州,1,5
喀什,蚌埠,1,5
喀什,济南,1,14
喀什,湖州,1,1
喀什,金华,1,2
喀什,信阳,1,6
喀什,西安,1,33
喀什,拉萨,1,2
拉萨,保定,1,3
拉萨,长春,1,11
拉萨,扬州,1,2
拉萨,芜湖,1,2
拉萨,台州,1,3
拉萨,义乌,1,2
拉萨,赣州,1,1
拉萨,泉州,1,4
拉萨,东莞,1,7
拉萨,中山,1,6
拉萨,兰州,1,37
保定,北京,223,1986
无锡,苏州,220,1737
常州,徐州,167,1617
苏州,淮安,38,242
徐州,连云港,52,838
南通,徐州,79,1734
杭州,湖州,201,438
湖州,杭州,160,418
嘉兴,杭州,319,989
嘉兴,台州,82,237
宁波,嘉兴,98,742
宁波,宁波,32,225
宁波,台州,99,778
金华,温州,420,3000
汕头,汕头,45,367
成都,南充,165,4567
石家庄,沈阳,297,3517
石家庄,徐州,103,1178
石家庄,成都,300,3555
石家庄,宁波,81,978
天津,郑州,47,1708
廊坊,广州,73,639
廊坊,常州,12,103
廊坊,洛阳,15,138
廊坊,信阳,21,170
廊坊,贵阳,47,404
保定,乌鲁木齐,99,832
保定,呼和浩特,34,268
沈阳,呼和浩特,106,863
长春,哈尔滨,103,2929
长春,济南,39,1015
哈尔滨,沈阳,99,3228
南京,福州,150,1805
南京,武汉,244,3002
南京,漯河,78,824
南京,湛江,44,476
南京,海口,91,1147
扬州,徐州,53,518
无锡,信阳,43,319
无锡,沈阳,166,1253
无锡,安庆,32,229
常州,汕头,101,981
常州,中山,108,1052
苏州,沈阳,167,1251
苏州,福州,122,974
苏州,长沙,167,1346
苏州,襄阳,34,253
苏州,洛阳,50,370
苏州,中山,79,608
苏州,贵阳,142,1080
徐州,青岛,140,2619
徐州,南昌,177,3331
徐州,长沙,256,4757
徐州,南充,89,1394
连云港,石家庄,70,489
连云港,天津,74,524
连云港,宁波,31,226
连云港,厦门,34,228
连云港,信阳,38,251
淮安,兰州,23,229
淮安,福州,23,233
淮安,武汉,41,428
徐州,大理州,38,632
盐城,广州,148,841
盐城,福州,46,248
扬州,太原,35,353
扬州,南昌,46,493
常州,侯马,79,761
常州,武汉,253,2567
常州,贵阳,157,1503
常州,呼和浩特,77,713
常州,洛阳,93,936
南通,天津,52,1162
南通,中山,52,1141
南通,昆明,49,1073
合肥,厦门,147,1562
合肥,漯河,132,1374
合肥,信阳,151,1559
合肥,柳州,91,904
安庆,沈阳,168,1707
安庆,石家庄,121,1179
安庆,杭州,126,1376
安庆,郑州,160,1593
安庆,广州,322,3514
安庆,湛江,56,548
安庆,贵阳,179,1646
安庆,西安,196,1938
蚌埠,合肥,135,1373
蚌埠,成都,234,2503
蚌埠,宁波,74,764
芜湖,芜湖,22,231
济南,信阳,122,1253
济南,广州,366,4472
济南,成都,307,3709
济南,呼和浩特,223,2287
潍坊,济南,70,1054
潍坊,漯河,16,201
临沂,北京,72,910
济宁,西安,48,1012
杭州,北京,651,1533
杭州,济南,813,1869
杭州,郑州,723,1672
杭州,汕头,233,544
杭州,湛江,157,364
杭州,海口,210,509
杭州,成都,700,1616
杭州,南充,161,353
杭州,西宁,50,117
湖州,南京,90,241
湖州,南宁,252,690
嘉兴,北京,121,383
嘉兴,合肥,106,323
嘉兴,福州,127,379
嘉兴,襄阳,37,105
嘉兴,锦州,26,75
嘉兴,银川,44,126
宁波,哈尔滨,181,1458
宁波,合肥,137,1136
宁波,芜湖,52,387
宁波,厦门,128,1016
宁波,贵阳,191,1547
宁波,乌鲁木齐,66,550
台州,太原,195,685
台州,安庆,82,287
台州,青岛,220,803
台州,衡阳,115,417
台州,襄阳,70,235
台州,郑州,379,1374
台州,广州,771,2834
台州,湛江,112,403
台州,柳州,95,326
台州,贵阳,336,1195
台州,乌鲁木齐,86,313
金华,安庆,152,1130
金华,贵阳,463,3409
温州,石家庄,187,774
温州,沈阳,216,831
温州,厦门,176,744
温州,昆明,179,716
南昌,湛江,65,721
南昌,乌鲁木齐,125,843
南昌,哈尔滨,169,1575
福州,厦门,112,1595
福州,杭州,90,1338
福州,信阳,46,466
泉州,中山,91,2833
泉州,合肥,37,1155
泉州,郑州,56,1749
泉州,贵阳,61,1754
泉州,昆明,39,1259
厦门,广州,173,5749
重庆,宁波,25,961
重庆,洛阳,18,596
重庆,南充,40,1364
长沙,南京,122,1750
长沙,南宁,244,4435
常德,南京,14,227
常德,常州,9,124
衡阳,汕头,28,662
武汉,哈尔滨,172,3407
武汉,福州,175,3789
武汉,南充,79,1601
荆州,广州,83,814
荆州,杭州,29,263
武汉,兰州,110,2115
襄阳,南京,20,377
襄阳,杭州,26,546
武汉,太原,140,3152
郑州,贵阳,242,4216
洛阳,杭州,77,894
洛阳,南昌,82,925
漯河,西安,65,1671
郑州,徐州,131,2176
郑州,湛江,86,1398
广州,中山,316,3510
汕头,洛阳,21,123
汕头,南宁,89,777
湛江,石家庄,13,302
湛江,济南,19,473
湛江,厦门,13,286
湛江,信阳,11,219
湛江,郑州,16,381
湛江,南宁,25,645
广州,哈尔滨,170,1805
中山,西安,80,939
成都,天津,60,1358
石家庄,临沂,68,801
石家庄,盐城,41,459
石家庄,西宁,12,134
天津,上海,45,1712
天津,潍坊,19,730
天津,烟台,18,734
天津,南昌,20,691
天津,汕头,13,382
天津,柳州,10,286
天津,南充,10,324
天津,昆明,19,677
唐山,大连,5,55
唐山,青岛,8,103
唐山,福州,6,76
唐山,泉州,4,37
唐山,汕头,4,43
唐山,东莞,5,56
唐山,南宁,5,48
唐山,西安,16,213
唐山,银川,5,52
北京,哈尔滨,74,1629
北京,南京,35,728
北京,台州,13,239
北京,广州,70,1606
廊坊,保定,21,206
廊坊,苏州,19,183
廊坊,盐城,8,61
廊坊,扬州,5,46
廊坊,温州,9,87
保定,大连,22,176
保定,嘉兴,16,124
北京,兰州,31,660
沈阳,上海,125,972
沈阳,包头,31,250
沈阳,廊坊,37,290
沈阳,常州,39,283
沈阳,扬州,19,123
沈阳,厦门,32,242
沈阳,宝鸡,8,56
长春,呼和浩特,26,644
长春,徐州,12,277
长春,烟台,9,245
长春,济宁,9,196
长春,临沂,10,253
长春,杭州,17,426
长春,南昌,11,252
长春,赣州,4,69
长春,厦门,8,193
长春,长沙,18,397
长春,深圳,18,431
长春,湛江,6,92
长春,柳州,6,111
长春,海口,10,233
长春,银川,12,267
哈尔滨,蚌埠,10,253
哈尔滨,济南,50,1566
哈尔滨,西安,30,986
南京,乌鲁木齐,88,1058
扬州,嘉兴,21,223
扬州,宁波,39,434
扬州,深圳,43,489
南京,义乌,27,316
淮安,南宁,22,208
常州,嘉兴,60,593
常州,深圳,142,1484
无锡,上海,258,2107
无锡,湖州,21,160
无锡,东莞,52,416
无锡,义乌,15,115
无锡,鹰潭,11,78
无锡,宝鸡,9,67
无锡,西宁,7,50
苏州,上海,507,4395
苏州,宝鸡,14,102
徐州,上海,303,6079
徐州,泉州,81,1557
连云港,重庆,44,333
淮安,连云港,18,175
淮安,盐城,26,268
淮安,湛江,10,87
淮安,锦州,7,53
淮安,安庆,12,119
淮安,赣州,8,74
盐城,保定,19,96
盐城,淮安,17,84
盐城,扬州,27,144
盐城,临沂,22,120
盐城,赣州,13,63
盐城,衡阳,19,97
扬州,西宁,6,67
常州,鹰潭,28,277
南通,赣州,16,344
南通,泉州,30,674
南通,衡阳,26,566
南通,深圳,77,1811
合肥,包头,41,443
合肥,鹰潭,37,382
合肥,赣州,62,661
合肥,泉州,101,1120
合肥,重庆,204,2249
合肥,荆州,30,303
合肥,兰州,138,1480
安庆,包头,16,159
安庆,无锡,56,582
安庆,连云港,26,263
安庆,盐城,36,408
安庆,南通,40,441
安庆,台州,41,446
安庆,义乌,22,197
安庆,重庆,105,1069
安庆,海口,30,298
蚌埠,芜湖,47,451
蚌埠,金华,53,532
蚌埠,鹰潭,26,235
蚌埠,昆明,66,719
蚌埠,宝鸡,20,201
芜湖,福州,55,664
芜湖,武汉,98,1252
芜湖,东莞,49,621
芜湖,中山,45,527
芜湖,昆明,31,390
芜湖,济宁,17,209
芜湖,常德,17,193
安庆,阿克苏,5,45
济南,潍坊,137,1468
济南,厦门,96,1012
济南,深圳,149,1779
济南,贵阳,215,2408
济南,衡阳,55,630
潍坊,沈阳,40,633
潍坊,海口,13,179
潍坊,唐山,9,141
潍坊,大连,12,162
潍坊,徐州,15,212
潍坊,嘉兴,8,109
潍坊,温州,11,160
潍坊,安庆,6,84
潍坊,济宁,11,173
青岛,太原,29,412
青岛,沈阳,51,770
青岛,东莞,20,249
青岛,厦门,16,212
济宁,长春,29,590
济宁,南京,16,323
济宁,重庆,22,442
济宁,贵阳,30,662
临沂,南京,19,225
临沂,南通,9,97
临沂,重庆,27,325
临沂,西安,56,688
济南,芜湖,48,505
临沂,盐城,7,73
临沂,蚌埠,14,146
济宁,海口,6,127
杭州,廊坊,86,193
杭州,保定,147,347
杭州,临沂,162,378
杭州,泉州,197,467
杭州,东莞,317,771
湖州,芜湖,40,105
湖州,安庆,38,100
湖州,南充,80,213
湖州,乌鲁木齐,51,136
嘉兴,苏州,142,465
嘉兴,临沂,50,154
嘉兴,鹰潭,22,65
嘉兴,常德,33,102
嘉兴,内江,9,23
宁波,廊坊,33,255
宁波,扬州,34,268
宁波,阿克苏,16,109
台州,大连,61,221
台州,济宁,88,321
台州,泉州,153,565
金华,无锡,248,1929
金华,南通,190,1475
金华,烟台,150,1168
金华,宝鸡,46,341
温州,连云港,44,175
温州,烟台,61,256
温州,义乌,49,206
温州,赣州,59,242
南昌,海口,96,967
南昌,潍坊,53,572
南昌,济宁,48,510
南昌,临沂,51,546
南昌,大理州,41,421
南昌,廊坊,26,309
南昌,拉萨,20,138
鹰潭,保定,10,79
鹰潭,哈尔滨,24,243
鹰潭,上海,41,397
鹰潭,蚌埠,11,98
鹰潭,洛阳,11,89
鹰潭,成都,37,388
鹰潭,宁波,12,106
福州,南京,59,856
福州,长沙,127,1838
福州,东莞,78,1004
福州,唐山,21,244
福州,芜湖,27,319
厦门,宁波,30,1006
厦门,福州,103,3242
厦门,长沙,52,1733
厦门,西安,40,1343
泉州,蚌埠,22,637
泉州,鹰潭,11,286
泉州,衡阳,23,684
泉州,深圳,110,3792
泉州,芜湖,13,379
泉州,荆州,6,172
厦门,徐州,27,810
厦门,南通,15,416
重庆,温州,23,864
重庆,乌鲁木齐,20,745
重庆,保定,11,415
重庆,无锡,17,646
重庆,连云港,7,230
重庆,义乌,7,221
长沙,上海,257,3898
长沙,连云港,30,445
长沙,安庆,48,734
常德,衡阳,12,215
常德,贵阳,16,296
常德,成都,22,433
衡阳,福州,30,841
衡阳,南宁,39,1098
衡阳,蚌埠,12,314
衡阳,漯河,15,391
衡阳,常州,12,310
衡阳,南充,16,373
武汉,唐山,46,946
武汉,上海,310,7239
武汉,温州,83,1699
武汉,常德,63,1246
武汉,衡阳,97,1955
荆州,石家庄,20,179
荆州,福州,25,209
荆州,重庆,21,203
荆州,徐州,12,109
荆州,南通,7,64
荆州,柳州,10,89
襄阳,长春,25,586
襄阳,哈尔滨,39,894
襄阳,无锡,11,220
襄阳,扬州,6,111
襄阳,嘉兴,10,197
襄阳,台州,7,123
襄阳,温州,11,209
郑州,连云港,34,578
郑州,烟台,70,1220
郑州,嘉兴,64,1106
郑州,常德,61,1063
郑州,海口,60,1094
洛阳,苏州,69,775
洛阳,盐城,25,233
洛阳,安庆,22,239
洛阳,常德,27,280
洛阳,深圳,82,958
漯河,昆明,41,998
漯河,兰州,23,570
漯河,呼和浩特,29,722
漯河,徐州,22,532
漯河,西宁,5,100
漯河,南京,22,597
漯河,常州,16,356
漯河,潍坊,15,367
信阳,哈尔滨,65,878
信阳,郑州,67,924
信阳,蚌埠,19,245
信阳,南昌,37,461
郑州,淮安,21,382
郑州,阿克苏,17,272
广州,合肥,112,1101
广州,临沂,49,471
广州,重庆,177,1796
广州,漯河,78,744
广州,潍坊,46,440
汕头,唐山,15,111
汕头,宁波,18,144
汕头,温州,21,145
汕头,喀什,5,28
湛江,长春,12,272
湛江,苏州,11,274
湛江,杭州,16,393
湛江,金华,8,174
湛江,福州,19,459
湛江,银川,7,127
中山,柳州,36,459
中山,无锡,20,278
中山,兰州,35,415
贵阳,哈尔滨,11,263
贵阳,合肥,10,193
贵阳,天津,9,226
贵阳,长沙,23,557
贵阳,深圳,18,423
贵阳,南宁,14,408
贵阳,柳州,7,160
贵阳,海口,8,249
海口,长春,6,79
海口,天津,6,80
海口,长沙,8,114
海口,南宁,6,84
成都,重庆,149,4822
成都,武汉,94,2433
成都,西安,113,2925
成都,兰州,60,1515
成都,上海,129,3640
成都,蚌埠,24,571
成都,中山,46,1081
成都,廊坊,11,256
成都,泉州,25,598
成都,常德,16,410
成都,衡阳,27,639
昆明,重庆,38,824
昆明,长沙,40,856
昆明,东莞,24,542
昆明,兰州,15,298
昆明,潍坊,7,145
西安,杭州,91,3827
西安,厦门,58,2458
西安,泉州,42,1685
西安,衡阳,37,1361
西安,呼和浩特,48,1833
西安,常州,31,1215
西安,青岛,37,1487
锦州,哈尔滨,12,316
锦州,长春,9,218
厦门,襄阳,11,311
南宁,南宁,61,5574
南宁,昆明,27,1743
柳州,南宁,40,1988
南充,福州,13,177
南充,大理州,7,121
呼和浩特,郑州,10,305
呼和浩特,广州,14,442
呼和浩特,东莞,4,100
锦州,武汉,3,63
太原,西安,26,1215
长春,包头,6,168
常州,喀什,4,32
芜湖,盐城,12,146
芜湖,金华,22,281
芜湖,义乌,9,96
济南,义乌,20,239
青岛,廊坊,7,105
青岛,湛江,9,122
厦门,湖州,10,288
厦门,鹰潭,8,234
衡阳,南通,8,215
常德,济南,13,220
常德,福州,10,163
常德,郑州,11,172
漯河,包头,8,187
漯河,盐城,10,223
信阳,连云港,7,87
信阳,潍坊,15,221
信阳,常德,10,148
信阳,大理州,7,91
信阳,宝鸡,6,79
信阳,内江,4,44
郑州,拉萨,10,194
中山,芜湖,12,137
中山,荆州,7,84
南宁,杭州,18,1398
南宁,深圳,37,2940
南宁,成都,40,3008
南宁,南充,11,662
南宁,常德,7,500
柳州,杭州,5,181
柳州,宁波,3,86
柳州,温州,3,88
柳州,厦门,3,112
柳州,重庆,5,169
柳州,衡阳,3,116
柳州,海口,5,152
柳州,昆明,7,307
贵阳,南通,4,86
贵阳,芜湖,4,68
贵阳,泉州,7,175
贵阳,常德,5,113
南充,常德,5,60
大理州,哈尔滨,9,321
大理州,青岛,3,110
大理州,大理州,11,426
西安,唐山,13,558
西安,义乌,11,422
西安,大理州,11,404
西安,西宁,17,489
乌鲁木齐,兰州,16,693
北京,鹰潭,6,118
北京,湛江,7,164
大连,呼和浩特,7,74
大连,厦门,7,69
大连,广州,16,188
上海,沈阳,161,2375
上海,宁波,84,1295
上海,信阳,50,761
上海,广州,288,4438
烟台,太原,14,293
烟台,侯马,7,139
烟台,北京,29,760
烟台,长春,15,368
烟台,西安,17,411
济宁,襄阳,6,119
临沂,阿克苏,5,48
湖州,阿克苏,24,64
义乌,沈阳,641,5276
义乌,北京,257,2118
义乌,鹰潭,107,874
义乌,襄阳,162,1331
义乌,漯河,416,3427
义乌,信阳,443,3658
义乌,中山,431,3560
赣州,锦州,3,170
赣州,北京,11,910
深圳,北京,124,400
深圳,贵阳,167,534
东莞,锦州,26,134
东莞,沈阳,153,817
东莞,侯马,55,288
东莞,石家庄,127,685
东莞,常州,52,280
东莞,襄阳,33,176
东莞,信阳,70,376
东莞,西安,175,927
南宁,侯马,7,429
南充,漯河,5,71
兰州,拉萨,55,1033
银川,广州,15,192
呼和浩特,扬州,1,24
呼和浩特,安庆,2,44
呼和浩特,宁波,3,87
呼和浩特,义乌,1,31
呼和浩特,鹰潭,1,24
呼和浩特,襄阳,2,44
呼和浩特,湛江,2,41
包头,哈尔滨,2,33
包头,苏州,1,14
包头,青岛,1,13
包头,宁波,1,6
包头,金华,1,7
包头,赣州,1,2
包头,衡阳,1,3
包头,中山,1,6
包头,南宁,1,8
包头,贵阳,1,7
包头,成都,1,20
太原,包头,5,265
太原,连云港,1,49
太原,芜湖,3,134
太原,湛江,3,134
太原,西宁,1,34
太原,乌鲁木齐,5,237
太原,喀什,1,14
侯马,长春,3,266
侯马,苏州,2,200
侯马,徐州,1,103
侯马,合肥,2,186
侯马,临沂,1,70
侯马,台州,1,64
侯马,常德,1,51
侯马,荆州,1,30
侯马,郑州,4,367
侯马,柳州,1,53
侯马,宝鸡,1,31
侯马,阿克苏,1,12
唐山,赣州,2,19
唐山,深圳,8,97
北京,包头,8,192
北京,义乌,3,74
大连,包头,2,22
大连,唐山,3,36
大连,保定,3,28
大连,上海,10,121
大连,湖州,1,11
大连,宁波,4,44
大连,台州,2,24
大连,南昌,4,43
大连,荆州,1,6
大连,贵阳,5,54
大连,喀什,1,1
锦州,侯马,2,40
锦州,无锡,1,21
锦州,淮安,1,6
锦州,盐城,1,10
锦州,泉州,1,20
锦州,长沙,3,48
锦州,信阳,1,34
锦州,贵阳,2,29
锦州,喀什,1,1
长春,安庆,3,84
长春,西宁,4,131
上海,台州,37,576
上海,深圳,145,2271
蚌埠,拉萨,4,44
芜湖,喀什,2,23
潍坊,廊坊,5,88
烟台,包头,3,59
烟台,济宁,5,131
烟台,深圳,11,270
烟台,宝鸡,2,33
青岛,大理州,2,29
青岛,拉萨,3,40
济宁,包头,6,144
济宁,唐山,7,169
济宁,连云港,4,81
济宁,荆州,3,61
济宁,宝鸡,3,60
济宁,阿克苏,2,28
湖州,西宁,15,42
义乌,包头,38,308
义乌,赣州,165,1362
义乌,荆州,76,622
义乌,宝鸡,50,409
义乌,兰州,195,1607
义乌,阿克苏,10,76
鹰潭,台州,5,53
鹰潭,义乌,4,36
赣州,长春,8,606
赣州,蚌埠,3,248
赣州,嘉兴,2,169
赣州,荆州,1,55
赣州,宝鸡,1,56
常德,长春,6,105
常德,淮安,2,33
常德,潍坊,3,42
常德,鹰潭,2,38
常德,宝鸡,1,12
常德,阿克苏,1,8
衡阳,盐城,5,159
荆州,烟台,5,52
荆州,临沂,5,52
荆州,内江,2,15
荆州,拉萨,1,7
襄阳,淮安,2,46
广州,宝鸡,15,155
深圳,无锡,63,203
深圳,荆州,16,49
深圳,内江,10,32
东莞,大连,38,202
东莞,淮安,13,70
东莞,盐城,28,150
东莞,烟台,37,197
东莞,赣州,44,235
东莞,深圳,296,1612
东莞,内江,10,53
东莞,银川,36,193
湛江,连云港,2,52
湛江,湖州,3,72
柳州,廊坊,1,16
柳州,常州,1,50
柳州,内江,1,14
贵阳,廊坊,2,41
贵阳,扬州,2,46
贵阳,荆州,1,30
贵阳,宝鸡,1,22
海口,大连,2,27
海口,常州,2,29
海口,台州,2,21
海口,漯河,2,27
海口,阿克苏,1,4
海口,喀什,1,1
南充,盐城,3,32
南充,襄阳,3,35
南充,西宁,1,12
南充,拉萨,1,21
内江,保定,1,29
内江,哈尔滨,3,96
内江,烟台,1,29
内江,天津,2,86
内江,宁波,2,60
内江,福州,3,105
内江,重庆,4,167
内江,洛阳,1,38
内江,广州,9,380
内江,湛江,2,46
内江,贵阳,4,150
内江,海口,2,70
内江,拉萨,1,5
昆明,盐城,5,92
昆明,阿克苏,2,43
大理州,廊坊,1,30
大理州,内江,1,21
西安,喀什,5,131
宝鸡,锦州,1,63
宝鸡,徐州,1,151
宝鸡,盐城,1,69
宝鸡,义乌,1,43
宝鸡,南昌,2,337
宝鸡,衡阳,1,158
宝鸡,襄阳,1,71
宝鸡,郑州,2,381
宝鸡,内江,1,28
兰州,廊坊,1,33
兰州,锦州,2,43
兰州,淮安,1,9
兰州,扬州,1,29
兰州,蚌埠,2,46
兰州,安庆,1,26
兰州,烟台,2,45
兰州,南宁,6,169
银川,太原,5,68
银川,石家庄,4,57
银川,上海,8,99
银川,芜湖,2,17
银川,厦门,3,31
银川,泉州,2,27
银川,常德,1,13
银川,郑州,5,61
银川,柳州,2,16
银川,内江,1,4
西宁,呼和浩特,1,33
西宁,徐州,1,26
西宁,温州,1,20
西宁,荆州,1,5
西宁,郑州,2,81
乌鲁木齐,上海,6,319
乌鲁木齐,徐州,2,92
乌鲁木齐,扬州,1,27
乌鲁木齐,临沂,1,35
乌鲁木齐,鹰潭,1,16
乌鲁木齐,衡阳,1,49
乌鲁木齐,汕头,2,63
乌鲁木齐,南充,3,161
乌鲁木齐,昆明,2,122
乌鲁木齐,宝鸡,1,33
乌鲁木齐,银川,3,115
阿克苏,温州,1,13
阿克苏,南昌,1,32
阿克苏,荆州,1,5
阿克苏,郑州,1,41
阿克苏,洛阳,1,10
阿克苏,西宁,1,6
喀什,太原,1,4
喀什,上海,1,15
喀什,芜湖,1,5
喀什,临沂,1,2
喀什,温州,1,3
喀什,中山,1,3
喀什,贵阳,1,7
拉萨,锦州,1,1
拉萨,苏州,1,6
拉萨,连云港,1,3
拉萨,天津,1,11
拉萨,湖州,1,1
拉萨,鹰潭,1,1
拉萨,厦门,1,4
拉萨,郑州,1,19
拉萨,信阳,1,10
拉萨,洛阳,1,6
拉萨,湛江,1,2
拉萨,南宁,1,8
拉萨,柳州,1,3
拉萨,海口,1,3
拉萨,西安,1,51
拉萨,阿克苏,1,3
南京,苏州,348,4453
无锡,南京,215,1652
苏州,无锡,148,1187
苏州,连云港,52,354
苏州,扬州,64,470
徐州,南京,204,3651
徐州,苏州,244,4294
淮安,苏州,109,1093
盐城,苏州,125,713
常州,无锡,110,1055
常州,连云港,45,384
常州,淮安,31,254
南通,常州,72,1541
安庆,蚌埠,90,876
杭州,嘉兴,348,771
杭州,宁波,658,1449
嘉兴,金华,118,338
嘉兴,湖州,55,153
宁波,杭州,341,2723
台州,金华,203,667
台州,温州,223,772
金华,金华,172,1081
温州,杭州,377,1518
长沙,常德,148,2254
广州,汕头,225,2252
成都,成都,649,22384
石家庄,南昌,146,1665
石家庄,武汉,227,2725
石家庄,郑州,266,3207
石家庄,汕头,101,1150
石家庄,中山,120,1398
石家庄,常州,69,768
石家庄,长沙,201,2379
石家庄,芜湖,46,506
天津,太原,44,1596
天津,西安,45,1635
廊坊,长春,47,381
廊坊,汕头,15,133
保定,广州,123,991
保定,漯河,66,538
保定,沈阳,95,813
保定,南充,39,289
保定,长春,72,608
保定,柳州,20,151
北京,信阳,24,510
北京,济南,84,1875
沈阳,太原,110,862
沈阳,漯河,40,287
沈阳,贵阳,61,467
南京,太原,117,1401
南京,安庆,55,656
南京,杭州,216,2786
扬州,石家庄,59,610
扬州,天津,57,619
扬州,济南,81,853
常州,石家庄,229,2338
常州,天津,189,1957
无锡,济南,158,1196
无锡,杭州,148,1186
无锡,呼和浩特,69,527
无锡,哈尔滨,149,1126
无锡,芜湖,40,293
无锡,襄阳,25,186
无锡,漯河,45,323
常州,杭州,177,1810
苏州,长春,114,851
苏州,漯河,65,488
苏州,南宁,115,936
苏州,海口,51,397
徐州,金华,75,1268
连云港,蚌埠,33,220
连云港,金华,23,153
连云港,襄阳,16,94
连云港,广州,133,943
连云港,南宁,48,341
连云港,柳州,19,130
连云港,南充,24,139
连云港,兰州,33,231
淮安,乌鲁木齐,39,410
淮安,信阳,17,133
徐州,呼和浩特,103,1800
徐州,银川,74,1321
盐城,天津,53,281
盐城,汕头,44,215
盐城,中山,45,225
盐城,蚌埠,36,185
扬州,柳州,20,208
扬州,昆明,46,487
常州,锦州,39,361
常州,北京,182,1869
常州,宁波,118,1218
常州,南昌,170,1708
南通,蚌埠,43,917
南通,济南,92,2129
南通,金华,38,836
南通,长沙,82,1859
南通,成都,88,1970
南通,兰州,47,1092
南通,银川,29,618
南通,阿克苏,19,447
合肥,石家庄,242,2607
合肥,广州,541,5802
安庆,锦州,35,311
安庆,金华,60,569
安庆,福州,117,1120
蚌埠,厦门,91,865
蚌埠,广州,383,3913
安庆,昆明,107,1089
济南,天津,265,3094
潍坊,锦州,12,156
潍坊,信阳,16,209
青岛,石家庄,40,519
临沂,哈尔滨,47,540
临沂,厦门,18,173
杭州,襄阳,112,247
杭州,贵阳,499,1163
湖州,沈阳,189,515
湖州,北京,176,479
湖州,徐州,126,341
湖州,漯河,122,325
湖州,信阳,138,364
湖州,银川,57,150
嘉兴,徐州,98,305
嘉兴,济南,267,799
嘉兴,南昌,140,409
嘉兴,漯河,71,205
嘉兴,中山,83,234
嘉兴,南宁,112,348
嘉兴,贵阳,118,339
嘉兴,衡阳,52,157
宁波,呼和浩特,68,531
宁波,天津,159,1285
宁波,北京,147,1221
宁波,南京,136,1112
宁波,徐州,113,894
宁波,长沙,257,2120
宁波,衡阳,84,677
宁波,武汉,270,2171
宁波,中山,123,985
台州,天津,219,797
台州,南昌,287,1016
台州,西安,377,1359
金华,侯马,230,1681
金华,石家庄,504,3890
金华,天津,459,3565
金华,福州,479,3578
金华,厦门,328,2451
金华,信阳,303,2271
金华,海口,226,1745
金华,昆明,356,2679
温州,太原,144,571
温州,济南,322,1285
温州,信阳,113,468
温州,中山,145,594
温州,乌鲁木齐,104,418
温州,阿克苏,30,105
温州,鹰潭,37,141
温州,衡阳,94,390
南昌,济南,241,2659
南昌,漯河,90,901
南昌,广州,442,5976
南昌,北京,228,2474
南昌,南昌,152,2225
南昌,徐州,92,1081
鹰潭,西安,36,375
福州,郑州,105,1237
福州,漯河,45,419
福州,中山,76,1005
福州,南宁,91,1071
泉州,西安,73,2282
重庆,合肥,34,1204
重庆,芜湖,14,453
重庆,长沙,71,2742
重庆,中山,35,1178
长沙,北京,290,4497
长沙,福州,185,2834
长沙,洛阳,71,1003
长沙,汕头,136,2277
长沙,蚌埠,79,1316
武汉,海口,112,2257
荆州,中山,24,225
洛阳,锦州,31,292
洛阳,西安,197,1958
洛阳,常州,44,409
洛阳,金华,41,415
洛阳,南宁,91,1026
漯河,石家庄,50,1202
漯河,济南,63,1688
漯河,漯河,27,559
郑州,哈尔滨,326,5794
郑州,芜湖,62,1037
郑州,金华,87,1429
郑州,昆明,122,2163
广州,福州,361,3491
广州,柳州,146,1524
汕头,柳州,29,250
汕头,西安,79,607
汕头,兰州,33,240
湛江,贵阳,22,510
中山,天津,62,673
成都,侯马,30,606
成都,广州,160,4210
昆明,广州,88,1891
昆明,贵阳,46,909
石家庄,大连,68,797
石家庄,嘉兴,42,534
石家庄,义乌,20,217
天津,杭州,24,792
天津,贵阳,24,870
天津,兰州,18,612
唐山,漯河,7,69
唐山,侯马,6,68
唐山,苏州,7,80
唐山,宁波,5,55
唐山,金华,4,39
唐山,重庆,6,75
唐山,武汉,11,127
唐山,洛阳,5,49
北京,沈阳,71,1538
北京,烟台,17,356
北京,杭州,34,749
北京,漯河,23,474
廊坊,唐山,16,155
廊坊,济宁,11,90
廊坊,泉州,10,90
廊坊,海口,23,219
保定,深圳,37,320
保定,无锡,21,165
保定,临沂,36,303
保定,赣州,15,121
保定,常德,18,148
保定,东莞,32,261
保定,淮安,9,63
保定,湖州,10,64
保定,宝鸡,10,79
北京,常德,11,262
北京,衡阳,18,354
北京,东莞,15,349
北京,海口,25,540
北京,大理州,9,188
北京,西宁,7,148
沈阳,南京,68,505
沈阳,连云港,19,143
沈阳,潍坊,29,249
沈阳,深圳,56,452
沈阳,东莞,39,304
沈阳,阿克苏,11,65
长春,西安,31,801
哈尔滨,常州,12,267
哈尔滨,漯河,11,294
哈尔滨,广州,53,1702
哈尔滨,中山,13,360
南京,廊坊,28,332
南京,嘉兴,64,784
扬州,唐山,15,161
扬州,蚌埠,28,308
扬州,济宁,15,160
扬州,台州,19,206
扬州,泉州,19,213
淮安,天津,21,210
淮安,长沙,31,303
淮安,太原,15,145
常州,上海,316,3335
常州,衡阳,61,629
常州,赣州,42,422
无锡,济宁,33,253
无锡,内江,6,39
常州,义乌,23,224
苏州,唐山,32,261
苏州,大连,37,301
苏州,济宁,34,279
徐州,唐山,57,1028
徐州,大连,55,993
徐州,安庆,58,1073
徐州,潍坊,61,1115
徐州,重庆,156,2969
徐州,鹰潭,31,537
连云港,包头,11,72
连云港,廊坊,15,103
连云港,盐城,24,171
连云港,扬州,19,130
连云港,烟台,20,142
连云港,东莞,35,259
淮安,衡阳,11,107
淮安,南充,8,77
淮安,包头,5,51
淮安,唐山,6,53
淮安,鹰潭,5,44
淮安,荆州,4,35
淮安,义乌,7,73
盐城,侯马,21,109
盐城,廊坊,13,67
盐城,大连,16,72
盐城,连云港,20,100
盐城,柳州,18,88
盐城,海口,25,128
常州,大理州,29,281
南通,常德,18,374
合肥,扬州,39,415
合肥,济宁,69,753
合肥,临沂,74,797
合肥,常德,55,605
合肥,东莞,146,1596
合肥,乌鲁木齐,70,732
安庆,苏州,105,1179
安庆,烟台,34,348
安庆,宝鸡,15,136
蚌埠,廊坊,33,322
蚌埠,大连,50,527
蚌埠,潍坊,54,550
蚌埠,长沙,193,2113
蚌埠,常德,39,415
蚌埠,海口,24,254
芜湖,沈阳,89,1108
芜湖,苏州,40,484
芜湖,重庆,59,753
芜湖,信阳,37,438
芜湖,温州,27,337
济南,保定,85,945
济南,常州,70,784
济南,徐州,111,1237
济南,临沂,129,1353
济南,南宁,101,1145
济南,海口,69,744
济南,银川,96,992
济南,汕头,85,895
济南,湛江,52,562
潍坊,哈尔滨,32,525
潍坊,上海,52,878
潍坊,昆明,14,216
潍坊,烟台,17,232
潍坊,宁波,14,209
潍坊,南昌,17,252
潍坊,厦门,13,174
潍坊,盐城,6,85
潍坊,台州,7,101
潍坊,常德,6,74
潍坊,襄阳,7,79
青岛,哈尔滨,48,689
青岛,上海,72,1093
青岛,常州,17,220
青岛,济宁,17,227
青岛,宁波,20,263
青岛,中山,21,278
青岛,昆明,10,126
济宁,北京,52,1188
济宁,常州,11,192
济宁,青岛,26,552
济宁,汕头,15,260
济宁,深圳,22,424
临沂,太原,34,395
临沂,上海,51,651
临沂,常州,12,137
临沂,无锡,11,123
临沂,衡阳,12,142
临沂,中山,19,202
临沂,侯马,18,214
临沂,烟台,11,125
杭州,荆州,53,118
湖州,唐山,44,119
湖州,廊坊,34,92
湖州,烟台,38,99
湖州,海口,111,303
嘉兴,大连,33,100
嘉兴,重庆,92,293
嘉兴,东莞,82,262
嘉兴,宝鸡,13,36
宁波,赣州,49,394
宁波,荆州,23,173
宁波,内江,14,100
宁波,拉萨,11,82
台州,苏州,265,995
台州,常德,82,301
台州,深圳,291,1093
台州,拉萨,19,68
金华,大连,127,974
金华,上海,1141,9041
金华,苏州,522,4130
金华,临沂,184,1423
金华,内江,33,236
金华,喀什,14,79
温州,扬州,42,168
温州,潍坊,70,299
温州,济宁,60,254
温州,常德,58,241
温州,喀什,9,28
南昌,重庆,140,1932
南昌,东莞,123,1721
南昌,包头,29,251
南昌,襄阳,39,487
南昌,湖州,27,364
南昌,喀什,11,53
鹰潭,呼和浩特,18,141
鹰潭,侯马,11,95
鹰潭,济宁,8,65
鹰潭,福州,23,200
鹰潭,深圳,24,219
鹰潭,东莞,18,152
鹰潭,南宁,25,224
鹰潭,大理州,8,72
鹰潭,杭州,23,205
鹰潭,常州,9,64
鹰潭,乌鲁木齐,12,109
福州,无锡,34,445
福州,昆明,63,865
福州,洛阳,35,361
福州,兰州,38,566
福州,锦州,19,204
福州,大理州,16,194
厦门,济南,47,1353
厦门,青岛,21,674
厦门,贵阳,31,917
泉州,长春,30,951
泉州,赣州,20,544
泉州,包头,9,250
泉州,潍坊,16,460
厦门,无锡,19,597
厦门,合肥,34,1024
厦门,洛阳,12,363
重庆,盐城,10,390
重庆,潍坊,12,458
长沙,临沂,54,826
长沙,宁波,107,1591
长沙,台州,60,898
长沙,荆州,30,428
常德,沈阳,10,156
常德,徐州,8,128
常德,扬州,4,61
常德,长沙,58,1155
常德,广州,39,759
衡阳,沈阳,30,861
衡阳,哈尔滨,35,1042
衡阳,上海,38,1176
衡阳,南京,18,513
武汉,苏州,125,2683
武汉,银川,68,1351
武汉,淮安,16,337
武汉,盐城,35,735
武汉,赣州,57,1114
荆州,天津,19,166
荆州,长沙,35,341
荆州,海口,19,184
荆州,呼和浩特,17,156
荆州,盐城,6,51
荆州,南充,10,92
荆州,兰州,14,146
襄阳,石家庄,20,405
襄阳,唐山,8,141
襄阳,合肥,16,282
襄阳,潍坊,8,127
襄阳,重庆,20,410
襄阳,武汉,33,623
襄阳,信阳,13,222
襄阳,深圳,27,582
襄阳,昆明,15,255
郑州,潍坊,92,1579
郑州,临沂,88,1469
郑州,台州,56,994
洛阳,南通,26,291
洛阳,蚌埠,42,457
洛阳,烟台,32,292
洛阳,荆州,10,110
洛阳,宝鸡,17,156
漯河,长春,42,1132
漯河,南昌,40,1035
漯河,长沙,48,1260
漯河,苏州,28,713
漯河,深圳,36,802
漯河,银川,16,378
漯河,东莞,26,622
漯河,乌鲁木齐,14,363
漯河,湛江,15,308
信阳,衡阳,17,226
信阳,海口,14,187
信阳,乌鲁木齐,14,173
广州,南京,114,1150
广州,宁波,87,899
广州,赣州,66,647
广州,长沙,337,3568
广州,襄阳,49,452
汕头,连云港,7,47
汕头,扬州,6,39
汕头,安庆,12,89
广州,荆州,24,245
湛江,合肥,11,244
湛江,东莞,21,550
湛江,海口,11,273
湛江,赣州,5,127
中山,杭州,48,670
中山,太原,42,517
中山,长春,42,499
中山,扬州,10,122
中山,潍坊,16,191
中山,临沂,14,184
中山,洛阳,21,237
贵阳,石家庄,11,245
贵阳,长春,8,189
贵阳,济南,14,363
贵阳,温州,12,243
贵阳,信阳,6,134
贵阳,南充,9,175
海口,石家庄,5,55
海口,沈阳,8,112
海口,合肥,4,48
海口,温州,4,33
海口,深圳,8,113
海口,中山,5,56
海口,成都,9,140
成都,阿克苏,9,325
成都,北京,128,3740
成都,长春,61,1311
成都,东莞,44,1129
成都,保定,18,465
成都,金华,26,609
成都,洛阳,25,558
成都,湛江,21,459
昆明,南京,20,378
昆明,保定,7,123
昆明,济宁,6,107
昆明,赣州,7,131
昆明,衡阳,12,261
昆明,信阳,11,211
西安,上海,141,6225
西安,武汉,115,4593
西安,柳州,36,1244
西安,无锡,30,1212
西安,郑州,68,2566
太原,呼和浩特,17,694
济南,安庆,40,455
济南,大理州,27,268
呼和浩特,沈阳,19,523
呼和浩特,苏州,6,132
呼和浩特,天津,14,366
呼和浩特,南京,5,125
锦州,呼和浩特,6,174
太原,天津,21,1032
太原,武汉,17,914
太原,兰州,10,429
天津,湖州,5,131
沈阳,鹰潭,8,56
长春,盐城,4,80
长春,常德,4,70
南京,喀什,5,50
合肥,西宁,13,127
蚌埠,西宁,6,50
芜湖,临沂,17,221
芜湖,鹰潭,11,122
济南,常德,37,432
青岛,包头,11,151
南昌,淮安,15,209
南昌,扬州,25,335
鹰潭,赣州,7,63
福州,西宁,6,105
厦门,大连,8,260
厦门,扬州,9,271
厦门,安庆,13,389
厦门,赣州,13,410
衡阳,济宁,8,222
常德,深圳,20,383
漯河,扬州,7,141
信阳,唐山,14,215
信阳,安庆,10,133
信阳,台州,10,148
南宁,南京,13,901
南宁,泉州,10,816
南宁,武汉,29,2090
南宁,漯河,11,632
南宁,海口,18,1368
南宁,西安,19,1449
柳州,沈阳,3,125
柳州,哈尔滨,3,132
柳州,武汉,5,233
柳州,东莞,7,344
柳州,湛江,4,133
贵阳,汕头,7,150
成都,包头,24,557
南充,北京,20,378
南充,长春,9,159
南充,哈尔滨,12,227
南充,海口,7,121
南充,成都,32,1469
南充,泉州,6,82
南充,柳州,9,116
大理州,太原,5,158
大理州,侯马,3,63
大理州,无锡,3,62
大理州,徐州,3,59
大理州,济南,5,170
大理州,宁波,3,80
大理州,重庆,5,235
大理州,长沙,6,217
西安,济宁,11,440
西安,洛阳,21,757
义乌,杭州,741,6093
义乌,宁波,466,3813
深圳,中山,175,551
包头,西安,5,87
太原,厦门,4,223
太原,洛阳,5,224
大连,石家庄,9,101
大连,沈阳,53,564
大连,青岛,11,122
大连,杭州,8,81
大连,汕头,5,39
上海,石家庄,83,1272
上海,南京,131,2023
上海,厦门,96,1491
上海,长沙,124,1874
上海,衡阳,33,484
上海,襄阳,27,409
上海,郑州,154,2367
上海,湛江,30,445
上海,柳州,36,535
上海,贵阳,91,1349
芜湖,阿克苏,6,88
烟台,沈阳,26,588
烟台,徐州,7,160
烟台,合肥,9,216
烟台,宁波,9,205
烟台,郑州,17,381
烟台,漯河,8,143
烟台,广州,26,664
义乌,济南,1174,9678
义乌,南昌,643,5299
义乌,福州,573,4731
义乌,柳州,176,1447
义乌,南充,174,1421
赣州,侯马,7,394
赣州,漯河,6,315
常德,锦州,4,54
常德,湛江,5,75
衡阳,锦州,5,154
荆州,侯马,9,79
荆州,蚌埠,8,80
漯河,阿克苏,4,87
深圳,石家庄,96,301
深圳,金华,65,206
深圳,南宁,179,578
东莞,哈尔滨,158,838
东莞,长春,107,574
东莞,济南,193,1033
东莞,金华,48,254
东莞,武汉,201,1069
南充,湛江,4,59
兰州,汕头,6,127
呼和浩特,大连,3,97
呼和浩特,蚌埠,3,85
包头,保定,1,10
包头,徐州,1,6
包头,南通,1,3
包头,天津,2,28
包头,福州,1,7
包头,长沙,2,10
包头,常德,1,2
包头,信阳,1,5
包头,兰州,1,13
包头,阿克苏,1,1
包头,拉萨,1,1
太原,苏州,5,312
太原,宁波,4,222
太原,温州,3,193
太原,南昌,6,362
太原,长沙,8,514
太原,深圳,7,499
太原,银川,6,269
侯马,太原,7,612
侯马,淮安,1,19
侯马,嘉兴,1,66
侯马,金华,1,85
侯马,鹰潭,1,34
侯马,武汉,4,395
侯马,漯河,2,132
侯马,信阳,2,145
侯马,东莞,2,166
侯马,湛江,1,63
侯马,南宁,2,132
侯马,内江,1,13
侯马,西宁,1,10
唐山,湖州,2,19
唐山,大理州,2,15
北京,淮安,4,89
北京,阿克苏,3,75
大连,潍坊,4,44
大连,义乌,2,16
大连,海口,3,31
大连,南充,2,15
大连,兰州,4,39
大连,银川,3,33
锦州,南京,2,39
锦州,徐州,1,30
锦州,连云港,1,10
锦州,临沂,1,30
锦州,台州,1,16
锦州,大理州,1,6
锦州,银川,2,37
锦州,阿克苏,1,4
长春,拉萨,2,55
哈尔滨,鹰潭,3,66
哈尔滨,阿克苏,1,37
哈尔滨,喀什,1,9
上海,盐城,31,484
上海,烟台,40,611
上海,临沂,33,506
上海,宝鸡,8,119
上海,喀什,5,71
连云港,西宁,3,19
盐城,荆州,5,29
扬州,东莞,34,399
芜湖,西宁,4,51
芜湖,拉萨,5,65
安庆,拉萨,3,30
潍坊,内江,2,22
潍坊,西宁,2,35
烟台,连云港,2,42
烟台,南通,4,90
烟台,临沂,6,138
烟台,台州,4,95
烟台,长沙,12,300
烟台,南充,4,86
青岛,宝鸡,3,46
济宁,淮安,3,53
济宁,义乌,3,55
临沂,淮安,3,37
湖州,淮安,22,60
湖州,喀什,7,17
义乌,无锡,280,2312
义乌,济宁,220,1815
义乌,海口,160,1318
义乌,银川,126,1035
义乌,拉萨,9,70
鹰潭,荆州,3,24
鹰潭,拉萨,2,20
赣州,哈尔滨,10,844
赣州,南京,5,357
赣州,烟台,2,167
赣州,湖州,2,89
赣州,台州,3,181
赣州,温州,4,300
赣州,重庆,7,548
赣州,衡阳,3,251
赣州,海口,5,350
赣州,南充,3,232
赣州,西安,10,821
赣州,银川,3,178
赣州,西宁,1,50
赣州,拉萨,1,36
厦门,宝鸡,3,83
泉州,宝鸡,4,141
常德,唐山,2,33
常德,廊坊,2,25
常德,湖州,3,53
衡阳,唐山,6,195
衡阳,淮安,3,79
荆州,淮安,3,23
襄阳,大理州,3,60
漯河,宝鸡,4,112
洛阳,喀什,2,7
广州,淮安,13,133
广州,内江,13,130
深圳,保定,33,106
深圳,淮安,19,61
深圳,烟台,23,75
深圳,湖州,25,79
深圳,赣州,37,118
深圳,重庆,104,338
深圳,海口,63,203
深圳,银川,30,96
东莞,无锡,49,263
东莞,潍坊,41,223
东莞,宁波,67,362
东莞,温州,57,307
东莞,鹰潭,21,111
东莞,重庆,116,630
东莞,衡阳,67,363
东莞,荆州,16,83
东莞,大理州,28,151
南宁,包头,2,145
南宁,芜湖,5,363
南宁,济宁,3,262
南宁,宝鸡,2,103
南宁,拉萨,1,50
柳州,包头,1,14
柳州,扬州,1,23
柳州,烟台,1,30
柳州,金华,2,79
柳州,南充,2,66
柳州,阿克苏,1,11
贵阳,保定,3,70
贵阳,安庆,3,63
贵阳,西宁,1,25
海口,唐山,2,17
海口,保定,2,20
海口,金华,2,32
海口,鹰潭,1,11
成都,淮安,5,141
南充,连云港,2,20
南充,潍坊,3,41
南充,济宁,3,39
南充,赣州,3,43
南充,喀什,1,2
内江,包头,1,15
内江,侯马,1,35
内江,常州,1,43
内江,鹰潭,1,17
内江,荆州,1,14
内江,郑州,3,128
内江,信阳,2,59
内江,西安,3,134
昆明,湖州,5,115
昆明,内江,3,65
昆明,西宁,3,55
大理州,南通,2,42
大理州,合肥,2,74
大理州,潍坊,2,40
大理州,烟台,2,41
大理州,宝鸡,1,15
西安,内江,7,253
宝鸡,安庆,1,80
宝鸡,信阳,1,148
宝鸡,西安,8,1724
宝鸡,拉萨,1,26
兰州,包头,2,42
兰州,保定,2,44
兰州,徐州,2,68
兰州,潍坊,2,43
兰州,济宁,2,34
兰州,温州,4,92
兰州,衡阳,2,51
兰州,武汉,7,218
兰州,漯河,2,71
兰州,深圳,9,280
银川,苏州,4,49
银川,南通,2,16
银川,济宁,1,13
银川,金华,2,29
银川,赣州,1,12
银川,重庆,5,58
银川,襄阳,1,11
银川,深圳,5,69
银川,东莞,4,44
西宁,侯马,1,27
西宁,北京,2,85
西宁,大连,1,12
西宁,上海,2,47
西宁,芜湖,1,9
西宁,烟台,1,16
西宁,台州,1,11
西宁,赣州,1,7
西宁,重庆,2,59
西宁,长沙,3,69
西宁,襄阳,1,12
西宁,南充,1,27
乌鲁木齐,北京,8,439
乌鲁木齐,沈阳,3,178
乌鲁木齐,大连,1,55
乌鲁木齐,锦州,1,27
乌鲁木齐,台州,1,44
乌鲁木齐,武汉,5,270
乌鲁木齐,郑州,4,249
乌鲁木齐,东莞,2,116
乌鲁木齐,柳州,1,39
乌鲁木齐,成都,12,705
阿克苏,上海,1,51
阿克苏,济南,1,31
阿克苏,厦门,1,9
阿克苏,重庆,1,55
阿克苏,衡阳,1,9
阿克苏,广州,1,72
阿克苏,柳州,1,5
阿克苏,成都,1,106
阿克苏,大理州,1,6
阿克苏,阿克苏,1,181
喀什,侯马,1,4
喀什,沈阳,1,11
喀什,无锡,1,5
喀什,潍坊,1,4
喀什,济宁,1,2
喀什,南昌,1,16
喀什,福州,1,5
喀什,厦门,1,2
喀什,常德,1,3
喀什,衡阳,1,3
喀什,东莞,1,4
喀什,成都,1,29
喀什,宝鸡,1,2
喀什,兰州,1,32
拉萨,侯马,1,9
拉萨,石家庄,1,12
拉萨,唐山,1,2
拉萨,徐州,1,7
拉萨,潍坊,1,3
拉萨,金华,1,4
拉萨,温州,1,5
拉萨,重庆,1,58
拉萨,宝鸡,1,5
石家庄,北京,518,6292
保定,石家庄,189,1568
保定,廊坊,48,358
无锡,盐城,56,389
连云港,南京,77,545
连云港,无锡,42,287
连云港,南通,36,215
淮安,南京,84,866
徐州,徐州,92,1499
盐城,徐州,72,368
南通,无锡,64,1422
南通,扬州,31,633
湖州,温州,91,227
宁波,金华,127,968
金华,台州,253,1805
郑州,郑州,325,5222
郑州,信阳,182,2890
汕头,湛江,53,366
中山,广州,437,6111
成都,内江,33,982
石家庄,天津,281,3310
石家庄,广州,440,5335
石家庄,洛阳,87,979
石家庄,湛江,74,810
石家庄,南充,81,885
石家庄,兰州,132,1589
天津,长春,44,1552
廊坊,杭州,26,255
保定,湛江,23,180
保定,太原,75,595
保定,昆明,61,476
保定,福州,47,377
保定,银川,33,244
北京,厦门,31,678
北京,太原,61,1334
沈阳,北京,186,1763
沈阳,长春,265,2215
沈阳,西安,134,1066
南京,呼和浩特,90,1006
南京,金华,83,952
南京,南昌,144,1608
南京,郑州,197,2268
南京,广州,351,4139
南京,中山,95,1023
扬州,常州,43,440
扬州,合肥,49,525
扬州,杭州,69,769
扬州,信阳,36,357
无锡,合肥,97,750
无锡,青岛,79,615
无锡,广州,167,1284
无锡,太原,74,563
无锡,蚌埠,49,357
无锡,宁波,75,590
无锡,乌鲁木齐,68,510
常州,湛江,66,649
苏州,金华,79,621
苏州,呼和浩特,70,521
苏州,哈尔滨,133,997
苏州,侯马,55,404
苏州,北京,160,1330
苏州,蚌埠,80,616
苏州,武汉,214,1672
苏州,汕头,68,537
苏州,湛江,40,300
苏州,成都,229,1765
苏州,大理州,27,201
徐州,厦门,117,2084
徐州,广州,461,8546
连云港,北京,118,905
连云港,郑州,92,639
连云港,中山,34,244
连云港,汕头,33,218
连云港,湛江,21,146
连云港,贵阳,59,361
淮安,西安,35,350
淮安,广州,57,616
淮安,厦门,16,140
淮安,芜湖,14,138
淮安,宁波,28,291
徐州,长春,161,3042
徐州,洛阳,82,1490
盐城,西安,65,374
扬州,沈阳,73,746
扬州,南宁,50,549
扬州,银川,28,279
扬州,阿克苏,12,112
常州,福州,167,1675
常州,柳州,62,614
常州,成都,264,2646
南通,芜湖,25,535
南通,杭州,104,2422
南通,南昌,59,1263
南通,襄阳,16,313
南通,漯河,35,753
南通,海口,51,1146
南通,乌鲁木齐,86,1947
合肥,侯马,116,1209
合肥,长春,212,2197
合肥,青岛,190,2054
合肥,南昌,239,2581
合肥,洛阳,105,1142
合肥,中山,139,1445
合肥,汕头,126,1302
合肥,贵阳,237,2443
合肥,西安,378,4059
安庆,呼和浩特,64,584
安庆,南京,102,1092
安庆,徐州,91,952
安庆,武汉,184,1852
安庆,洛阳,52,483
安庆,漯河,71,645
安庆,南充,62,519
安庆,银川,56,485
蚌埠,天津,170,1865
蚌埠,青岛,118,1251
蚌埠,锦州,43,406
蚌埠,湛江,56,536
蚌埠,南宁,158,1671
蚌埠,贵阳,180,1763
蚌埠,南昌,139,1449
蚌埠,哈尔滨,176,1970
蚌埠,太原,145,1534
芜湖,呼和浩特,45,541
济南,石家庄,250,2867
济南,漯河,118,1197
济南,中山,106,1170
济南,哈尔滨,280,3267
潍坊,青岛,39,596
济宁,济南,64,1371
临沂,漯河,21,230
临沂,石家庄,39,428
天津,呼和浩特,31,1253
杭州,蚌埠,253,573
杭州,南昌,463,1045
杭州,厦门,302,705
杭州,中山,308,712
杭州,乌鲁木齐,255,603
杭州,大理州,97,226
湖州,侯马,94,250
湖州,天津,140,377
湖州,长春,151,409
湖州,郑州,263,712
湖州,广州,440,1194
湖州,汕头,123,336
嘉兴,青岛,113,346
嘉兴,西安,168,501
嘉兴,蚌埠,60,182
嘉兴,安庆,34,101
宁波,蚌埠,87,679
宁波,郑州,257,2097
宁波,洛阳,84,659
宁波,信阳,116,913
宁波,广州,465,3854
台州,常州,145,512
台州,漯河,160,568
台州,南充,100,349
台州,阿克苏,37,126
金华,哈尔滨,507,3791
金华,锦州,103,743
金华,常州,276,2111
金华,蚌埠,291,2197
金华,芜湖,172,1278
金华,青岛,395,3054
金华,郑州,717,5441
金华,南充,183,1320
温州,徐州,138,567
温州,湛江,79,314
温州,襄阳,51,200
温州,大理州,45,167
南昌,汕头,110,1244
南昌,贵阳,187,2122
南昌,青岛,114,1327
鹰潭,合肥,20,155
鹰潭,漯河,14,121
泉州,汕头,81,2527
泉州,湛江,52,1590
泉州,沈阳,49,1536
泉州,金华,23,661
泉州,柳州,22,605
泉州,兰州,33,1082
重庆,天津,42,1545
重庆,杭州,45,1717
重庆,厦门,30,1053
重庆,信阳,23,810
重庆,成都,137,5250
长沙,南昌,261,3955
长沙,海口,157,2738
长沙,大理州,54,829
武汉,天津,156,3403
武汉,侯马,76,1607
武汉,合肥,133,2827
武汉,青岛,124,2539
武汉,信阳,108,2110
武汉,湛江,66,1277
襄阳,汕头,14,236
郑州,侯马,140,2422
郑州,石家庄,271,4878
郑州,福州,172,3098
郑州,南宁,234,4075
郑州,柳州,104,1662
洛阳,郑州,160,1476
洛阳,成都,183,1927
洛阳,呼和浩特,59,480
洛阳,长春,100,1073
洛阳,洛阳,38,342
洛阳,中山,67,718
洛阳,南充,50,482
郑州,蚌埠,110,1873
郑州,安庆,54,966
郑州,鹰潭,36,632
郑州,衡阳,99,1761
广州,信阳,88,831
广州,济南,221,2234
广州,呼和浩特,101,1015
广州,南昌,213,2136
汕头,太原,39,290
汕头,哈尔滨,47,373
广州,武汉,301,3139
湛江,西安,25,570
湛江,中山,24,586
中山,锦州,15,143
中山,沈阳,59,728
中山,厦门,47,639
成都,贵阳,111,2725
成都,郑州,76,1787
石家庄,深圳,141,1806
石家庄,淮安,19,219
石家庄,拉萨,18,219
天津,侯马,25,784
天津,南京,24,808
天津,无锡,14,425
天津,重庆,22,767
天津,洛阳,19,577
天津,南宁,21,696
唐山,太原,12,162
唐山,常州,4,40
唐山,南通,4,31
唐山,合肥,6,70
唐山,蚌埠,4,44
唐山,潍坊,4,43
唐山,温州,4,41
唐山,昆明,5,61
北京,石家庄,64,1453
北京,青岛,39,914
北京,嘉兴,11,229
北京,金华,16,308
廊坊,芜湖,9,77
廊坊,安庆,9,78
廊坊,重庆,26,253
廊坊,淮安,4,31
廊坊,大理州,7,57
廊坊,兰州,21,207
廊坊,乌鲁木齐,37,347
保定,喀什,9,72
保定,内江,6,45
北京,合肥,28,636
北京,安庆,12,213
北京,柳州,16,363
北京,南充,21,414
北京,济宁,13,290
北京,泉州,16,377
沈阳,成都,92,732
沈阳,无锡,37,267
沈阳,嘉兴,25,201
沈阳,湛江,16,110
沈阳,柳州,18,135
长春,保定,12,331
长春,长春,155,4451
长春,南京,13,308
长春,无锡,7,190
长春,苏州,16,396
长春,青岛,24,687
长春,温州,8,202
长春,衡阳,5,99
长春,东莞,12,249
长春,大理州,6,85
哈尔滨,大连,32,1014
哈尔滨,无锡,11,284
哈尔滨,潍坊,13,392
哈尔滨,温州,12,306
哈尔滨,福州,17,501
哈尔滨,重庆,19,525
哈尔滨,洛阳,11,258
哈尔滨,汕头,13,339
哈尔滨,深圳,27,873
南京,潍坊,52,610
南京,重庆,125,1578
南京,荆州,21,239
南京,拉萨,14,181
扬州,连云港,16,152
扬州,芜湖,18,182
扬州,安庆,16,168
扬州,重庆,36,415
扬州,长沙,61,670
扬州,衡阳,20,214
淮安,贵阳,19,179
常州,唐山,49,494
常州,潍坊,64,653
无锡,保定,26,200
无锡,临沂,34,258
无锡,重庆,66,526
无锡,衡阳,24,188
常州,湖州,30,304
苏州,嘉兴,68,563
苏州,温州,90,771
苏州,包头,19,146
苏州,潍坊,42,331
徐州,济宁,65,1216
徐州,临沂,64,1211
徐州,乌鲁木齐,37,725
徐州,义乌,23,404
徐州,阿克苏,8,135
连云港,唐山,20,145
连云港,上海,128,1003
淮安,呼和浩特,17,176
淮安,潍坊,7,61
淮安,台州,13,135
淮安,大理州,4,35
淮安,大连,5,50
淮安,烟台,7,61
徐州,西宁,10,166
盐城,呼和浩特,24,122
盐城,温州,36,205
盐城,常德,13,63
盐城,兰州,29,167
盐城,银川,19,100
盐城,东莞,40,240
盐城,乌鲁木齐,44,247
扬州,大连,16,176
扬州,荆州,6,66
常州,包头,21,202
南通,廊坊,9,188
南通,潍坊,22,478
南通,湖州,16,351
南通,温州,47,1051
南通,东莞,50,1147
南通,宝鸡,5,98
南通,西宁,13,289
南通,喀什,5,112
合肥,长沙,288,3198
合肥,襄阳,61,651
合肥,昆明,137,1500
安庆,保定,41,404
安庆,安庆,32,332
安庆,赣州,35,338
安庆,东莞,85,942
蚌埠,南通,39,385
蚌埠,淮安,18,173
蚌埠,大理州,18,179
芜湖,太原,58,700
芜湖,侯马,31,346
芜湖,北京,61,755
芜湖,宁波,31,374
芜湖,郑州,77,913
芜湖,烟台,18,227
芜湖,洛阳,24,283
芜湖,湛江,22,254
芜湖,海口,24,302
芜湖,乌鲁木齐,41,538
济南,福州,142,1530
济南,武汉,246,2870
济南,洛阳,91,971
济南,东莞,109,1256
济南,荆州,22,230
潍坊,蚌埠,10,141
潍坊,汕头,14,170
青岛,潍坊,22,328
青岛,长沙,38,504
青岛,成都,48,695
青岛,合肥,25,336
青岛,南昌,23,320
青岛,重庆,25,352
青岛,侯马,18,231
济宁,呼和浩特,26,504
济宁,徐州,16,315
济宁,福州,21,391
济宁,长沙,32,648
济宁,成都,40,870
济宁,漯河,15,279
临沂,苏州,23,280
临沂,嘉兴,10,118
济宁,蚌埠,12,222
济宁,洛阳,12,218
临沂,台州,7,85
临沂,乌鲁木齐,15,177
天津,包头,9,371
杭州,大连,115,270
湖州,济宁,54,143
嘉兴,南通,53,166
嘉兴,潍坊,52,165
嘉兴,济宁,48,145
嘉兴,荆州,18,51
嘉兴,义乌,37,114
宁波,大连,48,391
宁波,淮安,22,171
宁波,盐城,45,356
宁波,重庆,140,1203
台州,唐山,62,222
台州,廊坊,45,157
台州,上海,495,1864
台州,淮安,41,146
台州,南通,99,361
台州,烟台,80,290
台州,义乌,67,241
台州,赣州,83,300
台州,西宁,25,87
金华,保定,164,1266
金华,潍坊,191,1483
金华,义乌,119,876
温州,荆州,26,97
温州,宝鸡,19,69
温州,西宁,18,70
南昌,蚌埠,69,866
南昌,泉州,69,957
南昌,衡阳,70,843
南昌,银川,70,574
南昌,烟台,42,502
南昌,台州,49,619
南昌,鹰潭,32,376
鹰潭,临沂,8,70
鹰潭,厦门,15,136
鹰潭,银川,10,89
鹰潭,海口,12,113
鹰潭,温州,10,91
鹰潭,柳州,10,89
福州,深圳,106,1549
福州,西安,105,1326
福州,长春,67,775
福州,保定,29,319
福州,廊坊,16,162
福州,银川,22,316
厦门,上海,98,3325
厦门,武汉,63,2011
厦门,兰州,18,581
泉州,无锡,19,566
泉州,苏州,37,1205
泉州,长沙,71,2334
泉州,常德,17,454
泉州,襄阳,15,392
泉州,唐山,12,343
厦门,衡阳,18,543
厦门,盐城,12,325
厦门,临沂,11,295
重庆,包头,18,707
重庆,大连,15,575
重庆,海口,41,1587
重庆,西宁,4,122
长沙,唐山,44,694
长沙,盐城,37,563
长沙,鹰潭,39,610
常德,哈尔滨,9,145
常德,苏州,17,305
常德,盐城,4,80
常德,嘉兴,7,122
常德,台州,5,101
常德,金华,8,128
常德,温州,10,171
常德,南充,6,110
常德,西安,12,209
衡阳,济南,39,1102
衡阳,武汉,43,1331
衡阳,深圳,44,1323
衡阳,厦门,23,553
衡阳,苏州,23,623
衡阳,金华,13,331
衡阳,泉州,14,418
武汉,保定,55,1114
武汉,南通,47,955
武汉,蚌埠,68,1434
武汉,鹰潭,34,632
武汉,重庆,186,4206
武汉,深圳,205,4555
武汉,嘉兴,49,1043
武汉,包头,32,624
武汉,廊坊,28,594
武汉,临沂,43,864
荆州,北京,44,457
荆州,南宁,25,221
荆州,温州,13,134
荆州,长春,11,110
襄阳,洛阳,11,191
襄阳,南宁,18,357
襄阳,西安,26,512
郑州,上海,308,6344
郑州,重庆,173,3262
郑州,济宁,82,1403
郑州,温州,87,1556
郑州,荆州,26,471
洛阳,唐山,34,336
洛阳,潍坊,44,401
洛阳,临沂,37,360
洛阳,连云港,18,163
漯河,成都,64,1679
漯河,青岛,30,741
漯河,中山,26,526
漯河,嘉兴,14,332
漯河,无锡,13,331
漯河,台州,12,269
漯河,泉州,17,397
信阳,上海,83,1286
信阳,青岛,33,473
信阳,包头,13,146
信阳,宁波,24,312
信阳,长沙,54,735
信阳,襄阳,12,147
广州,太原,125,1241
广州,保定,58,528
广州,无锡,57,591
汕头,上海,38,391
汕头,盐城,8,54
汕头,芜湖,11,72
汕头,济宁,15,96
汕头,湖州,6,42
广州,南通,41,405
湛江,南京,10,223
湛江,宁波,10,244
湛江,成都,25,690
湛江,昆明,17,423
湛江,南通,5,98
湛江,深圳,27,727
中山,福州,70,940
中山,东莞,95,1410
中山,北京,111,1174
中山,深圳,158,2370
中山,大连,14,173
中山,常州,23,290
中山,合肥,32,397
中山,青岛,36,432
中山,嘉兴,15,195
中山,温州,23,334
中山,漯河,26,303
中山,信阳,28,331
贵阳,太原,6,159
贵阳,上海,19,464
贵阳,重庆,18,499
贵阳,东莞,14,299
贵阳,中山,10,234
贵阳,昆明,23,595
贵阳,兰州,8,169
贵阳,银川,4,100
海口,汕头,5,73
成都,昆明,101,2639
成都,大理州,25,589
成都,拉萨,15,675
成都,潍坊,22,518
成都,南昌,57,1407
成都,无锡,25,604
成都,芜湖,15,367
成都,济宁,16,376
昆明,哈尔滨,37,700
昆明,天津,21,429
昆明,南宁,25,566
昆明,海口,17,318
昆明,徐州,9,187
昆明,嘉兴,10,238
昆明,台州,9,199
昆明,金华,14,279
昆明,泉州,11,239
昆明,湛江,9,187
昆明,乌鲁木齐,11,228
西安,苏州,65,2766
西安,温州,45,1807
西安,福州,78,3203
西安,重庆,82,3274
西安,潍坊,16,657
西安,东莞,78,3166
南充,贵阳,24,493
南充,昆明,18,367
呼和浩特,保定,5,132
呼和浩特,哈尔滨,15,461
呼和浩特,杭州,7,185
呼和浩特,成都,12,370
呼和浩特,福州,5,129
呼和浩特,贵阳,4,110
锦州,太原,4,101
锦州,北京,11,362
锦州,青岛,4,92
锦州,西安,5,124
太原,上海,12,767
太原,广州,18,1110
石家庄,喀什,7,76
天津,赣州,5,167
天津,荆州,3,82
沈阳,义乌,27,208
沈阳,荆州,6,42
长春,南通,5,114
长春,襄阳,4,63
哈尔滨,柳州,8,180
哈尔滨,乌鲁木齐,8,248
芜湖,扬州,9,104
芜湖,湖州,9,115
芜湖,嘉兴,16,210
芜湖,宝鸡,7,91
济南,湖州,26,302
济南,阿克苏,19,212
青岛,南通,11,143
青岛,义乌,5,60
青岛,南充,11,154
鹰潭,廊坊,5,41
鹰潭,芜湖,6,48
鹰潭,嘉兴,7,58
鹰潭,襄阳,7,52
福州,淮安,9,103
福州,义乌,16,179
福州,宝鸡,7,89
厦门,潍坊,9,283
厦门,义乌,7,218
厦门,阿克苏,7,221
常德,天津,9,133
襄阳,呼和浩特,8,150
襄阳,襄阳,5,44
漯河,湖州,7,164
漯河,鹰潭,7,159
信阳,南通,11,141
信阳,义乌,7,72
信阳,西宁,4,35
信阳,阿克苏,3,39
汕头,义乌,4,32
中山,连云港,9,114
中山,盐城,11,151
中山,济宁,13,159
中山,义乌,9,92
南宁,石家庄,16,1087
南宁,大连,5,324
南宁,长春,10,875
南宁,上海,26,2133
南宁,徐州,10,635
南宁,合肥,15,1016
南宁,衡阳,13,965
南宁,郑州,21,1526
柳州,石家庄,3,90
柳州,北京,5,193
柳州,青岛,3,79
贵阳,台州,6,135
贵阳,赣州,4,79
南充,苏州,10,127
南充,南昌,13,158
南充,南宁,16,277
南充,温州,6,83
大理州,沈阳,12,392
大理州,杭州,4,140
大理州,南昌,4,111
大理州,郑州,4,125
大理州,贵阳,5,220
西安,保定,14,539
西安,南通,21,808
西安,芜湖,21,796
包头,呼和浩特,34,769
烟台,青岛,22,547
义乌,湖州,133,1088
义乌,金华,335,2705
东莞,广州,741,3870
东莞,中山,188,996
太原,合肥,7,379
太原,信阳,7,286
太原,漯河,6,252
北京,锦州,11,250
北京,襄阳,12,264
大连,福州,7,81
上海,金华,48,725
上海,鹰潭,18,271
上海,漯河,47,710
上海,中山,69,1048
上海,大理州,19,267
烟台,石家庄,15,328
烟台,天津,17,424
烟台,杭州,14,355
烟台,信阳,7,167
义乌,哈尔滨,551,4522
义乌,广州,1619,13357
赣州,广州,25,2029
荆州,锦州,6,60
深圳,徐州,93,298
深圳,武汉,184,586
深圳,大理州,33,103
东莞,太原,100,536
东莞,南京,92,495
东莞,徐州,69,365
东莞,合肥,90,478
东莞,长沙,199,1074
东莞,漯河,64,345
东莞,兰州,74,395
贵阳,锦州,3,66
昆明,锦州,6,110
兰州,呼和浩特,6,124
兰州,广州,21,638
兰州,阿克苏,6,134
银川,沈阳,8,94
呼和浩特,廊坊,3,68
呼和浩特,淮安,1,13
呼和浩特,台州,2,46
呼和浩特,赣州,2,39
呼和浩特,厦门,3,75
呼和浩特,常德,1,36
呼和浩特,汕头,3,77
呼和浩特,海口,3,106
呼和浩特,喀什,1,5
包头,上海,1,19
包头,常州,1,5
包头,济南,1,20
包头,潍坊,1,8
包头,烟台,1,5
包头,泉州,1,5
包头,郑州,1,18
包头,洛阳,1,4
包头,内江,1,1
包头,喀什,1,0
太原,保定,6,321
太原,无锡,3,150
太原,扬州,2,66
太原,湖州,1,70
太原,南宁,6,319
侯马,南通,1,57
侯马,安庆,1,66
侯马,贵阳,3,215
侯马,兰州,2,170
唐山,安庆,2,22
唐山,柳州,2,19
廊坊,东莞,14,127
北京,扬州,7,152
北京,临沂,14,334
大连,常州,3,29
大连,连云港,1,9
大连,蚌埠,2,17
大连,安庆,1,9
大连,嘉兴,2,20
大连,金华,3,27
大连,常德,1,12
大连,湛江,1,12
大连,西宁,1,7
锦州,南通,1,15
锦州,杭州,3,61
锦州,嘉兴,1,19
锦州,义乌,1,13
锦州,温州,1,24
锦州,汕头,1,22
锦州,中山,1,24
锦州,昆明,2,33
锦州,乌鲁木齐,1,21
长春,扬州,3,71
长春,义乌,3,87
哈尔滨,连云港,4,131
哈尔滨,淮安,2,52
上海,唐山,22,331
上海,济宁,31,479
上海,嘉兴,45,691
上海,赣州,28,427
上海,拉萨,19,291
淮安,内江,1,11
盐城,西宁,4,22
盐城,拉萨,6,34
合肥,喀什,4,36
潍坊,拉萨,3,40
烟台,苏州,12,310
烟台,蚌埠,5,112
烟台,金华,5,130
烟台,鹰潭,2,33
烟台,海口,3,60
烟台,银川,4,95
烟台,西宁,1,15
青岛,内江,2,25
济宁,湖州,4,80
济宁,常德,6,128
济宁,柳州,3,69
济宁,乌鲁木齐,5,107
济宁,喀什,1,7
义乌,呼和浩特,135,1116
鹰潭,盐城,4,35
赣州,连云港,2,100
赣州,临沂,3,197
赣州,泉州,4,289
赣州,柳州,3,247
赣州,成都,12,994
福州,喀什,2,25
厦门,西宁,4,142
厦门,喀什,2,45
常德,烟台,2,37
常德,济宁,2,34
常德,义乌,3,43
常德,泉州,4,82
常德,荆州,2,34
常德,拉萨,1,9
荆州,保定,6,64
荆州,扬州,4,38
荆州,安庆,6,61
荆州,湖州,4,44
荆州,西宁,1,10
襄阳,廊坊,4,77
襄阳,拉萨,1,17
漯河,内江,3,68
深圳,义乌,19,61
东莞,芜湖,29,156
东莞,西宁,14,76
湛江,鹰潭,3,72
湛江,内江,2,32
湛江,西宁,1,19
湛江,阿克苏,1,14
南宁,扬州,3,216
南宁,南通,5,361
南宁,烟台,4,316
南宁,湖州,3,238
南宁,台州,6,439
柳州,无锡,1,51
柳州,连云港,1,17
柳州,淮安,1,11
柳州,蚌埠,2,54
柳州,湖州,1,34
柳州,嘉兴,1,51
柳州,台州,1,52
柳州,荆州,1,18
柳州,洛阳,1,47
柳州,兰州,2,60
柳州,乌鲁木齐,2,52
贵阳,连云港,2,37
贵阳,鹰潭,2,40
贵阳,阿克苏,1,17
海口,包头,1,5
海口,连云港,1,8
海口,淮安,1,6
海口,扬州,1,12
海口,潍坊,1,14
海口,洛阳,2,21
海口,柳州,3,32
海口,拉萨,1,5
南充,内江,2,48
内江,廊坊,1,16
内江,北京,4,147
内江,淮安,1,13
内江,盐城,1,25
内江,赣州,1,29
内江,襄阳,2,53
内江,漯河,2,49
内江,柳州,2,52
昆明,包头,5,93
昆明,义乌,4,87
昆明,宝鸡,2,38
大理州,扬州,1,29
大理州,安庆,1,28
大理州,泉州,2,52
大理州,常德,1,37
大理州,柳州,2,64
大理州,海口,2,53
大理州,南充,2,86
大理州,西宁,1,17
西安,拉萨,8,244
宝鸡,呼和浩特,2,307
宝鸡,沈阳,2,365
宝鸡,无锡,1,166
宝鸡,苏州,2,447
宝鸡,合肥,2,243
宝鸡,济南,2,423
宝鸡,青岛,1,229
宝鸡,宁波,1,224
宝鸡,台州,1,92
宝鸡,金华,1,120
宝鸡,洛阳,1,118
宝鸡,南充,1,135
兰州,侯马,2,55
兰州,无锡,3,73
兰州,连云港,1,19
兰州,青岛,5,142
兰州,天津,7,217
兰州,宁波,3,88
兰州,台州,2,44
兰州,鹰潭,1,18
兰州,重庆,5,177
兰州,常德,1,29
兰州,南充,3,65
兰州,宝鸡,1,30
兰州,银川,7,170
银川,唐山,2,17
银川,无锡,2,19
银川,淮安,1,4
银川,盐城,1,10
银川,潍坊,2,17
银川,嘉兴,2,23
银川,台州,2,21
银川,阿克苏,1,10
银川,喀什,1,2
西宁,保定,1,15
西宁,常州,1,19
西宁,福州,1,23
西宁,厦门,1,14
西宁,漯河,1,30
西宁,东莞,1,23
西宁,南宁,1,26
西宁,西安,4,186
乌鲁木齐,呼和浩特,2,66
乌鲁木齐,唐山,1,31
乌鲁木齐,长春,3,133
乌鲁木齐,常州,2,68
乌鲁木齐,连云港,1,26
乌鲁木齐,合肥,2,101
乌鲁木齐,芜湖,1,26
乌鲁木齐,安庆,1,27
乌鲁木齐,福州,2,98
乌鲁木齐,荆州,1,18
阿克苏,太原,1,17
阿克苏,北京,1,57
阿克苏,长春,1,21
阿克苏,合肥,1,21
阿克苏,蚌埠,1,6
阿克苏,烟台,1,6
阿克苏,台州,1,9
阿克苏,义乌,1,6
阿克苏,武汉,1,50
阿克苏,东莞,1,19
阿克苏,乌鲁木齐,1,205
喀什,石家庄,1,7
喀什,常州,1,3
喀什,盐城,1,1
喀什,南通,1,3
喀什,青岛,1,8
喀什,杭州,1,8
喀什,重庆,1,16
喀什,襄阳,1,3
喀什,洛阳,1,5
喀什,海口,1,2
喀什,南充,1,12
喀什,内江,1,1
拉萨,太原,1,16
拉萨,常州,1,5
拉萨,衡阳,1,6
拉萨,荆州,1,2
拉萨,漯河,1,10
拉萨,汕头,1,3
拉萨,深圳,1,55
拉萨,南充,1,44
拉萨,内江,1,8
拉萨,西宁,1,23
沈阳,沈阳,597,5666
南京,南京,152,1758
无锡,常州,116,873
无锡,徐州,115,829
无锡,淮安,27,164
常州,南京,193,1863
苏州,常州,159,1210
苏州,南通,110,830
苏州,盐城,75,538
淮安,无锡,49,475
徐州,南通,87,1465
盐城,无锡,59,322
盐城,南通,46,248
常州,常州,58,522
安庆,合肥,150,1570
济南,济南,585,6441
台州,嘉兴,135,463
福州,福州,155,2171
泉州,厦门,97,2953
长沙,衡阳,236,3480
湛江,广州,82,2036
石家庄,合肥,130,1486
石家庄,杭州,129,1538
石家庄,锦州,60,668
石家庄,南宁,152,1786
石家庄,蚌埠,80,936
石家庄,银川,85,948
石家庄,乌鲁木齐,90,1075
天津,北京,109,4476
天津,沈阳,81,2928
天津,济南,87,3673
唐山,石家庄,27,315
唐山,广州,17,211
廊坊,南京,22,207
廊坊,合肥,23,204
廊坊,中山,20,159
保定,侯马,50,351
保定,汕头,31,234
保定,拉萨,21,170
沈阳,天津,179,1530
沈阳,青岛,74,645
沈阳,信阳,36,269
沈阳,汕头,40,283
沈阳,兰州,66,526
长春,锦州,19,419
长春,漯河,11,215
哈尔滨,哈尔滨,288,10701
南京,侯马,67,713
南京,长春,128,1498
南京,青岛,129,1504
南京,长沙,191,2327
南京,信阳,82,921
南京,南宁,130,1572
南京,成都,286,3508
扬州,厦门,31,320
扬州,广州,117,1279
常州,信阳,101,986
常州,漯河,102,974
无锡,厦门,45,341
无锡,天津,98,772
无锡,长春,101,760
无锡,柳州,27,201
常州,沈阳,249,2502
苏州,厦门,78,613
苏州,南充,54,392
苏州,昆明,105,846
苏州,西安,192,1512
苏州,安庆,47,368
徐州,合肥,172,3292
徐州,济南,308,5557
徐州,杭州,177,3397
徐州,郑州,264,4939
徐州,宁波,105,1950
连云港,长沙,61,432
连云港,西安,84,582
淮安,郑州,31,295
徐州,太原,139,2581
盐城,南昌,48,256
盐城,芜湖,22,109
扬州,长春,49,488
扬州,福州,44,465
扬州,襄阳,16,141
扬州,湛江,15,165
扬州,成都,97,1036
南通,呼和浩特,45,991
南通,哈尔滨,50,1090
南通,北京,51,1156
南通,福州,60,1342
南通,汕头,33,678
南通,湛江,26,558
南通,南充,19,410
合肥,沈阳,303,3201
合肥,南京,178,1938
合肥,徐州,139,1445
合肥,安庆,116,1147
合肥,金华,87,865
安庆,哈尔滨,137,1342
安庆,太原,111,1138
蚌埠,郑州,210,2217
蚌埠,南京,99,985
蚌埠,徐州,93,914
蚌埠,呼和浩特,88,920
蚌埠,长春,175,1916
芜湖,锦州,20,225
芜湖,石家庄,66,774
芜湖,西安,109,1340
安庆,大理州,29,271
潍坊,广州,51,819
潍坊,石家庄,31,427
潍坊,贵阳,27,404
潍坊,西安,48,726
青岛,济南,90,1239
济宁,广州,52,1147
济南,沈阳,330,3827
临沂,锦州,11,129
临沂,天津,38,469
临沂,杭州,26,296
天津,锦州,17,540
杭州,石家庄,450,1052
杭州,合肥,436,1014
杭州,信阳,283,652
杭州,阿克苏,63,158
湖州,合肥,142,383
湖州,中山,121,320
湖州,柳州,79,207
湖州,成都,298,814
湖州,西安,345,933
湖州,兰州,129,353
嘉兴,长春,101,299
嘉兴,哈尔滨,121,348
嘉兴,南京,121,377
嘉兴,芜湖,40,115
嘉兴,长沙,175,548
嘉兴,洛阳,55,160
嘉兴,南充,44,124
嘉兴,呼和浩特,55,157
嘉兴,昆明,98,300
宁波,太原,135,1087
宁波,汕头,109,874
宁波,湛江,65,522
宁波,西安,253,2038
宁波,兰州,97,759
台州,沈阳,290,1007
台州,蚌埠,164,596
台州,芜湖,94,328
台州,洛阳,113,397
台州,南宁,250,922
台州,大理州,67,235
金华,南京,467,3638
金华,长沙,601,4569
金华,武汉,673,5051
温州,呼和浩特,76,281
温州,武汉,304,1191
温州,郑州,264,1082
温州,汕头,131,545
温州,贵阳,214,836
温州,蚌埠,110,440
温州,长春,143,545
温州,海口,78,315
南昌,信阳,104,1051
南昌,中山,130,1506
南昌,成都,278,3469
南昌,杭州,154,2294
福州,天津,80,975
福州,合肥,67,873
泉州,杭州,53,1651
泉州,锦州,12,353
泉州,侯马,23,631
泉州,南昌,58,1826
重庆,银川,30,1000
重庆,锦州,17,690
重庆,太原,37,1225
重庆,石家庄,33,1201
重庆,长春,53,1901
重庆,蚌埠,16,603
重庆,郑州,50,1754
重庆,汕头,23,807
重庆,贵阳,76,2801
长沙,哈尔滨,158,2440
长沙,锦州,50,707
长沙,沈阳,160,2594
长沙,杭州,184,2803
长沙,金华,81,1211
长沙,厦门,117,1867
长沙,广州,677,11299
长沙,中山,178,2743
长沙,湛江,88,1533
长沙,昆明,196,3440
长沙,兰州,126,2009
武汉,石家庄,162,3329
武汉,中山,143,2766
武汉,济南,223,4762
武汉,厦门,119,2520
武汉,洛阳,75,1505
武汉,汕头,101,2036
武汉,南宁,178,3727
洛阳,侯马,63,619
洛阳,漯河,67,581
洛阳,太原,100,1042
洛阳,青岛,76,744
洛阳,襄阳,26,246
洛阳,柳州,45,428
洛阳,兰州,72,675
漯河,贵阳,46,1155
漯河,哈尔滨,52,1469
郑州,南京,135,2454
郑州,常州,83,1465
郑州,南充,94,1555
郑州,乌鲁木齐,66,1277
广州,南宁,395,4148
广州,贵阳,232,2262
广州,天津,153,1502
汕头,徐州,24,159
湛江,漯河,10,170
中山,石家庄,56,637
中山,湛江,55,667
海口,广州,20,289
成都,石家庄,57,1329
成都,济南,92,2083
西安,广州,303,12508
石家庄,廊坊,63,715
石家庄,潍坊,71,836
石家庄,温州,70,804
石家庄,湖州,25,291
天津,保定,20,630
天津,常州,15,440
天津,苏州,24,897
天津,济宁,16,630
天津,福州,21,693
天津,长沙,27,937
天津,海口,12,341
唐山,长春,13,162
唐山,南京,6,68
唐山,徐州,5,64
唐山,贵阳,6,71
唐山,成都,12,159
北京,常州,18,353
北京,南昌,38,785
廊坊,南通,9,81
廊坊,临沂,11,91
廊坊,深圳,25,236
廊坊,湖州,5,35
廊坊,台州,7,59
廊坊,赣州,6,54
保定,苏州,43,350
保定,盐城,13,115
保定,包头,10,67
北京,侯马,32,650
北京,北京,15,533
沈阳,武汉,79,595
沈阳,宁波,44,338
沈阳,南昌,50,354
沈阳,长沙,59,448
沈阳,衡阳,18,139
沈阳,中山,37,259
沈阳,南宁,45,349
沈阳,大理州,14,100
长春,侯马,12,274
长春,福州,11,273
长春,武汉,17,402
长春,汕头,8,200
长春,中山,12,235
哈尔滨,唐山,17,487
哈尔滨,锦州,16,456
哈尔滨,宁波,16,439
哈尔滨,南昌,14,442
哈尔滨,长沙,23,663
哈尔滨,武汉,26,810
哈尔滨,南宁,17,459
南京,赣州,35,393
南京,大理州,27,303
南京,宝鸡,13,137
扬州,保定,19,206
扬州,临沂,15,169
扬州,湖州,12,127
扬州,兰州,48,506
淮安,北京,39,435
淮安,济南,29,301
淮安,重庆,19,177
淮安,成都,27,284
常州,保定,60,608
无锡,廊坊,15,120
无锡,荆州,11,79
苏州,台州,57,469
苏州,廊坊,24,183
苏州,赣州,30,236
苏州,喀什,8,51
徐州,保定,70,1298
徐州,常德,54,946
连云港,大连,24,174
连云港,潍坊,22,160
连云港,义乌,7,48
连云港,赣州,14,89
连云港,常德,14,88
连云港,乌鲁木齐,9,58
淮安,长春,14,138
淮安,拉萨,8,74
淮安,侯马,8,73
淮安,保定,8,64
淮安,湖州,10,86
淮安,嘉兴,15,172
淮安,济宁,7,59
淮安,临沂,6,64
淮安,襄阳,7,59
徐州,宝鸡,19,344
盐城,上海,205,1287
盐城,湖州,16,76
盐城,重庆,36,207
扬州,鹰潭,9,84
扬州,宝鸡,5,53
南通,唐山,13,277
南通,大连,14,304
南通,鹰潭,9,204
南通,重庆,45,998
南通,内江,4,71
合肥,唐山,63,687
合肥,无锡,85,903
合肥,嘉兴,64,683
合肥,义乌,27,278
合肥,大理州,33,355
合肥,银川,94,1024
安庆,唐山,35,333
安庆,大连,39,391
安庆,上海,209,2366
安庆,淮安,18,196
安庆,泉州,58,589
安庆,衡阳,48,493
蚌埠,烟台,47,500
蚌埠,济宁,49,484
蚌埠,赣州,43,422
蚌埠,衡阳,66,689
蚌埠,襄阳,40,426
蚌埠,深圳,127,1358
蚌埠,连云港,25,252
蚌埠,扬州,25,244
蚌埠,蚌埠,55,484
芜湖,杭州,56,673
芜湖,衡阳,31,343
芜湖,安庆,32,385
安庆,西宁,6,56
济南,包头,56,630
济南,唐山,72,807
济南,宁波,90,1034
济南,长沙,192,2197
济南,柳州,39,444
济南,嘉兴,46,535
潍坊,太原,24,373
潍坊,北京,82,1398
潍坊,武汉,31,497
潍坊,赣州,6,75
潍坊,衡阳,7,108
青岛,烟台,22,322
青岛,郑州,44,618
青岛,温州,16,234
青岛,漯河,19,233
济宁,哈尔滨,39,839
济宁,无锡,10,188
济宁,宁波,13,265
济宁,郑州,34,748
临沂,呼和浩特,28,306
临沂,合肥,21,237
临沂,济南,56,696
临沂,宁波,15,172
临沂,温州,12,138
临沂,洛阳,15,157
临沂,深圳,23,280
济宁,烟台,11,220
临沂,包头,7,82
临沂,唐山,10,122
临沂,潍坊,13,153
临沂,南充,15,154
杭州,唐山,119,278
杭州,盐城,131,308
杭州,宝鸡,44,101
湖州,包头,14,36
湖州,太原,147,398
湖州,上海,191,531
湖州,无锡,56,151
湖州,金华,88,214
湖州,赣州,51,138
湖州,襄阳,38,100
湖州,宝鸡,22,57
嘉兴,扬州,30,92
嘉兴,深圳,106,345
嘉兴,包头,14,43
宁波,苏州,146,1259
宁波,南通,58,471
宁波,烟台,55,443
金华,唐山,134,1012
温州,上海,409,1802
温州,南通,72,300
温州,泉州,121,517
温州,深圳,197,868
南昌,南京,112,1457
南昌,宁波,90,1268
南昌,福州,150,2003
南昌,长沙,218,2841
南昌,温州,76,1058
南昌,南通,45,580
南昌,芜湖,42,550
南昌,嘉兴,49,691
鹰潭,青岛,17,148
鹰潭,南充,12,98
鹰潭,徐州,11,96
鹰潭,烟台,7,55
鹰潭,阿克苏,4,29
福州,哈尔滨,94,1137
福州,青岛,55,761
福州,侯马,41,415
福州,安庆,23,290
福州,荆州,11,141
厦门,呼和浩特,18,516
厦门,南京,36,1169
厦门,乌鲁木齐,28,966
泉州,上海,82,2823
泉州,重庆,44,1454
泉州,洛阳,20,584
泉州,保定,16,418
泉州,安庆,13,380
泉州,大理州,9,278
厦门,金华,25,661
厦门,漯河,17,444
厦门,东莞,49,1600
厦门,侯马,17,419
重庆,泉州,20,747
重庆,廊坊,7,259
重庆,安庆,12,427
重庆,嘉兴,13,512
重庆,常德,14,556
重庆,阿克苏,4,161
长沙,保定,60,946
长沙,大连,37,566
长沙,重庆,175,2933
长沙,拉萨,18,243
长沙,内江,16,251
常德,宁波,12,224
常德,柳州,7,122
常德,昆明,11,206
衡阳,长春,24,653
衡阳,重庆,31,876
衡阳,乌鲁木齐,11,361
衡阳,赣州,12,308
衡阳,洛阳,12,312
衡阳,无锡,11,276
衡阳,东莞,37,1102
武汉,宁波,94,2005
武汉,金华,64,1317
武汉,长春,124,2399
武汉,烟台,45,925
武汉,湖州,27,560
武汉,台州,45,982
荆州,沈阳,21,192
荆州,苏州,19,178
荆州,合肥,19,157
荆州,武汉,39,367
武汉,拉萨,21,402
襄阳,侯马,13,269
襄阳,沈阳,34,728
襄阳,徐州,12,210
襄阳,安庆,7,119
襄阳,宁波,15,298
襄阳,金华,11,209
襄阳,郑州,27,553
襄阳,东莞,18,384
郑州,深圳,171,3244
郑州,赣州,60,1041
洛阳,廊坊,28,257
洛阳,上海,159,1795
洛阳,嘉兴,30,331
漯河,大连,14,314
漯河,上海,54,1526
漯河,临沂,15,350
漯河,南通,11,266
漯河,汕头,20,461
信阳,西安,73,966
郑州,西宁,18,312
广州,深圳,412,4943
广州,南充,85,821
广州,喀什,23,205
广州,拉萨,85,802
广州,嘉兴,46,457
广州,包头,28,278
汕头,南通,9,70
汕头,泉州,31,273
汕头,荆州,7,49
湛江,南充,9,180
湛江,蚌埠,5,137
中山,贵阳,61,749
中山,南京,37,507
中山,蚌埠,19,225
中山,宁波,29,401
贵阳,沈阳,12,290
贵阳,苏州,12,268
贵阳,厦门,9,177
贵阳,衡阳,7,156
贵阳,贵阳,323,10488
贵阳,西安,14,384
海口,哈尔滨,8,128
海口,青岛,4,40
海口,杭州,6,80
海口,宁波,4,34
海口,西安,6,81
成都,沈阳,79,1907
成都,苏州,49,1275
成都,湖州,10,250
成都,嘉兴,19,468
成都,台州,18,456
成都,温州,29,754
成都,汕头,30,683
昆明,南昌,26,513
昆明,武汉,34,717
昆明,汕头,16,322
昆明,南通,7,139
昆明,烟台,7,145
西安,南京,58,2321
西安,合肥,49,1892
西安,宁波,50,1973
西安,中山,79,3153
西安,南宁,79,3076
西安,成都,159,6398
锦州,沈阳,32,692
芜湖,常州,22,261
信阳,芜湖,11,132
南宁,广州,99,7619
南充,武汉,19,245
南充,汕头,10,140
呼和浩特,唐山,5,100
呼和浩特,长沙,8,197
呼和浩特,昆明,6,148
呼和浩特,青岛,7,213
呼和浩特,中山,4,96
呼和浩特,南宁,5,142
锦州,郑州,4,98
太原,石家庄,20,947
天津,连云港,6,179
天津,扬州,6,200
天津,义乌,4,98
天津,乌鲁木齐,20,868
天津,拉萨,4,119
沈阳,常德,13,94
长春,芜湖,5,95
哈尔滨,泉州,8,259
蚌埠,阿克苏,5,46
济南,盐城,32,403
济南,宝鸡,23,266
济南,拉萨,15,169
青岛,盐城,7,114
青岛,台州,9,136
鹰潭,安庆,6,50
福州,扬州,15,205
福州,阿克苏,7,97
衡阳,襄阳,8,210
襄阳,烟台,6,96
襄阳,临沂,6,90
襄阳,银川,5,83
漯河,芜湖,9,230
信阳,盐城,8,112
漯河,义乌,5,123
广州,义乌,22,221
汕头,内江,4,30
中山,安庆,10,138
中山,内江,5,50
中山,宝鸡,5,58
南宁,太原,11,861
南宁,天津,15,1123
南宁,信阳,12,773
南宁,东莞,27,2127
南宁,湛江,13,919
南宁,大理州,7,425
柳州,长春,3,84
柳州,上海,6,220
柳州,福州,4,172
贵阳,大连,6,90
贵阳,烟台,4,66
南充,沈阳,11,247
南充,杭州,13,165
南充,常州,6,68
南充,宁波,7,97
大理州,北京,10,389
大理州,长春,6,221
大理州,天津,8,260
大理州,福州,4,140
大理州,广州,10,450
大理州,深圳,5,216
大理州,东莞,4,131
大理州,成都,10,453
大理州,昆明,26,1126
西安,鹰潭,12,461
义乌,上海,1221,10102
义乌,台州,233,1913
呼和浩特,漯河,4,119
呼和浩特,信阳,4,118
太原,青岛,14,673
太原,杭州,7,425
侯马,侯马,4,277
廊坊,西宁,9,77
北京,汕头,12,261
大连,锦州,5,58
大连,济南,14,143
大连,郑州,11,127
大连,信阳,4,39
上海,锦州,32,488
上海,长春,90,1349
上海,安庆,29,429
上海,南昌,112,1699
上海,洛阳,48,712
烟台,呼和浩特,8,194
烟台,南京,10,256
烟台,厦门,6,138
烟台,洛阳,6,128
青岛,柳州,5,53
济宁,芜湖,7,121
义乌,石家庄,575,4743
义乌,天津,542,4469
义乌,南京,493,4069
义乌,贵阳,443,3629
赣州,天津,8,609
赣州,武汉,11,798
赣州,郑州,14,940
常德,信阳,6,81
常德,汕头,7,120
衡阳,安庆,8,215
深圳,锦州,26,83
深圳,天津,83,267
深圳,常州,69,221
深圳,合肥,74,235
深圳,青岛,58,182
深圳,杭州,151,488
深圳,宁波,87,280
深圳,福州,165,530
深圳,厦门,113,361
深圳,漯河,54,171
深圳,西安,157,498
深圳,拉萨,53,168
东莞,呼和浩特,58,306
东莞,天津,127,678
东莞,洛阳,55,292
东莞,贵阳,154,806
东莞,海口,75,406
东莞,南充,56,296
南宁,锦州,3,196
南宁,常州,6,505
兰州,中山,7,155
兰州,西安,51,1215
银川,西安,17,282
乌鲁木齐,漯河,4,141
乌鲁木齐,西安,12,593
呼和浩特,无锡,3,64
呼和浩特,盐城,1,29
呼和浩特,南通,2,44
呼和浩特,泉州,2,52
呼和浩特,荆州,1,22
呼和浩特,洛阳,3,96
呼和浩特,西宁,1,27
呼和浩特,乌鲁木齐,4,119
呼和浩特,阿克苏,1,22
包头,唐山,1,6
包头,北京,3,73
包头,连云港,1,5
包头,蚌埠,1,4
包头,芜湖,1,3
包头,鹰潭,1,1
包头,厦门,1,5
包头,东莞,1,7
包头,宝鸡,1,2
太原,廊坊,4,212
太原,常州,3,143
太原,盐城,2,67
太原,蚌埠,4,198
太原,台州,2,118
太原,义乌,1,60
太原,东莞,5,297
太原,宝鸡,2,76
侯马,沈阳,3,282
侯马,南京,2,150
侯马,盐城,1,39
侯马,济宁,1,71
侯马,湖州,1,40
侯马,重庆,3,217
侯马,长沙,4,306
侯马,大理州,1,32
侯马,银川,1,85
侯马,乌鲁木齐,1,54
唐山,连云港,2,20
唐山,台州,3,30
唐山,海口,2,23
唐山,拉萨,1,8
北京,喀什,1,18
大连,扬州,1,12
大连,合肥,4,50
大连,芜湖,2,16
大连,重庆,5,57
大连,襄阳,2,18
大连,东莞,4,44
大连,成都,9,106
大连,宝鸡,1,7
大连,拉萨,1,8
锦州,唐山,2,55
锦州,常州,1,20
锦州,芜湖,1,11
锦州,襄阳,1,10
锦州,东莞,1,30
锦州,内江,1,2
哈尔滨,荆州,2,54
哈尔滨,大理州,3,104
哈尔滨,宝鸡,2,61
上海,包头,30,465
上海,无锡,68,1056
上海,南通,48,750
上海,泉州,59,915
上海,东莞,68,1051
上海,内江,6,89
淮安,宝鸡,2,18
盐城,喀什,2,11
扬州,喀什,3,27
潍坊,宝鸡,3,44
烟台,扬州,3,59
烟台,安庆,3,68
烟台,泉州,4,102
烟台,重庆,9,224
烟台,东莞,8,204
烟台,昆明,4,86
烟台,兰州,6,153
青岛,鹰潭,4,52
济宁,廊坊,5,99
济宁,扬州,4,77
义乌,潍坊,253,2089
义乌,重庆,356,2944
义乌,常德,172,1418
鹰潭,包头,4,38
赣州,廊坊,2,119
赣州,金华,3,231
赣州,洛阳,4,281
赣州,阿克苏,1,54
常德,保定,3,43
常德,连云港,3,41
常德,蚌埠,3,58
常德,青岛,5,94
常德,临沂,2,36
衡阳,包头,4,101
衡阳,扬州,4,124
衡阳,临沂,7,204
衡阳,荆州,4,105
衡阳,西宁,3,83
衡阳,拉萨,3,83
荆州,大理州,4,44
荆州,宝鸡,2,19
荆州,乌鲁木齐,8,86
襄阳,济宁,5,104
深圳,包头,14,46
深圳,廊坊,16,51
深圳,蚌埠,43,138
深圳,临沂,29,91
深圳,温州,85,274
深圳,东莞,225,731
东莞,包头,16,87
东莞,廊坊,24,128
东莞,连云港,21,110
东莞,扬州,20,108
东莞,安庆,28,148
东莞,济宁,37,200
东莞,湖州,18,97
湛江,义乌,2,57
湛江,宝鸡,2,42
中山,拉萨,7,101
南宁,保定,5,358
南宁,无锡,6,479
柳州,盐城,1,24
柳州,赣州,1,51
柳州,漯河,2,73
柳州,大理州,1,59
柳州,西宁,1,11
柳州,喀什,1,4
贵阳,包头,1,28
贵阳,唐山,2,52
贵阳,湖州,3,77
贵阳,义乌,3,82
贵阳,内江,2,30
海口,呼和浩特,2,20
海口,无锡,2,26
海口,南通,2,21
海口,临沂,1,11
海口,义乌,1,14
海口,常德,2,23
海口,衡阳,2,32
成都,荆州,7,194
南充,唐山,3,47
南充,蚌埠,4,61
南充,芜湖,3,41
南充,烟台,3,42
南充,嘉兴,4,56
南充,金华,5,72
南充,衡阳,5,70
南充,阿克苏,1,6
内江,徐州,2,49
内江,连云港,1,19
内江,青岛,2,78
内江,济宁,1,24
内江,杭州,3,109
内江,泉州,2,61
内江,武汉,4,177
内江,汕头,3,97
内江,东莞,3,103
内江,西宁,1,4
昆明,廊坊,4,70
昆明,淮安,2,39
昆明,扬州,4,85
大理州,唐山,2,45
大理州,金华,2,50
大理州,义乌,1,18
大理州,衡阳,2,62
大理州,襄阳,1,25
大理州,漯河,2,44
大理州,汕头,2,79
大理州,阿克苏,1,8
西安,淮安,6,243
宝鸡,侯马,1,121
宝鸡,石家庄,2,276
宝鸡,大连,1,113
宝鸡,扬州,1,77
宝鸡,南通,1,83
宝鸡,芜湖,1,96
宝鸡,潍坊,1,96
宝鸡,烟台,1,85
宝鸡,临沂,1,63
宝鸡,湖州,1,62
宝鸡,赣州,1,97
宝鸡,厦门,1,194
宝鸡,长沙,3,497
宝鸡,柳州,1,124
宝鸡,海口,1,189
宝鸡,银川,1,149
宝鸡,阿克苏,1,13
兰州,盐城,1,21
兰州,湖州,1,26
兰州,襄阳,1,35
兰州,柳州,3,68
兰州,成都,15,530
银川,包头,3,36
银川,廊坊,1,13
银川,南京,4,48
银川,烟台,2,17
银川,义乌,2,23
银川,福州,5,53
银川,洛阳,2,21
银川,大理州,1,12
银川,宝鸡,1,10
西宁,石家庄,2,49
西宁,长春,1,31
西宁,苏州,1,40
西宁,连云港,1,6
西宁,济南,2,77
西宁,临沂,1,14
西宁,宁波,1,21
西宁,武汉,2,66
西宁,湛江,1,5
西宁,昆明,1,33
西宁,宝鸡,1,10
乌鲁木齐,侯马,1,46
乌鲁木齐,廊坊,1,28
乌鲁木齐,蚌埠,2,92
乌鲁木齐,天津,3,178
乌鲁木齐,义乌,1,53
乌鲁木齐,南昌,2,97
乌鲁木齐,长沙,4,213
乌鲁木齐,洛阳,1,60
乌鲁木齐,深圳,4,221
乌鲁木齐,南宁,2,82
阿克苏,廊坊,1,3
阿克苏,大连,1,16
阿克苏,哈尔滨,1,24
阿克苏,安庆,1,4
阿克苏,潍坊,1,7
阿克苏,青岛,1,23
阿克苏,鹰潭,1,4
阿克苏,泉州,1,16
阿克苏,南宁,1,12
阿克苏,内江,1,5
喀什,呼和浩特,1,3
喀什,台州,1,2
喀什,汕头,1,2
喀什,南宁,1,8
喀什,大理州,1,2
喀什,银川,1,10
喀什,西宁,1,4
拉萨,南京,1,9
拉萨,合肥,1,10
拉萨,青岛,1,7
拉萨,福州,1,10
拉萨,银川,1,7
拉萨,乌鲁木齐,1,14
保定,唐山,56,424
保定,天津,140,1170
沈阳,大连,127,1269
沈阳,锦州,115,982
南京,徐州,175,2092
南京,连云港,59,685
常州,苏州,214,2098
淮安,徐州,52,524
盐城,南京,105,575
常州,盐城,62,555
南通,南京,114,2536
合肥,合肥,162,1487
杭州,金华,483,1021
湖州,宁波,103,264
宁波,湖州,60,413
宁波,温州,154,1198
金华,杭州,898,6586
金华,湖州,150,1052
金华,嘉兴,276,1931
温州,台州,131,491
温州,金华,180,665
武汉,武汉,510,9352
广州,湛江,156,1672
石家庄,信阳,122,1338
石家庄,厦门,93,1042
石家庄,呼和浩特,129,1422
石家庄,贵阳,216,2514
石家庄,金华,59,675
石家庄,大理州,33,357
天津,石家庄,58,1710
天津,天津,42,1206
天津,广州,55,1898
唐山,天津,65,840
唐山,北京,38,475
廊坊,石家庄,53,492
廊坊,北京,111,1104
廊坊,锦州,12,104
廊坊,沈阳,68,578
廊坊,武汉,48,441
廊坊,湛江,12,98
廊坊,南宁,27,253
廊坊,柳州,12,104
廊坊,成都,54,492
保定,厦门,31,220
保定,郑州,149,1271
保定,贵阳,109,924
保定,哈尔滨,97,778
保定,杭州,41,332
保定,阿克苏,34,271
保定,武汉,75,643
保定,西宁,13,95
北京,贵阳,42,826
沈阳,石家庄,137,1138
沈阳,广州,145,1125
沈阳,银川,54,387
沈阳,乌鲁木齐,51,358
长春,广州,41,1051
哈尔滨,天津,62,1886
南京,北京,249,3269
南京,蚌埠,93,1111
南京,合肥,189,2368
南京,济南,230,2595
南京,宁波,119,1507
南京,厦门,105,1253
南京,南充,66,744
南京,西安,201,2404
扬州,锦州,16,166
常州,济南,278,2802
无锡,侯马,45,329
无锡,南昌,67,505
无锡,阿克苏,10,64
常州,合肥,163,1678
苏州,合肥,146,1195
苏州,杭州,221,1874
苏州,太原,95,747
苏州,南昌,114,876
苏州,兰州,86,676
苏州,阿克苏,26,198
徐州,石家庄,207,3849
徐州,南宁,163,3013
徐州,柳州,67,1146
徐州,成都,302,5507
连云港,太原,25,167
连云港,侯马,14,90
连云港,合肥,46,325
连云港,青岛,48,343
淮安,沈阳,27,252
淮安,合肥,36,366
淮安,南昌,29,294
徐州,兰州,118,2109
盐城,济南,131,718
盐城,杭州,74,420
盐城,漯河,44,223
盐城,湛江,22,106
盐城,宁波,44,256
扬州,乌鲁木齐,36,409
常州,长春,157,1566
常州,青岛,135,1389
常州,金华,72,699
常州,海口,72,714
南通,石家庄,46,1000
南通,洛阳,26,543
南通,拉萨,18,409
合肥,呼和浩特,141,1477
合肥,哈尔滨,227,2436
合肥,天津,242,2643
合肥,蚌埠,173,1805
合肥,杭州,201,2223
合肥,武汉,354,3953
合肥,成都,399,4321
安庆,北京,99,1009
安庆,芜湖,56,542
安庆,厦门,82,747
安庆,信阳,78,735
安庆,柳州,55,512
蚌埠,汕头,89,846
蚌埠,侯马,87,866
蚌埠,常州,63,579
蚌埠,南充,70,640
合肥,南充,101,1026
芜湖,合肥,86,1072
潍坊,天津,33,497
青岛,天津,40,605
临沂,郑州,47,545
临沂,沈阳,49,579
杭州,呼和浩特,202,453
杭州,太原,358,820
杭州,南京,451,1052
杭州,洛阳,200,459
杭州,漯河,274,610
杭州,兰州,239,576
湖州,锦州,38,96
湖州,南昌,167,451
湖州,厦门,106,280
嘉兴,太原,97,290
嘉兴,侯马,57,165
嘉兴,信阳,78,226
嘉兴,阿克苏,27,74
宁波,沈阳,211,1650
宁波,侯马,80,627
宁波,长春,138,1107
宁波,济南,301,2381
宁波,柳州,77,596
宁波,海口,80,677
台州,哈尔滨,235,811
台州,石家庄,229,827
台州,长春,191,665
台州,南京,232,845
台州,福州,311,1120
台州,厦门,208,754
台州,长沙,384,1403
台州,武汉,382,1361
台州,中山,215,766
金华,济南,880,6672
金华,成都,744,5615
金华,阿克苏,44,317
温州,哈尔滨,192,733
温州,南京,170,708
温州,常州,106,432
温州,南昌,219,849
温州,南宁,204,837
温州,成都,329,1271
温州,安庆,63,240
温州,银川,52,217
南昌,锦州,41,342
南昌,呼和浩特,102,842
南昌,侯马,79,781
南昌,洛阳,67,724
南昌,柳州,75,778
南昌,长春,122,1075
南昌,阿克苏,39,205
福州,广州,296,4098
福州,石家庄,91,953
福州,柳州,40,427
福州,南充,34,373
厦门,厦门,56,1707
泉州,南宁,52,1674
泉州,乌鲁木齐,54,1704
重庆,哈尔滨,72,2693
重庆,沈阳,69,2414
重庆,南京,31,1089
重庆,青岛,35,1196
重庆,漯河,21,667
重庆,湛江,15,539
长沙,石家庄,175,2612
长沙,合肥,136,2161
长沙,郑州,238,3672
长沙,贵阳,283,5033
长沙,成都,350,5576
长沙,阿克苏,26,308
武汉,锦州,44,899
武汉,南京,118,2562
武汉,柳州,76,1469
武汉,成都,331,7439
武汉,昆明,161,3323
武汉,大理州,42,770
武汉,乌鲁木齐,121,2264
郑州,南昌,217,3933
郑州,武汉,304,5851
郑州,呼和浩特,141,2399
洛阳,北京,216,2096
洛阳,贵阳,128,1240
洛阳,长沙,115,1258
洛阳,武汉,121,1340
漯河,天津,44,1088
漯河,信阳,40,804
信阳,广州,99,1399
郑州,成都,336,6208
郑州,银川,94,1580
广州,西安,263,2597
汕头,沈阳,41,343
汕头,天津,49,337
汕头,青岛,28,218
汕头,杭州,30,221
汕头,南昌,52,439
汕头,福州,72,575
汕头,厦门,45,367
汕头,长沙,99,840
汕头,漯河,28,173
汕头,乌鲁木齐,50,401
广州,石家庄,149,1449
湛江,汕头,15,326
中山,哈尔滨,62,705
昆明,杭州,33,658
西安,西安,293,9734
石家庄,重庆,148,1791
石家庄,无锡,61,722
石家庄,东莞,114,1421
天津,临沂,17,653
天津,嘉兴,8,231
天津,金华,10,290
天津,厦门,14,413
天津,武汉,33,1216
天津,襄阳,8,210
天津,中山,17,485
天津,深圳,21,722
唐山,芜湖,3,26
唐山,烟台,4,42
唐山,兰州,6,59
北京,苏州,30,647
北京,徐州,23,480
北京,重庆,41,974
北京,洛阳,25,557
廊坊,无锡,12,103
廊坊,潍坊,12,109
廊坊,包头,7,60
廊坊,连云港,5,44
廊坊,金华,10,91
廊坊,内江,3,20
保定,海口,29,242
保定,烟台,32,262
保定,金华,21,169
保定,大理州,14,111
北京,赣州,11,230
北京,福州,39,841
北京,银川,24,476
沈阳,烟台,35,266
沈阳,金华,38,274
沈阳,南充,24,153
沈阳,拉萨,9,60
长春,潍坊,10,248
长春,兰州,14,384
哈尔滨,北京,89,3061
哈尔滨,烟台,16,485
哈尔滨,临沂,12,327
南京,保定,47,574
南京,济宁,44,507
南京,湖州,37,441
南京,温州,91,1156
南京,常德,38,450
扬州,廊坊,11,114
扬州,上海,133,1585
扬州,烟台,15,156
扬州,温州,31,340
扬州,常德,14,144
常州,大连,55,547
常州,临沂,51,522
常州,东莞,102,1048
常州,银川,51,509
无锡,烟台,33,257
无锡,温州,55,435
无锡,昆明,55,431
无锡,拉萨,7,51
苏州,湖州,38,298
苏州,荆州,17,131
徐州,台州,53,947
徐州,东莞,125,2467
徐州,包头,31,507
徐州,荆州,22,403
徐州,拉萨,9,128
连云港,湖州,10,59
连云港,大理州,10,57
淮安,柳州,10,71
盐城,哈尔滨,47,275
盐城,潍坊,30,167
盐城,台州,23,127
盐城,泉州,23,125
盐城,长沙,59,318
盐城,洛阳,33,180
盐城,义乌,9,50
盐城,阿克苏,10,46
常州,廊坊,35,357
常州,内江,12,112
南通,保定,17,368
南通,烟台,20,437
南通,嘉兴,31,670
南通,大理州,10,221
合肥,保定,77,842
合肥,苏州,170,1890
合肥,盐城,52,534
合肥,南通,64,687
合肥,宁波,120,1294
合肥,台州,60,646
合肥,宝鸡,27,271
安庆,济宁,35,357
安庆,湖州,26,255
安庆,温州,68,741
蚌埠,兰州,91,994
蚌埠,银川,74,738
蚌埠,包头,28,272
蚌埠,荆州,16,162
芜湖,厦门,36,420
芜湖,汕头,38,446
芜湖,兰州,48,620
芜湖,包头,15,167
芜湖,唐山,18,236
济南,北京,544,6488
济南,温州,78,867
济南,昆明,97,1155
济南,襄阳,46,484
潍坊,长春,23,361
潍坊,苏州,22,328
潍坊,南宁,13,188
潍坊,兰州,31,503
潍坊,常州,13,170
潍坊,南通,8,106
潍坊,湛江,7,108
潍坊,柳州,5,72
潍坊,南充,9,130
潍坊,大理州,4,53
青岛,南京,29,389
青岛,武汉,41,597
青岛,信阳,21,256
青岛,西安,52,776
青岛,呼和浩特,39,503
青岛,无锡,14,195
青岛,徐州,21,287
青岛,兰州,33,449
青岛,唐山,12,170
青岛,保定,14,195
济宁,侯马,16,287
济宁,天津,31,648
济宁,杭州,23,446
济宁,金华,11,190
临沂,青岛,29,336
临沂,南昌,23,282
临沂,长沙,36,420
临沂,汕头,16,179
济宁,潍坊,12,249
济宁,南充,12,205
临沂,廊坊,7,84
临沂,济宁,12,135
临沂,襄阳,8,86
临沂,南宁,9,104
杭州,扬州,101,231
杭州,烟台,133,309
杭州,内江,29,66
杭州,喀什,18,43
湖州,大连,33,85
湖州,连云港,35,93
湖州,盐城,46,119
湖州,台州,61,152
湖州,荆州,19,51
嘉兴,上海,431,1434
嘉兴,无锡,67,215
嘉兴,烟台,42,133
嘉兴,西宁,19,56
嘉兴,拉萨,18,51
宁波,包头,20,149
宁波,唐山,46,368
宁波,保定,58,484
宁波,上海,317,2774
宁波,连云港,32,257
宁波,宝鸡,18,140
台州,无锡,130,480
台州,连云港,61,220
台州,扬州,54,197
台州,内江,19,62
台州,喀什,10,33
金华,盐城,143,1109
温州,内江,13,49
南昌,昆明,166,1848
南昌,唐山,40,441
南昌,无锡,54,771
南昌,赣州,49,623
南昌,宝鸡,16,186
鹰潭,南昌,31,262
鹰潭,贵阳,32,300
鹰潭,昆明,28,286
鹰潭,兰州,16,156
鹰潭,无锡,7,59
鹰潭,中山,16,132
福州,北京,138,2521
福州,温州,53,660
福州,呼和浩特,35,475
福州,潍坊,25,290
福州,济宁,26,257
福州,赣州,28,343
福州,常德,21,297
厦门,苏州,38,1224
厦门,南昌,48,1534
厦门,郑州,37,1143
厦门,中山,45,1392
厦门,成都,62,2112
厦门,昆明,23,720
泉州,嘉兴,17,489
泉州,宁波,30,952
泉州,台州,18,473
泉州,温州,26,837
泉州,东莞,80,2735
泉州,烟台,16,445
泉州,喀什,5,134
厦门,信阳,19,495
重庆,深圳,47,1802
重庆,唐山,10,353
重庆,湖州,7,279
重庆,台州,13,485
重庆,鹰潭,8,269
重庆,内江,7,224
重庆,宝鸡,5,182
长沙,廊坊,37,546
长沙,淮安,19,292
长沙,扬州,31,414
长沙,潍坊,50,764
长沙,嘉兴,61,873
长沙,温州,92,1428
长沙,泉州,86,1459
长沙,宝鸡,20,296
常德,呼和浩特,9,156
常德,北京,45,878
衡阳,昆明,37,1072
衡阳,嘉兴,11,269
武汉,东莞,138,2884
武汉,扬州,27,598
荆州,太原,17,154
荆州,济南,31,264
荆州,无锡,9,88
襄阳,上海,72,1699
襄阳,济南,29,615
襄阳,天津,28,608
襄阳,衡阳,9,168
襄阳,漯河,12,222
襄阳,贵阳,15,288
襄阳,南充,8,131
郑州,宁波,112,2014
郑州,南通,54,944
郑州,湖州,34,633
洛阳,宁波,52,582
洛阳,台州,25,284
洛阳,衡阳,38,403
漯河,保定,15,390
漯河,合肥,30,661
漯河,洛阳,24,560
漯河,大理州,10,232
漯河,厦门,22,529
信阳,石家庄,52,729
信阳,合肥,30,382
信阳,侯马,27,321
信阳,洛阳,23,303
信阳,东莞,28,394
信阳,柳州,19,237
广州,徐州,78,756
广州,金华,65,662
广州,温州,78,808
广州,泉州,147,1416
广州,洛阳,65,612
汕头,呼和浩特,21,192
汕头,大连,10,70
汕头,台州,12,86
汕头,襄阳,12,94
汕头,海口,31,270
汕头,拉萨,11,74
广州,廊坊,30,289
湛江,哈尔滨,14,347
湛江,青岛,10,226
湛江,重庆,15,379
湛江,侯马,6,131
湛江,唐山,4,84
湛江,常州,7,145
湛江,常德,5,118
湛江,襄阳,5,96
湛江,洛阳,5,110
湛江,大理州,5,106
中山,南宁,91,1248
中山,上海,84,1180
中山,济南,72,876
中山,长沙,82,1097
中山,郑州,58,753
中山,呼和浩特,32,321
中山,湖州,10,109
中山,赣州,16,206
中山,重庆,46,615
中山,常德,16,216
中山,襄阳,14,168
贵阳,无锡,6,125
海口,厦门,4,42
海口,重庆,6,75
海口,郑州,5,70
成都,长沙,85,2200
成都,青岛,44,1043
成都,唐山,15,372
成都,徐州,32,730
成都,盐城,13,305
成都,南通,16,408
成都,柳州,29,621
昆明,呼和浩特,17,288
昆明,石家庄,19,364
昆明,大连,12,216
昆明,宁波,17,337
昆明,福州,29,722
昆明,侯马,9,155
昆明,常州,11,213
昆明,襄阳,7,107
昆明,柳州,13,251
西安,南昌,81,3093
西安,湛江,35,1337
西安,昆明,51,1947
西安,太原,114,3531
西安,石家庄,45,1688
西安,锦州,13,467
西安,兰州,89,2821
衡阳,衡阳,31,898
南充,广州,38,632
西安,金华,33,1335
呼和浩特,太原,15,355
锦州,天津,6,178
锦州,成都,3,70
太原,沈阳,14,691
太原,长春,10,479
太原,济南,22,1084
太原,成都,11,650
天津,鹰潭,4,105
天津,宝鸡,4,128
长春,连云港,5,100
长春,嘉兴,6,139
哈尔滨,盐城,5,122
哈尔滨,南通,7,168
哈尔滨,济宁,9,261
哈尔滨,湛江,6,125
芜湖,廊坊,11,143
芜湖,南通,14,175
芜湖,赣州,16,202
济南,淮安,17,197
济南,内江,13,132
青岛,连云港,6,87
青岛,安庆,7,109
青岛,湖州,6,77
青岛,襄阳,8,95
青岛,银川,11,146
南昌,荆州,20,242
南昌,内江,12,146
福州,拉萨,5,83
厦门,保定,10,297
厦门,淮安,6,153
厦门,荆州,7,158
衡阳,芜湖,9,215
襄阳,兰州,6,120
武汉,宝鸡,16,371
漯河,烟台,10,286
信阳,烟台,14,195
信阳,济宁,14,196
信阳,赣州,10,140
信阳,淮安,4,54
广州,连云港,22,218
南宁,沈阳,13,1221
南宁,哈尔滨,14,1244
南宁,济南,23,1551
南宁,南昌,21,1636
柳州,南京,3,90
柳州,苏州,3,109
柳州,天津,3,89
贵阳,大理州,6,111
贵阳,临沂,4,66
贵阳,漯河,4,110
南充,石家庄,10,163
南充,重庆,18,477
南充,郑州,12,189
南充,东莞,11,177
南充,厦门,7,105
成都,扬州,10,250
大理州,武汉,5,188
西安,廊坊,10,395
西安,烟台,13,541
西安,临沂,10,398
西安,赣州,24,1001
西安,荆州,8,306
西安,襄阳,15,573
深圳,湛江,94,290
乌鲁木齐,阿克苏,32,1496
大连,哈尔滨,35,386
上海,太原,90,1343
上海,常州,68,1047
上海,芜湖,34,504
上海,青岛,114,1769
上海,南宁,92,1409
上海,兰州,99,1472
上海,乌鲁木齐,112,1691
上海,阿克苏,18,270
烟台,福州,10,216
烟台,汕头,7,140
烟台,湛江,4,72
义乌,青岛,511,4224
义乌,厦门,387,3201
义乌,汕头,383,3152
义乌,湛江,233,1921
义乌,南宁,445,3680
义乌,昆明,350,2879
赣州,石家庄,11,759
赣州,合肥,6,390
赣州,信阳,6,348
赣州,贵阳,10,643
襄阳,锦州,5,90
洛阳,阿克苏,5,27
深圳,济南,138,444
深圳,洛阳,45,144
深圳,柳州,66,210
深圳,昆明,144,462
深圳,兰州,60,191
南宁,蚌埠,8,561
南宁,洛阳,6,460
南充,信阳,7,83
西安,阿克苏,20,521
兰州,厦门,5,107
银川,锦州,3,26
银川,银川,37,1021
呼和浩特,常州,2,56
呼和浩特,连云港,1,27
呼和浩特,济宁,2,65
呼和浩特,临沂,3,76
呼和浩特,柳州,2,60
呼和浩特,内江,1,16
呼和浩特,大理州,2,64
包头,侯马,1,11
包头,大连,1,12
包头,锦州,1,16
包头,长春,2,30
包头,盐城,1,4
包头,安庆,1,2
包头,临沂,1,4
包头,湖州,1,3
包头,义乌,1,5
包头,南昌,1,8
包头,重庆,1,7
包头,荆州,1,1
包头,深圳,1,12
包头,昆明,1,9
包头,西宁,1,2
太原,淮安,1,33
太原,潍坊,5,229
太原,烟台,5,269
太原,鹰潭,1,51
太原,泉州,3,164
太原,常德,2,87
太原,衡阳,2,139
太原,中山,4,287
侯马,北京,7,764
侯马,哈尔滨,3,307
侯马,无锡,1,86
侯马,烟台,1,74
侯马,宁波,2,119
侯马,广州,6,565
侯马,深圳,3,228
侯马,昆明,2,130
侯马,西安,5,489
侯马,拉萨,1,14
唐山,包头,2,20
唐山,襄阳,2,24
唐山,湛江,2,21
唐山,西宁,1,13
北京,盐城,9,202
北京,湖州,5,111
北京,荆州,4,96
北京,内江,3,59
大连,南京,5,58
大连,苏州,5,56
大连,临沂,3,37
大连,长沙,7,73
大连,深圳,8,89
大连,内江,1,3
锦州,湖州,1,10
锦州,厦门,1,21
锦州,常德,1,8
锦州,漯河,1,34
锦州,柳州,1,12
哈尔滨,赣州,3,94
上海,大连,47,726
上海,苏州,141,2206
上海,扬州,26,392
上海,西宁,19,293
连云港,喀什,1,3
连云港,拉萨,3,18
盐城,宝鸡,5,28
济南,喀什,4,53
潍坊,喀什,1,9
烟台,潍坊,8,198
烟台,温州,6,158
烟台,衡阳,4,97
烟台,柳州,2,44
烟台,阿克苏,1,9
青岛,阿克苏,3,44
青岛,喀什,1,12
济宁,盐城,5,104
济宁,赣州,5,107
济宁,西宁,1,24
济宁,拉萨,1,23
临沂,连云港,6,69
临沂,内江,2,26
临沂,拉萨,3,33
湖州,拉萨,12,32
义乌,唐山,154,1270
义乌,盐城,174,1439
义乌,衡阳,270,2221
义乌,深圳,576,4769
鹰潭,湖州,3,29
赣州,唐山,3,181
赣州,沈阳,11,903
赣州,常州,3,215
赣州,潍坊,3,208
赣州,宁波,4,294
赣州,长沙,10,748
赣州,昆明,9,683
赣州,乌鲁木齐,3,215
厦门,内江,3,86
厦门,拉萨,3,124
重庆,喀什,1,40
常德,大理州,3,49
常德,西宁,1,11
常德,喀什,1,3
衡阳,潍坊,7,213
衡阳,义乌,5,141
荆州,大连,5,47
荆州,济宁,5,51
荆州,常德,7,69
荆州,银川,6,64
荆州,喀什,1,4
襄阳,连云港,3,58
襄阳,内江,2,26
襄阳,宝鸡,2,40
襄阳,乌鲁木齐,4,92
襄阳,阿克苏,1,18
漯河,荆州,4,97
信阳,喀什,1,12
深圳,大连,24,75
深圳,扬州,28,89
深圳,安庆,29,94
深圳,潍坊,27,86
深圳,常德,55,177
深圳,喀什,8,23
东莞,上海,158,857
东莞,南通,35,186
东莞,临沂,46,246
东莞,嘉兴,36,192
东莞,义乌,15,79
东莞,宝鸡,12,60
东莞,阿克苏,21,113
湛江,包头,2,39
湛江,喀什,1,3
南宁,淮安,2,123
南宁,义乌,3,209
南宁,鹰潭,3,252
南宁,银川,3,267
南宁,阿克苏,1,75
柳州,临沂,1,30
柳州,义乌,1,35
柳州,泉州,2,85
柳州,常德,1,54
柳州,襄阳,1,31
柳州,银川,1,25
柳州,拉萨,1,14
贵阳,济宁,3,65
贵阳,乌鲁木齐,3,80
贵阳,拉萨,2,33
海口,侯马,2,23
海口,徐州,3,32
海口,湛江,3,36
南充,包头,2,29
南充,廊坊,2,30
南充,南通,3,40
南充,台州,3,51
南充,义乌,2,29
南充,鹰潭,2,25
南充,洛阳,4,61
内江,呼和浩特,2,54
内江,太原,3,102
内江,石家庄,2,74
内江,大连,1,23
内江,上海,4,153
内江,无锡,1,45
内江,苏州,2,86
内江,扬州,1,18
内江,南通,1,31
内江,蚌埠,1,42
内江,济南,4,154
内江,金华,2,48
内江,厦门,2,72
内江,兰州,2,48
内江,喀什,1,1
昆明,鹰潭,4,73
昆明,喀什,1,11
大理州,保定,2,44
大理州,连云港,1,14
大理州,临沂,1,25
大理州,嘉兴,2,48
大理州,湛江,1,35
大理州,南宁,3,137
大理州,银川,1,36
大理州,拉萨,1,21
宝鸡,太原,2,293
宝鸡,哈尔滨,2,386
宝鸡,南京,2,328
宝鸡,常州,1,152
宝鸡,杭州,2,407
宝鸡,泉州,1,139
宝鸡,重庆,2,347
宝鸡,贵阳,1,197
宝鸡,大理州,1,46
宝鸡,西宁,1,61
兰州,太原,4,125
兰州,南通,2,46
兰州,济南,7,220
兰州,义乌,1,31
兰州,南昌,5,143
兰州,郑州,6,207
兰州,信阳,2,74
兰州,内江,1,13
银川,长春,5,58
银川,徐州,2,27
银川,连云港,1,8
银川,济南,6,79
银川,天津,5,71
银川,温州,3,34
银川,南昌,4,46
银川,长沙,8,82
银川,武汉,6,74
银川,荆州,1,5
银川,漯河,2,21
银川,信阳,2,22
银川,成都,10,128
银川,西宁,2,38
银川,拉萨,1,15
西宁,包头,1,6
西宁,廊坊,1,7
西宁,南京,1,40
西宁,合肥,1,31
西宁,蚌埠,1,16
西宁,安庆,1,9
西宁,天津,2,42
西宁,杭州,2,50
西宁,衡阳,1,19
西宁,信阳,1,33
西宁,洛阳,1,26
西宁,柳州,1,10
西宁,贵阳,1,29
西宁,阿克苏,1,9
西宁,喀什,1,2
西宁,拉萨,2,61
乌鲁木齐,保定,3,199
乌鲁木齐,南京,3,133
乌鲁木齐,烟台,1,50
乌鲁木齐,杭州,5,250
乌鲁木齐,湖州,1,30
乌鲁木齐,宁波,2,78
乌鲁木齐,赣州,1,18
乌鲁木齐,湛江,1,21
乌鲁木齐,中山,2,87
乌鲁木齐,拉萨,1,31
阿克苏,石家庄,1,16
阿克苏,唐山,1,3
阿克苏,南京,1,19
阿克苏,盐城,1,3
阿克苏,天津,1,31
阿克苏,杭州,1,32
阿克苏,湖州,1,4
阿克苏,金华,1,11
阿克苏,长沙,2,36
阿克苏,常德,1,5
阿克苏,漯河,1,25
阿克苏,深圳,1,27
阿克苏,湛江,1,3
喀什,廊坊,1,1
喀什,保定,1,3
喀什,北京,1,17
喀什,锦州,1,2
喀什,哈尔滨,1,10
喀什,南京,1,11
喀什,连云港,1,1
喀什,淮安,1,1
喀什,安庆,1,2
喀什,宁波,1,2
喀什,赣州,1,2
喀什,长沙,2,17
喀什,武汉,1,27
喀什,广州,1,24
喀什,昆明,1,9
喀什,乌鲁木齐,1,14
拉萨,沈阳,1,13
拉萨,大连,1,2
拉萨,哈尔滨,1,11
拉萨,上海,1,17
拉萨,烟台,1,2
拉萨,济宁,1,4
拉萨,临沂,1,4
拉萨,杭州,1,13
拉萨,武汉,1,25
石家庄,保定,132,1431
唐山,保定,26,307
南京,无锡,179,2266
扬州,苏州,81,838
无锡,扬州,49,347
无锡,南通,73,542
连云港,徐州,67,422
淮安,南通,35,356
徐州,淮安,33,542
常州,扬州,49,449
杭州,杭州,315,744
台州,杭州,424,1496
台州,湖州,75,254
金华,宁波,527,3690
温州,宁波,268,1031
温州,湖州,70,252
福州,泉州,85,1047
汕头,广州,281,2288
昆明,大理州,117,2171
昆明,昆明,159,4336
石家庄,石家庄,256,2931
石家庄,青岛,146,1715
石家庄,漯河,113,1245
石家庄,福州,140,1604
石家庄,柳州,62,649
石家庄,昆明,137,1540
石家庄,安庆,41,473
石家庄,鹰潭,24,268
石家庄,海口,86,967
廊坊,太原,40,349
廊坊,青岛,29,261
廊坊,银川,23,198
保定,成都,146,1238
保定,西安,134,1106
保定,锦州,20,142
保定,南京,37,291
保定,徐州,38,297
保定,洛阳,47,381
保定,南宁,53,444
北京,成都,80,1801
沈阳,哈尔滨,320,2661
沈阳,侯马,48,344
沈阳,济南,148,1201
长春,石家庄,33,765
长春,合肥,14,273
南京,石家庄,153,1795
南京,芜湖,73,860
南京,柳州,56,623
南京,贵阳,155,1821
南京,兰州,96,1163
常州,郑州,271,2745
常州,广州,394,3983
无锡,锦州,24,180
无锡,西安,134,1023
无锡,兰州,57,442
常州,南宁,156,1594
苏州,锦州,32,227
苏州,天津,122,990
苏州,信阳,68,546
苏州,柳州,46,360
苏州,拉萨,26,193
徐州,信阳,126,2178
徐州,漯河,112,1946
徐州,中山,134,2302
徐州,锦州,49,809
徐州,福州,171,3080
徐州,武汉,286,5441
徐州,西安,298,5441
连云港,呼和浩特,36,228
连云港,哈尔滨,69,470
连云港,锦州,19,113
连云港,长春,68,460
连云港,武汉,80,535
连云港,洛阳,30,194
徐州,昆明,141,2546
盐城,石家庄,49,267
盐城,北京,57,319
盐城,信阳,50,240
盐城,南宁,41,229
盐城,金华,34,164
扬州,呼和浩特,40,417
扬州,武汉,75,814
扬州,西安,79,817
常州,长沙,196,1993
常州,乌鲁木齐,65,638
南通,沈阳,65,1443
南通,长春,43,895
南通,安庆,21,441
南通,柳州,21,432
合肥,湛江,71,737
合肥,南宁,210,2277
安庆,长春,127,1218
安庆,长沙,148,1504
蚌埠,济南,252,2596
蚌埠,中山,110,1017
蚌埠,北京,137,1351
蚌埠,杭州,118,1197
蚌埠,福州,135,1416
芜湖,哈尔滨,44,558
芜湖,广州,149,1916
芜湖,贵阳,64,747
济南,西安,386,4489
潍坊,呼和浩特,30,440
临沂,广州,63,755
天津,青岛,45,1953
杭州,哈尔滨,488,1118
杭州,长春,381,869
杭州,常州,253,590
杭州,鹰潭,84,183
杭州,福州,457,1053
杭州,长沙,613,1419
杭州,昆明,397,953
湖州,呼和浩特,61,154
湖州,长沙,210,575
湖州,洛阳,69,186
湖州,昆明,302,832
嘉兴,天津,106,325
嘉兴,武汉,215,647
嘉兴,郑州,171,527
嘉兴,广州,317,955
嘉兴,湛江,41,117
嘉兴,柳州,46,136
宁波,安庆,46,355
宁波,漯河,111,843
宁波,成都,283,2337
台州,侯马,109,380
台州,北京,205,748
台州,鹰潭,53,181
台州,兰州,137,509
金华,呼和浩特,208,1504
金华,太原,387,2930
金华,衡阳,184,1389
金华,中山,331,2494
金华,汕头,275,2080
金华,湛江,174,1300
金华,南宁,465,3549
金华,乌鲁木齐,224,1666
温州,青岛,145,611
温州,福州,267,1119
温州,漯河,110,432
温州,兰州,101,402
南昌,沈阳,169,1624
南昌,合肥,125,1587
南昌,兰州,115,932
鹰潭,济南,35,328
鹰潭,信阳,16,130
鹰潭,广州,54,528
福州,武汉,136,1730
福州,贵阳,83,956
泉州,广州,322,10279
泉州,天津,42,1232
泉州,青岛,37,1086
泉州,阿克苏,21,572
厦门,杭州,54,1736
重庆,金华,21,650
重庆,福州,47,1679
重庆,柳州,27,955
长沙,呼和浩特,132,1793
长沙,太原,131,1950
长沙,济南,242,3740
长沙,武汉,324,5047
长沙,漯河,106,1585
长沙,信阳,121,1918
长沙,南充,98,1514
长沙,西安,310,4918
长沙,乌鲁木齐,111,1458
衡阳,郑州,36,1003
武汉,南昌,212,4351
武汉,沈阳,203,4487
武汉,徐州,86,1750
武汉,西安,253,5498
襄阳,常州,13,229
襄阳,广州,60,1219
襄阳,中山,19,328
郑州,青岛,178,3193
郑州,厦门,117,2025
郑州,汕头,135,2280
郑州,锦州,66,1151
郑州,太原,243,4394
洛阳,石家庄,125,1292
洛阳,福州,69,807
洛阳,湛江,32,338
洛阳,银川,51,439
漯河,郑州,74,1921
信阳,银川,21,261
广州,厦门,221,2103
广州,成都,389,3919
广州,兰州,146,1410
汕头,常州,16,95
汕头,合肥,26,201
汕头,贵阳,69,500
汕头,成都,96,808
汕头,阿克苏,16,106
湛江,天津,13,301
广州,沈阳,176,1832
中山,中山,85,1069
成都,杭州,63,1612
石家庄,上海,245,3074
石家庄,常德,43,510
石家庄,烟台,60,691
石家庄,衡阳,65,737
石家庄,赣州,43,479
石家庄,荆州,21,232
石家庄,内江,14,157
天津,廊坊,15,440
天津,徐州,18,609
天津,南通,9,311
天津,衡阳,9,262
天津,银川,15,506
唐山,无锡,4,41
唐山,南充,4,33
北京,无锡,17,351
北京,南通,13,267
北京,宁波,21,460
北京,乌鲁木齐,21,510
廊坊,蚌埠,14,127
廊坊,襄阳,10,76
廊坊,宁波,12,115
廊坊,鹰潭,6,46
廊坊,荆州,4,33
保定,宁波,28,225
保定,长沙,83,717
保定,连云港,13,87
保定,芜湖,17,125
保定,潍坊,37,328
保定,泉州,21,160
保定,鹰潭,10,74
北京,温州,16,342
北京,中山,20,438
北京,拉萨,7,135
沈阳,保定,62,488
沈阳,重庆,38,299
沈阳,盐城,18,136
沈阳,南通,29,214
沈阳,临沂,41,405
沈阳,台州,24,189
沈阳,温州,39,297
沈阳,福州,47,357
沈阳,西宁,15,98
长春,太原,29,741
长春,沈阳,102,2838
长春,上海,26,803
长春,宁波,10,255
长春,成都,23,598
长春,南充,5,115
长春,昆明,18,380
哈尔滨,太原,31,959
哈尔滨,上海,49,1419
哈尔滨,苏州,22,663
哈尔滨,徐州,14,377
哈尔滨,青岛,42,1384
南京,包头,25,292
南京,唐山,41,513
南京,烟台,41,497
南京,鹰潭,23,246
南京,内江,13,128
扬州,南通,29,301
扬州,金华,26,274
淮安,哈尔滨,20,192
淮安,中山,17,158
淮安,昆明,18,165
常州,烟台,54,539
常州,济宁,74,784
常州,温州,84,866
常州,常德,37,365
无锡,唐山,26,195
无锡,大连,34,266
无锡,潍坊,31,243
无锡,嘉兴,40,319
无锡,赣州,16,121
无锡,常德,18,133
无锡,包头,16,124
无锡,喀什,3,17
常州,安庆,48,479
苏州,义乌,26,207
苏州,泉州,52,421
苏州,深圳,115,967
苏州,烟台,37,299
苏州,衡阳,47,393
苏州,内江,9,71
徐州,温州,82,1554
徐州,廊坊,39,701
徐州,湖州,34,586
连云港,嘉兴,17,113
连云港,泉州,24,170
连云港,衡阳,18,136
连云港,深圳,63,471
淮安,扬州,19,191
淮安,海口,16,163
盐城,长春,34,200
盐城,安庆,18,96
盐城,烟台,27,142
盐城,嘉兴,25,147
盐城,鹰潭,9,39
盐城,襄阳,14,70
盐城,昆明,34,196
盐城,包头,7,37
常州,荆州,19,184
常州,阿克苏,15,129
南通,临沂,21,452
南通,台州,28,603
合肥,廊坊,45,465
合肥,上海,465,5375
安庆,扬州,25,262
安庆,潍坊,43,430
安庆,嘉兴,47,449
安庆,内江,10,93
安庆,乌鲁木齐,18,163
蚌埠,安庆,42,399
蚌埠,温州,63,644
蚌埠,乌鲁木齐,26,264
蚌埠,内江,12,115
芜湖,济南,95,1140
芜湖,青岛,49,617
芜湖,南宁,74,901
芜湖,成都,107,1381
芜湖,蚌埠,44,551
芜湖,潍坊,20,268
芜湖,柳州,31,346
济南,廊坊,47,518
济南,南京,126,1412
济南,无锡,63,771
济南,烟台,113,1257
济南,南充,74,764
潍坊,包头,8,122
潍坊,侯马,13,189
潍坊,南京,19,270
潍坊,福州,18,259
潍坊,重庆,18,276
潍坊,芜湖,7,93
青岛,北京,107,1628
青岛,苏州,27,397
青岛,青岛,32,399
青岛,临沂,19,254
青岛,乌鲁木齐,17,241
青岛,汕头,16,214
济宁,太原,27,563
济宁,沈阳,40,867
济宁,嘉兴,7,142
济宁,厦门,14,250
济宁,信阳,16,307
临沂,武汉,39,484
临沂,东莞,18,205
济宁,保定,11,215
济南,台州,45,506
临沂,芜湖,9,80
临沂,赣州,8,86
临沂,湛江,11,123
杭州,苏州,491,1168
杭州,常德,118,275
湖州,苏州,113,313
湖州,南通,47,123
湖州,蚌埠,109,293
湖州,常德,52,140
湖州,深圳,121,335
湖州,大理州,77,206
嘉兴,廊坊,20,60
嘉兴,淮安,21,57
嘉兴,喀什,7,20
宁波,潍坊,63,524
宁波,济宁,54,448
宁波,泉州,92,767
台州,包头,26,88
台州,保定,80,292
台州,盐城,76,273
台州,临沂,99,358
台州,荆州,33,112
台州,东莞,230,863
台州,海口,116,429
台州,宝鸡,26,91
金华,连云港,110,850
金华,泉州,227,1736
金华,荆州,52,393
温州,廊坊,34,137
温州,包头,20,82
温州,东莞,153,671
南昌,太原,130,1407
南昌,上海,248,3742
南昌,苏州,120,1654
南昌,金华,70,891
南昌,常州,61,827
南昌,西宁,24,179
鹰潭,太原,20,177
鹰潭,北京,44,457
鹰潭,沈阳,27,271
鹰潭,大连,7,58
鹰潭,南京,13,113
鹰潭,金华,10,86
福州,上海,128,2130
福州,徐州,48,594
福州,重庆,72,1003
福州,沈阳,103,1221
福州,大连,26,337
福州,嘉兴,29,387
福州,盐城,18,221
厦门,沈阳,31,1122
厦门,哈尔滨,30,953
厦门,天津,33,1025
厦门,泉州,56,1700
厦门,深圳,66,2215
泉州,临沂,17,452
泉州,盐城,12,322
泉州,扬州,10,266
泉州,银川,17,499
泉州,拉萨,15,455
厦门,常州,22,639
厦门,温州,27,859
重庆,苏州,34,1288
重庆,东莞,37,1421
重庆,淮安,6,196
重庆,济宁,10,384
重庆,临沂,10,407
长沙,包头,37,506
长沙,苏州,144,2179
长沙,烟台,40,608
长沙,深圳,285,4739
长沙,东莞,210,3409
常德,上海,50,983
常德,南通,6,104
常德,重庆,15,291
衡阳,呼和浩特,16,380
衡阳,长沙,76,2260
衡阳,中山,31,858
衡阳,海口,19,548
衡阳,成都,48,1487
衡阳,西安,39,1115
衡阳,兰州,13,407
衡阳,银川,9,216
衡阳,侯马,15,341
衡阳,杭州,31,869
衡阳,信阳,17,444
衡阳,湛江,13,363
衡阳,宁波,15,456
衡阳,温州,14,401
武汉,无锡,62,1318
武汉,芜湖,52,1057
武汉,安庆,48,962
武汉,泉州,81,1739
武汉,潍坊,48,1009
武汉,义乌,23,436
荆州,哈尔滨,19,173
荆州,青岛,16,134
荆州,南昌,24,225
荆州,西安,31,298
荆州,深圳,31,315
荆州,金华,12,108
荆州,台州,7,72
襄阳,北京,52,1129
襄阳,苏州,22,458
襄阳,南通,6,117
襄阳,青岛,14,266
襄阳,赣州,6,103
襄阳,厦门,13,197
襄阳,常德,5,91
襄阳,海口,11,225
郑州,东莞,144,2615
郑州,大连,69,1211
郑州,泉州,83,1497
洛阳,内江,9,94
漯河,沈阳,55,1435
漯河,福州,36,834
漯河,重庆,37,908
漯河,常德,13,287
漯河,南宁,46,1180
漯河,柳州,21,443
漯河,蚌埠,16,407
漯河,海口,15,355
漯河,金华,15,368
漯河,赣州,12,293
信阳,北京,101,1610
信阳,南宁,44,606
信阳,南京,26,355
信阳,泉州,15,209
信阳,昆明,26,358
洛阳,乌鲁木齐,21,129
广州,北京,320,3132
广州,杭州,155,1619
广州,银川,61,583
汕头,廊坊,10,70
汕头,潍坊,14,92
汕头,嘉兴,10,75
汕头,赣州,19,138
汕头,重庆,45,366
汕头,常德,23,178
汕头,宝鸡,5,37
汕头,银川,15,103
汕头,深圳,85,841
湛江,温州,9,199
湛江,衡阳,9,194
湛江,兰州,10,218
湛江,徐州,8,163
湛江,烟台,4,87
中山,泉州,31,443
中山,海口,38,514
中山,南昌,55,703
中山,成都,97,1250
中山,唐山,16,172
中山,徐州,29,377
中山,南通,15,194
中山,台州,16,208
贵阳,南京,9,199
贵阳,常州,5,119
贵阳,徐州,6,127
贵阳,青岛,7,178
海口,贵阳,6,83
成都,呼和浩特,73,1806
成都,常州,27,638
成都,宁波,35,880
成都,义乌,10,224
成都,赣州,16,374
成都,厦门,34,805
昆明,太原,17,326
昆明,上海,57,1214
昆明,南充,15,273
昆明,银川,9,164
昆明,无锡,10,208
昆明,合肥,14,297
昆明,蚌埠,7,145
昆明,洛阳,8,146
昆明,拉萨,5,78
西安,北京,136,6086
西安,沈阳,74,3120
西安,哈尔滨,62,2792
西安,济南,68,2667
西安,长沙,106,4281
西安,贵阳,64,2482
西安,徐州,26,939
西安,信阳,34,1155
西安,银川,46,1388
太原,太原,40,1624
太原,北京,46,2504
厦门,锦州,8,207
南宁,贵阳,35,2290
呼和浩特,包头,23,627
呼和浩特,侯马,5,122
呼和浩特,上海,10,288
呼和浩特,深圳,7,190
呼和浩特,西安,14,458
呼和浩特,重庆,7,175
锦州,石家庄,4,112
锦州,大连,4,81
太原,侯马,17,824
太原,哈尔滨,15,762
天津,西宁,5,161
哈尔滨,扬州,5,111
哈尔滨,芜湖,6,132
哈尔滨,安庆,6,116
哈尔滨,台州,8,214
哈尔滨,金华,10,280
哈尔滨,衡阳,7,177
合肥,拉萨,10,106
济南,扬州,28,316
济南,赣州,34,409
青岛,扬州,6,91
青岛,嘉兴,10,134
鹰潭,常德,6,57
福州,连云港,13,169
福州,内江,6,65
厦门,包头,6,147
厦门,唐山,9,256
厦门,大理州,6,158
衡阳,常德,12,370
信阳,大连,13,188
信阳,扬州,7,88
信阳,嘉兴,12,170
广州,扬州,23,229
中山,乌鲁木齐,41,577
汕头,包头,5,49
南宁,青岛,10,750
南宁,温州,10,744
南宁,长沙,38,2863
南宁,柳州,43,3016
南宁,兰州,5,490
柳州,合肥,3,108
柳州,济南,5,160
柳州,长沙,7,317
柳州,郑州,4,158
柳州,深圳,10,470
柳州,柳州,18,778
柳州,贵阳,7,319
贵阳,盐城,3,57
贵阳,潍坊,4,78
贵阳,嘉兴,5,124
贵阳,襄阳,4,68
贵阳,洛阳,4,90
南充,天津,11,228
南充,长沙,17,244
南充,深圳,15,256
南充,兰州,8,136
南充,呼和浩特,5,97
成都,连云港,9,207
大理州,石家庄,4,129
大理州,苏州,4,136
西安,大连,23,878
西安,盐城,14,566
西安,湖州,13,557
西安,台州,23,918
深圳,广州,855,2692
深圳,汕头,122,380
东莞,汕头,141,734
东莞,湛江,92,475
包头,太原,5,112
太原,汕头,5,219
太原,贵阳,7,352
大连,侯马,4,32
哈尔滨,襄阳,5,111
上海,呼和浩特,102,1560
上海,银川,65,956
上海,哈尔滨,119,1755
上海,侯马,45,678
上海,徐州,65,987
上海,福州,141,2178
上海,汕头,52,779
上海,海口,80,1245
上海,西安,156,2331
济宁,湛江,7,154
济宁,南宁,9,171
义乌,锦州,94,763
义乌,长春,405,3326
义乌,徐州,442,3644
义乌,合肥,543,4484
义乌,长沙,854,7046
义乌,武汉,910,7485
鹰潭,鹰潭,3,22
赣州,济南,15,954
赣州,南昌,12,855
赣州,福州,8,555
荆州,芜湖,7,60
深圳,侯马,51,159
深圳,长春,81,257
深圳,南昌,121,383
深圳,长沙,261,840
深圳,成都,252,796
深圳,乌鲁木齐,116,372
东莞,蚌埠,50,266
东莞,厦门,98,531
东莞,郑州,165,883
东莞,南宁,201,1079
东莞,乌鲁木齐,94,501
南充,徐州,5,75
银川,呼和浩特,10,163
呼和浩特,宝鸡,1,25
包头,淮安,1,1
包头,杭州,1,17
包头,南充,1,2
太原,南通,2,98
太原,临沂,4,188
太原,嘉兴,2,124
太原,赣州,2,80
太原,重庆,6,371
太原,南充,3,148
太原,大理州,2,60
侯马,唐山,1,75
侯马,保定,2,99
侯马,锦州,1,55
侯马,上海,4,346
侯马,连云港,1,27
侯马,扬州,1,34
侯马,蚌埠,1,98
侯马,芜湖,1,72
侯马,潍坊,1,83
侯马,天津,4,335
侯马,福州,2,185
侯马,衡阳,1,82
侯马,洛阳,2,119
侯马,中山,2,135
侯马,海口,1,71
侯马,成都,4,392
侯马,南充,1,86
侯马,喀什,1,3
唐山,盐城,2,23
唐山,济宁,3,40
唐山,宝鸡,1,11
唐山,阿克苏,1,8
廊坊,拉萨,5,52
北京,潍坊,14,349
大连,淮安,1,6
大连,南通,2,23
大连,烟台,4,47
大连,温州,4,48
大连,鹰潭,1,7
大连,衡阳,2,17
大连,洛阳,4,39
大连,南宁,6,64
大连,昆明,7,78
大连,乌鲁木齐,3,29
大连,阿克苏,1,5
锦州,廊坊,2,36
锦州,保定,2,48
锦州,锦州,2,28
锦州,苏州,2,48
锦州,烟台,2,35
锦州,济宁,1,23
锦州,金华,1,23
锦州,深圳,2,50
锦州,湛江,1,8
锦州,南宁,2,32
锦州,海口,1,21
锦州,宝鸡,1,6
锦州,兰州,2,41
长春,淮安,2,39
长春,鹰潭,2,42
长春,内江,1,24
长春,阿克苏,2,49
长春,喀什,1,13
上海,保定,28,423
上海,连云港,20,305
上海,湖州,23,354
上海,义乌,16,238
淮安,喀什,2,22
盐城,内江,3,17
扬州,义乌,10,96
扬州,拉萨,5,53
芜湖,淮安,5,71
安庆,喀什,2,12
潍坊,扬州,4,66
潍坊,湖州,4,65
潍坊,鹰潭,3,40
烟台,唐山,4,94
烟台,廊坊,3,62
烟台,淮安,2,32
烟台,盐城,3,72
烟台,湖州,3,57
烟台,嘉兴,5,109
烟台,义乌,2,46
烟台,常德,3,57
烟台,襄阳,3,71
烟台,大理州,1,18
烟台,拉萨,1,15
青岛,西宁,2,28
济宁,台州,6,136
济宁,鹰潭,3,64
济宁,大理州,2,44
临沂,扬州,5,55
临沂,义乌,3,39
临沂,荆州,3,39
临沂,海口,4,51
临沂,宝鸡,4,42
临沂,西宁,3,28
临沂,喀什,1,11
天津,喀什,1,41
义乌,廊坊,100,828
义乌,保定,195,1613
义乌,大理州,84,689
鹰潭,内江,2,16
鹰潭,宝鸡,3,25
鹰潭,西宁,3,25
赣州,太原,9,697
赣州,保定,3,210
赣州,大连,2,170
赣州,无锡,3,200
赣州,徐州,4,309
赣州,扬州,2,88
赣州,南通,2,133
赣州,安庆,2,127
赣州,青岛,6,454
赣州,襄阳,2,137
赣州,深圳,10,818
常德,大连,2,31
常德,芜湖,3,41
常德,赣州,3,60
常德,内江,1,19
常德,银川,3,51
衡阳,内江,2,63
衡阳,宝鸡,3,68
荆州,廊坊,4,36
荆州,连云港,3,32
荆州,阿克苏,2,15
襄阳,喀什,1,4
深圳,苏州,129,417
深圳,南通,45,144
深圳,济宁,28,90
深圳,西宁,29,93
东莞,保定,42,226
东莞,常德,38,205
湛江,拉萨,1,9
南宁,廊坊,3,197
南宁,荆州,2,171
南宁,乌鲁木齐,4,282
柳州,呼和浩特,1,42
柳州,唐山,1,27
柳州,保定,1,34
柳州,大连,1,34
柳州,锦州,1,20
柳州,潍坊,1,34
柳州,宝鸡,1,11
贵阳,呼和浩特,3,96
贵阳,喀什,1,5
海口,太原,4,49
海口,廊坊,1,12
海口,盐城,1,11
海口,嘉兴,2,21
海口,赣州,2,19
海口,荆州,1,10
海口,襄阳,1,14
海口,兰州,2,23
海口,乌鲁木齐,2,29
南充,保定,3,55
南充,大连,4,52
南充,扬州,2,27
南充,临沂,3,35
南充,银川,3,61
南充,乌鲁木齐,3,30
内江,唐山,1,22
内江,沈阳,2,78
内江,湖州,1,18
内江,南昌,3,118
内江,成都,12,512
内江,南充,2,87
昆明,荆州,3,52
大理州,呼和浩特,2,46
大理州,包头,1,17
大理州,锦州,2,42
大理州,常州,2,57
大理州,盐城,1,28
大理州,蚌埠,2,42
大理州,台州,1,37
大理州,赣州,1,30
大理州,厦门,2,82
宝鸡,包头,1,101
宝鸡,北京,5,1134
宝鸡,连云港,1,37
宝鸡,淮安,1,33
宝鸡,天津,2,336
宝鸡,福州,2,292
宝鸡,荆州,1,38
宝鸡,汕头,2,261
宝鸡,东莞,2,428
宝鸡,中山,2,385
宝鸡,南宁,2,305
宝鸡,成都,3,572
宝鸡,兰州,2,256
兰州,北京,15,531
兰州,沈阳,11,438
兰州,泉州,3,76
兰州,长沙,8,227
兰州,东莞,5,131
兰州,喀什,2,31
银川,保定,2,23
银川,北京,11,148
银川,合肥,4,46
银川,安庆,2,15
银川,湖州,1,12
银川,湛江,2,16
银川,中山,3,38
银川,贵阳,4,43
银川,海口,4,42
西宁,唐山,1,15
西宁,沈阳,2,47
西宁,哈尔滨,1,41
西宁,无锡,1,19
西宁,淮安,1,3
西宁,南通,1,13
西宁,潍坊,1,16
西宁,湖州,1,6
西宁,嘉兴,1,13
西宁,义乌,1,7
西宁,南昌,1,34
西宁,泉州,1,11
西宁,广州,3,95
西宁,大理州,1,13
西宁,兰州,6,192
西宁,乌鲁木齐,2,38
乌鲁木齐,哈尔滨,3,172
乌鲁木齐,无锡,1,59
乌鲁木齐,苏州,3,167
乌鲁木齐,淮安,1,11
乌鲁木齐,潍坊,1,41
乌鲁木齐,金华,2,66
乌鲁木齐,温州,2,83
乌鲁木齐,厦门,2,65
乌鲁木齐,泉州,2,69
乌鲁木齐,襄阳,1,35
阿克苏,呼和浩特,1,8
阿克苏,锦州,1,4
阿克苏,常州,1,7
阿克苏,徐州,1,14
阿克苏,连云港,1,3
阿克苏,南通,1,6
阿克苏,芜湖,1,6
阿克苏,临沂,1,5
阿克苏,襄阳,1,6
阿克苏,信阳,1,28
阿克苏,汕头,1,8
阿克苏,南充,1,35
阿克苏,兰州,1,107
阿克苏,喀什,1,101
喀什,合肥,1,11
喀什,天津,1,8
喀什,嘉兴,1,2
喀什,义乌,1,2
喀什,鹰潭,1,1
喀什,泉州,1,5
拉萨,呼和浩特,1,3
拉萨,包头,1,1
拉萨,淮安,1,1
拉萨,盐城,1,2
拉萨,南通,1,3
拉萨,安庆,1,4
拉萨,济南,1,20
拉萨,嘉兴,1,4
拉萨,南昌,1,10
拉萨,常德,1,6
拉萨,贵阳,1,28
拉萨,成都,2,219
拉萨,喀什,1,0
拉萨,拉萨,2,222
义乌,东莞,460,3806
