收寄城市,寄达城市,运量（重量）
北京,北京,0.0
北京,天津,26519.625200000002
北京,石家庄,34427.8664
北京,唐山,38948.497
北京,廊坊,20845.8954
北京,保定,25550.266600000003
北京,太原,29579.2736
北京,侯马,21931.567
北京,呼和浩特,49213.694
北京,包头,26502.645000000004
北京,沈阳,31080.9176
北京,大连,14231.412400000001
北京,锦州,12539.5892
北京,长春,21915.3678
北京,哈尔滨,23310.174400000004
北京,上海,5901.1544
北京,南京,16962.5258
北京,常州,12374.9932
北京,无锡,11829.622400000002
北京,苏州,24002.580800000003
北京,徐州,9519.467200000001
北京,连云港,5111.594400000001
北京,淮安,0.0
北京,盐城,6765.4606
北京,扬州,5151.329
北京,南通,8663.4614
北京,杭州,14728.8796
北京,湖州,4589.580400000001
北京,嘉兴,8319.9246
北京,宁波,11876.854200000002
北京,台州,7879.288800000001
北京,金华,10804.082
北京,义乌,3523.3162
北京,温州,12790.958200000001
北京,合肥,12054.736400000002
北京,蚌埠,13503.8852
北京,芜湖,7900.868000000001
北京,安庆,7323.4606
北京,福州,24285.993800000004
北京,厦门,16036.395
北京,泉州,10946.0476
北京,南昌,18960.6552
北京,鹰潭,0.0
北京,赣州,6626.323800000001
北京,济南,27037.96
北京,潍坊,24279.471
北京,烟台,38676.3992
北京,青岛,36642.926
北京,济宁,21498.822600000003
北京,临沂,16045.932600000002
北京,郑州,22240.3624
北京,漯河,19435.7076
北京,信阳,20970.6328
北京,洛阳,12574.9802
北京,武汉,11118.3268
北京,荆州,0.0
北京,襄阳,7674.6954000000005
北京,长沙,19575.3552
北京,常德,0.0
北京,衡阳,10567.2512
北京,广州,11865.7324
北京,汕头,14523.180400000001
北京,深圳,26243.9176
北京,东莞,18185.3012
北京,湛江,9395.0074
北京,中山,18321.415800000002
北京,南宁,21214.760000000002
北京,柳州,8406.0406
北京,海口,13387.773000000001
北京,重庆,20760.629800000002
北京,成都,25257.502
北京,南充,12706.295000000002
北京,内江,0.0
北京,贵阳,17573.878800000002
北京,昆明,21022.9272
北京,大理州,0.0
北京,拉萨,0.0
北京,西安,11039.0584
北京,宝鸡,4152.4304
北京,兰州,19748.839200000002
北京,西宁,0.0
北京,银川,15678.5828
北京,乌鲁木齐,19665.559400000002
北京,阿克苏,0.0
北京,喀什,0.0
天津,北京,132893.6214
天津,天津,0.0
天津,石家庄,5321.838000000001
天津,唐山,0.0
天津,廊坊,0.0
天津,保定,0.0
天津,太原,0.0
天津,侯马,0.0
天津,呼和浩特,0.0
天津,包头,0.0
天津,沈阳,8959.4814
天津,大连,0.0
天津,锦州,0.0
天津,长春,0.0
天津,哈尔滨,6851.0362000000005
天津,上海,5571.955000000001
天津,南京,0.0
天津,常州,0.0
天津,无锡,0.0
天津,苏州,0.0
天津,徐州,0.0
天津,连云港,0.0
天津,淮安,0.0
天津,盐城,0.0
天津,扬州,0.0
天津,南通,0.0
天津,杭州,0.0
天津,湖州,0.0
天津,嘉兴,0.0
天津,宁波,0.0
天津,台州,0.0
天津,金华,0.0
天津,义乌,0.0
天津,温州,0.0
天津,合肥,0.0
天津,蚌埠,0.0
天津,芜湖,0.0
天津,安庆,0.0
天津,福州,0.0
天津,厦门,0.0
天津,泉州,0.0
天津,南昌,0.0
天津,鹰潭,0.0
天津,赣州,0.0
天津,济南,11117.067400000002
天津,潍坊,0.0
天津,烟台,0.0
天津,青岛,0.0
天津,济宁,0.0
天津,临沂,0.0
天津,郑州,5224.2754
天津,漯河,0.0
天津,信阳,0.0
天津,洛阳,0.0
天津,武汉,0.0
天津,荆州,0.0
天津,襄阳,0.0
天津,长沙,0.0
天津,常德,0.0
天津,衡阳,0.0
天津,广州,5828.5874
天津,汕头,0.0
天津,深圳,0.0
天津,东莞,0.0
天津,湛江,0.0
天津,中山,0.0
天津,南宁,0.0
天津,柳州,0.0
天津,海口,0.0
天津,重庆,0.0
天津,成都,0.0
天津,南充,0.0
天津,内江,0.0
天津,贵阳,0.0
天津,昆明,0.0
天津,大理州,0.0
天津,拉萨,0.0
天津,西安,6450.3978
天津,宝鸡,0.0
天津,兰州,0.0
天津,西宁,0.0
天津,银川,0.0
天津,乌鲁木齐,0.0
天津,阿克苏,0.0
天津,喀什,0.0
石家庄,北京,222290.27020000003
石家庄,天津,11711.083000000002
石家庄,石家庄,0.0
石家庄,唐山,0.0
石家庄,廊坊,0.0
石家庄,保定,0.0
石家庄,太原,9410.0092
石家庄,侯马,0.0
石家庄,呼和浩特,0.0
石家庄,包头,0.0
石家庄,沈阳,0.0
石家庄,大连,0.0
石家庄,锦州,0.0
石家庄,长春,8566.826000000001
石家庄,哈尔滨,11163.872599999999
石家庄,上海,11520.9584
石家庄,南京,0.0
石家庄,常州,0.0
石家庄,无锡,0.0
石家庄,苏州,0.0
石家庄,徐州,4192.8914
石家庄,连云港,0.0
石家庄,淮安,0.0
石家庄,盐城,0.0
石家庄,扬州,0.0
石家庄,南通,0.0
石家庄,杭州,5428.4894
石家庄,湖州,0.0
石家庄,嘉兴,0.0
石家庄,宁波,0.0
石家庄,台州,0.0
石家庄,金华,0.0
石家庄,义乌,0.0
石家庄,温州,0.0
石家庄,合肥,5289.746800000001
石家庄,蚌埠,0.0
石家庄,芜湖,0.0
石家庄,安庆,0.0
石家庄,福州,0.0
石家庄,厦门,0.0
石家庄,泉州,0.0
石家庄,南昌,0.0
石家庄,鹰潭,0.0
石家庄,赣州,0.0
石家庄,济南,13910.8456
石家庄,潍坊,0.0
石家庄,烟台,0.0
石家庄,青岛,0.0
石家庄,济宁,0.0
石家庄,临沂,0.0
石家庄,郑州,11294.3916
石家庄,漯河,0.0
石家庄,信阳,0.0
石家庄,洛阳,0.0
石家庄,武汉,13197.393000000002
石家庄,荆州,0.0
石家庄,襄阳,0.0
石家庄,长沙,8409.0702
石家庄,常德,0.0
石家庄,衡阳,0.0
石家庄,广州,18767.848
石家庄,汕头,0.0
石家庄,深圳,0.0
石家庄,东莞,0.0
石家庄,湛江,0.0
石家庄,中山,0.0
石家庄,南宁,0.0
石家庄,柳州,0.0
石家庄,海口,0.0
石家庄,重庆,0.0
石家庄,成都,14409.5722
石家庄,南充,0.0
石家庄,内江,0.0
石家庄,贵阳,8916.2832
石家庄,昆明,0.0
石家庄,大理州,0.0
石家庄,拉萨,0.0
石家庄,西安,16704.988400000002
石家庄,宝鸡,0.0
石家庄,兰州,0.0
石家庄,西宁,0.0
石家庄,银川,0.0
石家庄,乌鲁木齐,0.0
石家庄,阿克苏,0.0
石家庄,喀什,0.0
唐山,北京,24592.701600000004
唐山,天津,0.0
唐山,石家庄,0.0
唐山,唐山,0.0
唐山,廊坊,0.0
唐山,保定,0.0
唐山,太原,0.0
唐山,侯马,0.0
唐山,呼和浩特,0.0
唐山,包头,0.0
唐山,沈阳,0.0
唐山,大连,0.0
唐山,锦州,0.0
唐山,长春,0.0
唐山,哈尔滨,0.0
唐山,上海,0.0
唐山,南京,0.0
唐山,常州,0.0
唐山,无锡,0.0
唐山,苏州,0.0
唐山,徐州,0.0
唐山,连云港,0.0
唐山,淮安,0.0
唐山,盐城,0.0
唐山,扬州,0.0
唐山,南通,0.0
唐山,杭州,0.0
唐山,湖州,0.0
唐山,嘉兴,0.0
唐山,宁波,0.0
唐山,台州,0.0
唐山,金华,0.0
唐山,义乌,0.0
唐山,温州,0.0
唐山,合肥,0.0
唐山,蚌埠,0.0
唐山,芜湖,0.0
唐山,安庆,0.0
唐山,福州,0.0
唐山,厦门,0.0
唐山,泉州,0.0
唐山,南昌,0.0
唐山,鹰潭,0.0
唐山,赣州,0.0
唐山,济南,0.0
唐山,潍坊,0.0
唐山,烟台,0.0
唐山,青岛,0.0
唐山,济宁,0.0
唐山,临沂,0.0
唐山,郑州,0.0
唐山,漯河,0.0
唐山,信阳,0.0
唐山,洛阳,0.0
唐山,武汉,0.0
唐山,荆州,0.0
唐山,襄阳,0.0
唐山,长沙,0.0
唐山,常德,0.0
唐山,衡阳,0.0
唐山,广州,0.0
唐山,汕头,0.0
唐山,深圳,0.0
唐山,东莞,0.0
唐山,湛江,0.0
唐山,中山,0.0
唐山,南宁,0.0
唐山,柳州,0.0
唐山,海口,0.0
唐山,重庆,0.0
唐山,成都,0.0
唐山,南充,0.0
唐山,内江,0.0
唐山,贵阳,0.0
唐山,昆明,0.0
唐山,大理州,0.0
唐山,拉萨,0.0
唐山,西安,0.0
唐山,宝鸡,0.0
唐山,兰州,0.0
唐山,西宁,0.0
唐山,银川,0.0
唐山,乌鲁木齐,0.0
唐山,阿克苏,0.0
唐山,喀什,0.0
廊坊,北京,56813.38220000001
廊坊,天津,0.0
廊坊,石家庄,0.0
廊坊,唐山,0.0
廊坊,廊坊,0.0
廊坊,保定,0.0
廊坊,太原,0.0
廊坊,侯马,0.0
廊坊,呼和浩特,0.0
廊坊,包头,0.0
廊坊,沈阳,0.0
廊坊,大连,0.0
廊坊,锦州,0.0
廊坊,长春,0.0
廊坊,哈尔滨,0.0
廊坊,上海,1335.9894000000002
廊坊,南京,0.0
廊坊,常州,0.0
廊坊,无锡,0.0
廊坊,苏州,0.0
廊坊,徐州,0.0
廊坊,连云港,0.0
廊坊,淮安,0.0
廊坊,盐城,0.0
廊坊,扬州,0.0
廊坊,南通,0.0
廊坊,杭州,0.0
廊坊,湖州,0.0
廊坊,嘉兴,0.0
廊坊,宁波,0.0
廊坊,台州,0.0
廊坊,金华,0.0
廊坊,义乌,0.0
廊坊,温州,0.0
廊坊,合肥,0.0
廊坊,蚌埠,0.0
廊坊,芜湖,0.0
廊坊,安庆,0.0
廊坊,福州,0.0
廊坊,厦门,0.0
廊坊,泉州,0.0
廊坊,南昌,0.0
廊坊,鹰潭,0.0
廊坊,赣州,0.0
廊坊,济南,0.0
廊坊,潍坊,0.0
廊坊,烟台,0.0
廊坊,青岛,0.0
廊坊,济宁,0.0
廊坊,临沂,0.0
廊坊,郑州,0.0
廊坊,漯河,0.0
廊坊,信阳,0.0
廊坊,洛阳,0.0
廊坊,武汉,2248.71
廊坊,荆州,0.0
廊坊,襄阳,0.0
廊坊,长沙,0.0
廊坊,常德,0.0
廊坊,衡阳,0.0
廊坊,广州,0.0
廊坊,汕头,0.0
廊坊,深圳,0.0
廊坊,东莞,0.0
廊坊,湛江,0.0
廊坊,中山,0.0
廊坊,南宁,0.0
廊坊,柳州,0.0
廊坊,海口,0.0
廊坊,重庆,0.0
廊坊,成都,0.0
廊坊,南充,0.0
廊坊,内江,0.0
廊坊,贵阳,0.0
廊坊,昆明,0.0
廊坊,大理州,0.0
廊坊,拉萨,0.0
廊坊,西安,2854.4054000000006
廊坊,宝鸡,0.0
廊坊,兰州,0.0
廊坊,西宁,0.0
廊坊,银川,0.0
廊坊,乌鲁木齐,0.0
廊坊,阿克苏,0.0
廊坊,喀什,0.0
保定,北京,103601.946
保定,天津,0.0
保定,石家庄,0.0
保定,唐山,0.0
保定,廊坊,0.0
保定,保定,0.0
保定,太原,0.0
保定,侯马,0.0
保定,呼和浩特,0.0
保定,包头,0.0
保定,沈阳,3093.5394
保定,大连,0.0
保定,锦州,0.0
保定,长春,0.0
保定,哈尔滨,0.0
保定,上海,2989.3994000000002
保定,南京,0.0
保定,常州,0.0
保定,无锡,0.0
保定,苏州,0.0
保定,徐州,0.0
保定,连云港,0.0
保定,淮安,0.0
保定,盐城,0.0
保定,扬州,0.0
保定,南通,0.0
保定,杭州,0.0
保定,湖州,0.0
保定,嘉兴,0.0
保定,宁波,0.0
保定,台州,0.0
保定,金华,0.0
保定,义乌,0.0
保定,温州,0.0
保定,合肥,0.0
保定,蚌埠,0.0
保定,芜湖,0.0
保定,安庆,0.0
保定,福州,0.0
保定,厦门,0.0
保定,泉州,0.0
保定,南昌,0.0
保定,鹰潭,0.0
保定,赣州,0.0
保定,济南,0.0
保定,潍坊,0.0
保定,烟台,0.0
保定,青岛,0.0
保定,济宁,0.0
保定,临沂,0.0
保定,郑州,0.0
保定,漯河,0.0
保定,信阳,0.0
保定,洛阳,0.0
保定,武汉,3530.0324000000005
保定,荆州,0.0
保定,襄阳,0.0
保定,长沙,0.0
保定,常德,0.0
保定,衡阳,0.0
保定,广州,3831.0058000000004
保定,汕头,0.0
保定,深圳,0.0
保定,东莞,0.0
保定,湛江,0.0
保定,中山,0.0
保定,南宁,0.0
保定,柳州,0.0
保定,海口,0.0
保定,重庆,0.0
保定,成都,5330.2772
保定,南充,0.0
保定,内江,0.0
保定,贵阳,0.0
保定,昆明,0.0
保定,大理州,0.0
保定,拉萨,0.0
保定,西安,6611.468200000001
保定,宝鸡,0.0
保定,兰州,0.0
保定,西宁,0.0
保定,银川,0.0
保定,乌鲁木齐,0.0
保定,阿克苏,0.0
保定,喀什,0.0
太原,北京,66371.81420000001
太原,天津,0.0
太原,石家庄,0.0
太原,唐山,0.0
太原,廊坊,0.0
太原,保定,0.0
太原,太原,0.0
太原,侯马,0.0
太原,呼和浩特,0.0
太原,包头,0.0
太原,沈阳,0.0
太原,大连,0.0
太原,锦州,0.0
太原,长春,0.0
太原,哈尔滨,0.0
太原,上海,2371.6549999999997
太原,南京,0.0
太原,常州,0.0
太原,无锡,0.0
太原,苏州,0.0
太原,徐州,0.0
太原,连云港,0.0
太原,淮安,0.0
太原,盐城,0.0
太原,扬州,0.0
太原,南通,0.0
太原,杭州,0.0
太原,湖州,0.0
太原,嘉兴,0.0
太原,宁波,0.0
太原,台州,0.0
太原,金华,0.0
太原,义乌,0.0
太原,温州,0.0
太原,合肥,0.0
太原,蚌埠,0.0
太原,芜湖,0.0
太原,安庆,0.0
太原,福州,0.0
太原,厦门,0.0
太原,泉州,0.0
太原,南昌,0.0
太原,鹰潭,0.0
太原,赣州,0.0
太原,济南,3250.2292
太原,潍坊,0.0
太原,烟台,0.0
太原,青岛,0.0
太原,济宁,0.0
太原,临沂,0.0
太原,郑州,0.0
太原,漯河,0.0
太原,信阳,0.0
太原,洛阳,0.0
太原,武汉,3352.0660000000003
太原,荆州,0.0
太原,襄阳,0.0
太原,长沙,0.0
太原,常德,0.0
太原,衡阳,0.0
太原,广州,3290.358
太原,汕头,0.0
太原,深圳,0.0
太原,东莞,0.0
太原,湛江,0.0
太原,中山,0.0
太原,南宁,0.0
太原,柳州,0.0
太原,海口,0.0
太原,重庆,0.0
太原,成都,2201.7956
太原,南充,0.0
太原,内江,0.0
太原,贵阳,0.0
太原,昆明,0.0
太原,大理州,0.0
太原,拉萨,0.0
太原,西安,4060.9122
太原,宝鸡,0.0
太原,兰州,0.0
太原,西宁,0.0
太原,银川,0.0
太原,乌鲁木齐,0.0
太原,阿克苏,0.0
太原,喀什,0.0
侯马,北京,3291.1464000000005
侯马,天津,0.0
侯马,石家庄,0.0
侯马,唐山,0.0
侯马,廊坊,0.0
侯马,保定,0.0
侯马,太原,0.0
侯马,侯马,0.0
侯马,呼和浩特,0.0
侯马,包头,0.0
侯马,沈阳,0.0
侯马,大连,0.0
侯马,锦州,0.0
侯马,长春,0.0
侯马,哈尔滨,0.0
侯马,上海,2055.0922
侯马,南京,0.0
侯马,常州,0.0
侯马,无锡,0.0
侯马,苏州,0.0
侯马,徐州,0.0
侯马,连云港,0.0
侯马,淮安,0.0
侯马,盐城,0.0
侯马,扬州,0.0
侯马,南通,0.0
侯马,杭州,0.0
侯马,湖州,0.0
侯马,嘉兴,0.0
侯马,宁波,0.0
侯马,台州,0.0
侯马,金华,0.0
侯马,义乌,0.0
侯马,温州,0.0
侯马,合肥,0.0
侯马,蚌埠,0.0
侯马,芜湖,0.0
侯马,安庆,0.0
侯马,福州,0.0
侯马,厦门,0.0
侯马,泉州,0.0
侯马,南昌,0.0
侯马,鹰潭,0.0
侯马,赣州,0.0
侯马,济南,0.0
侯马,潍坊,0.0
侯马,烟台,0.0
侯马,青岛,0.0
侯马,济宁,0.0
侯马,临沂,0.0
侯马,郑州,0.0
侯马,漯河,0.0
侯马,信阳,0.0
侯马,洛阳,0.0
侯马,武汉,1956.347
侯马,荆州,0.0
侯马,襄阳,0.0
侯马,长沙,0.0
侯马,常德,0.0
侯马,衡阳,0.0
侯马,广州,1857.6018000000001
侯马,汕头,0.0
侯马,深圳,0.0
侯马,东莞,0.0
侯马,湛江,0.0
侯马,中山,0.0
侯马,南宁,0.0
侯马,柳州,0.0
侯马,海口,0.0
侯马,重庆,0.0
侯马,成都,0.0
侯马,南充,0.0
侯马,内江,0.0
侯马,贵阳,0.0
侯马,昆明,0.0
侯马,大理州,0.0
侯马,拉萨,0.0
侯马,西安,27434.644400000005
侯马,宝鸡,0.0
侯马,兰州,0.0
侯马,西宁,0.0
侯马,银川,0.0
侯马,乌鲁木齐,0.0
侯马,阿克苏,0.0
侯马,喀什,0.0
呼和浩特,北京,36427.451400000005
呼和浩特,天津,0.0
呼和浩特,石家庄,0.0
呼和浩特,唐山,0.0
呼和浩特,廊坊,0.0
呼和浩特,保定,0.0
呼和浩特,太原,0.0
呼和浩特,侯马,0.0
呼和浩特,呼和浩特,0.0
呼和浩特,包头,0.0
呼和浩特,沈阳,0.0
呼和浩特,大连,0.0
呼和浩特,锦州,0.0
呼和浩特,长春,0.0
呼和浩特,哈尔滨,0.0
呼和浩特,上海,943.3738000000001
呼和浩特,南京,0.0
呼和浩特,常州,0.0
呼和浩特,无锡,0.0
呼和浩特,苏州,0.0
呼和浩特,徐州,0.0
呼和浩特,连云港,0.0
呼和浩特,淮安,0.0
呼和浩特,盐城,0.0
呼和浩特,扬州,0.0
呼和浩特,南通,0.0
呼和浩特,杭州,0.0
呼和浩特,湖州,0.0
呼和浩特,嘉兴,0.0
呼和浩特,宁波,0.0
呼和浩特,台州,0.0
呼和浩特,金华,0.0
呼和浩特,义乌,0.0
呼和浩特,温州,0.0
呼和浩特,合肥,0.0
呼和浩特,蚌埠,0.0
呼和浩特,芜湖,0.0
呼和浩特,安庆,0.0
呼和浩特,福州,0.0
呼和浩特,厦门,0.0
呼和浩特,泉州,0.0
呼和浩特,南昌,0.0
呼和浩特,鹰潭,0.0
呼和浩特,赣州,0.0
呼和浩特,济南,0.0
呼和浩特,潍坊,0.0
呼和浩特,烟台,0.0
呼和浩特,青岛,0.0
呼和浩特,济宁,0.0
呼和浩特,临沂,0.0
呼和浩特,郑州,0.0
呼和浩特,漯河,0.0
呼和浩特,信阳,0.0
呼和浩特,洛阳,0.0
呼和浩特,武汉,1036.5928000000001
呼和浩特,荆州,0.0
呼和浩特,襄阳,0.0
呼和浩特,长沙,0.0
呼和浩特,常德,0.0
呼和浩特,衡阳,0.0
呼和浩特,广州,0.0
呼和浩特,汕头,0.0
呼和浩特,深圳,0.0
呼和浩特,东莞,0.0
呼和浩特,湛江,0.0
呼和浩特,中山,0.0
呼和浩特,南宁,0.0
呼和浩特,柳州,0.0
呼和浩特,海口,0.0
呼和浩特,重庆,0.0
呼和浩特,成都,0.0
呼和浩特,南充,0.0
呼和浩特,内江,0.0
呼和浩特,贵阳,0.0
呼和浩特,昆明,0.0
呼和浩特,大理州,0.0
呼和浩特,拉萨,0.0
呼和浩特,西安,0.0
呼和浩特,宝鸡,0.0
呼和浩特,兰州,0.0
呼和浩特,西宁,0.0
呼和浩特,银川,0.0
呼和浩特,乌鲁木齐,0.0
呼和浩特,阿克苏,0.0
呼和浩特,喀什,0.0
包头,北京,6013.394
包头,天津,0.0
包头,石家庄,0.0
包头,唐山,0.0
包头,廊坊,0.0
包头,保定,0.0
包头,太原,0.0
包头,侯马,0.0
包头,呼和浩特,0.0
包头,包头,0.0
包头,沈阳,0.0
包头,大连,0.0
包头,锦州,0.0
包头,长春,0.0
包头,哈尔滨,0.0
包头,上海,0.0
包头,南京,0.0
包头,常州,0.0
包头,无锡,0.0
包头,苏州,0.0
包头,徐州,0.0
包头,连云港,0.0
包头,淮安,0.0
包头,盐城,0.0
包头,扬州,0.0
包头,南通,0.0
包头,杭州,0.0
包头,湖州,0.0
包头,嘉兴,0.0
包头,宁波,0.0
包头,台州,0.0
包头,金华,0.0
包头,义乌,0.0
包头,温州,0.0
包头,合肥,0.0
包头,蚌埠,0.0
包头,芜湖,0.0
包头,安庆,0.0
包头,福州,0.0
包头,厦门,0.0
包头,泉州,0.0
包头,南昌,0.0
包头,鹰潭,0.0
包头,赣州,0.0
包头,济南,0.0
包头,潍坊,0.0
包头,烟台,0.0
包头,青岛,0.0
包头,济宁,0.0
包头,临沂,0.0
包头,郑州,0.0
包头,漯河,0.0
包头,信阳,0.0
包头,洛阳,0.0
包头,武汉,0.0
包头,荆州,0.0
包头,襄阳,0.0
包头,长沙,0.0
包头,常德,0.0
包头,衡阳,0.0
包头,广州,0.0
包头,汕头,0.0
包头,深圳,0.0
包头,东莞,0.0
包头,湛江,0.0
包头,中山,0.0
包头,南宁,0.0
包头,柳州,0.0
包头,海口,0.0
包头,重庆,0.0
包头,成都,0.0
包头,南充,0.0
包头,内江,0.0
包头,贵阳,0.0
包头,昆明,0.0
包头,大理州,0.0
包头,拉萨,0.0
包头,西安,0.0
包头,宝鸡,0.0
包头,兰州,0.0
包头,西宁,0.0
包头,银川,0.0
包头,乌鲁木齐,0.0
包头,阿克苏,0.0
包头,喀什,0.0
沈阳,北京,29439.7398
沈阳,天津,10652.841600000002
沈阳,石家庄,0.0
沈阳,唐山,0.0
沈阳,廊坊,0.0
沈阳,保定,0.0
沈阳,太原,0.0
沈阳,侯马,0.0
沈阳,呼和浩特,0.0
沈阳,包头,0.0
沈阳,沈阳,0.0
沈阳,大连,31832.845400000002
沈阳,锦州,25228.7032
沈阳,长春,10214.98
沈阳,哈尔滨,24283.8914
沈阳,上海,26127.7952
沈阳,南京,0.0
沈阳,常州,0.0
沈阳,无锡,0.0
沈阳,苏州,6011.879200000001
沈阳,徐州,0.0
沈阳,连云港,0.0
沈阳,淮安,0.0
沈阳,盐城,0.0
沈阳,扬州,0.0
沈阳,南通,0.0
沈阳,杭州,6845.3240000000005
沈阳,湖州,0.0
沈阳,嘉兴,0.0
沈阳,宁波,0.0
沈阳,台州,0.0
沈阳,金华,0.0
沈阳,义乌,0.0
沈阳,温州,0.0
沈阳,合肥,0.0
沈阳,蚌埠,0.0
沈阳,芜湖,0.0
沈阳,安庆,0.0
沈阳,福州,0.0
沈阳,厦门,0.0
沈阳,泉州,0.0
沈阳,南昌,0.0
沈阳,鹰潭,0.0
沈阳,赣州,0.0
沈阳,济南,8793.130000000001
沈阳,潍坊,0.0
沈阳,烟台,0.0
沈阳,青岛,9583.409
沈阳,济宁,0.0
沈阳,临沂,0.0
沈阳,郑州,8616.0288
沈阳,漯河,0.0
沈阳,信阳,0.0
沈阳,洛阳,0.0
沈阳,武汉,12813.154600000002
沈阳,荆州,0.0
沈阳,襄阳,0.0
沈阳,长沙,5527.1652
沈阳,常德,0.0
沈阳,衡阳,0.0
沈阳,广州,18700.968200000003
沈阳,汕头,0.0
沈阳,深圳,0.0
沈阳,东莞,0.0
沈阳,湛江,0.0
沈阳,中山,0.0
沈阳,南宁,0.0
沈阳,柳州,0.0
沈阳,海口,0.0
沈阳,重庆,0.0
沈阳,成都,19293.804000000004
沈阳,南充,0.0
沈阳,内江,0.0
沈阳,贵阳,0.0
沈阳,昆明,0.0
沈阳,大理州,0.0
沈阳,拉萨,0.0
沈阳,西安,14757.142600000001
沈阳,宝鸡,0.0
沈阳,兰州,0.0
沈阳,西宁,0.0
沈阳,银川,0.0
沈阳,乌鲁木齐,0.0
沈阳,阿克苏,0.0
沈阳,喀什,0.0
大连,北京,0.0
大连,天津,0.0
大连,石家庄,0.0
大连,唐山,0.0
大连,廊坊,0.0
大连,保定,0.0
大连,太原,0.0
大连,侯马,0.0
大连,呼和浩特,0.0
大连,包头,0.0
大连,沈阳,18392.8076
大连,大连,0.0
大连,锦州,0.0
大连,长春,0.0
大连,哈尔滨,0.0
大连,上海,0.0
大连,南京,0.0
大连,常州,0.0
大连,无锡,0.0
大连,苏州,0.0
大连,徐州,0.0
大连,连云港,0.0
大连,淮安,0.0
大连,盐城,0.0
大连,扬州,0.0
大连,南通,0.0
大连,杭州,0.0
大连,湖州,0.0
大连,嘉兴,0.0
大连,宁波,0.0
大连,台州,0.0
大连,金华,0.0
大连,义乌,0.0
大连,温州,0.0
大连,合肥,0.0
大连,蚌埠,0.0
大连,芜湖,0.0
大连,安庆,0.0
大连,福州,0.0
大连,厦门,0.0
大连,泉州,0.0
大连,南昌,0.0
大连,鹰潭,0.0
大连,赣州,0.0
大连,济南,0.0
大连,潍坊,0.0
大连,烟台,0.0
大连,青岛,0.0
大连,济宁,0.0
大连,临沂,0.0
大连,郑州,0.0
大连,漯河,0.0
大连,信阳,0.0
大连,洛阳,0.0
大连,武汉,0.0
大连,荆州,0.0
大连,襄阳,0.0
大连,长沙,0.0
大连,常德,0.0
大连,衡阳,0.0
大连,广州,0.0
大连,汕头,0.0
大连,深圳,0.0
大连,东莞,0.0
大连,湛江,0.0
大连,中山,0.0
大连,南宁,0.0
大连,柳州,0.0
大连,海口,0.0
大连,重庆,0.0
大连,成都,0.0
大连,南充,0.0
大连,内江,0.0
大连,贵阳,0.0
大连,昆明,0.0
大连,大理州,0.0
大连,拉萨,0.0
大连,西安,0.0
大连,宝鸡,0.0
大连,兰州,0.0
大连,西宁,0.0
大连,银川,0.0
大连,乌鲁木齐,0.0
大连,阿克苏,0.0
大连,喀什,0.0
锦州,北京,3186.0246000000006
锦州,天津,0.0
锦州,石家庄,0.0
锦州,唐山,0.0
锦州,廊坊,0.0
锦州,保定,0.0
锦州,太原,0.0
锦州,侯马,0.0
锦州,呼和浩特,0.0
锦州,包头,0.0
锦州,沈阳,11549.888600000002
锦州,大连,0.0
锦州,锦州,0.0
锦州,长春,0.0
锦州,哈尔滨,0.0
锦州,上海,0.0
锦州,南京,0.0
锦州,常州,0.0
锦州,无锡,0.0
锦州,苏州,0.0
锦州,徐州,0.0
锦州,连云港,0.0
锦州,淮安,0.0
锦州,盐城,0.0
锦州,扬州,0.0
锦州,南通,0.0
锦州,杭州,0.0
锦州,湖州,0.0
锦州,嘉兴,0.0
锦州,宁波,0.0
锦州,台州,0.0
锦州,金华,0.0
锦州,义乌,0.0
锦州,温州,0.0
锦州,合肥,0.0
锦州,蚌埠,0.0
锦州,芜湖,0.0
锦州,安庆,0.0
锦州,福州,0.0
锦州,厦门,0.0
锦州,泉州,0.0
锦州,南昌,0.0
锦州,鹰潭,0.0
锦州,赣州,0.0
锦州,济南,0.0
锦州,潍坊,0.0
锦州,烟台,0.0
锦州,青岛,0.0
锦州,济宁,0.0
锦州,临沂,0.0
锦州,郑州,0.0
锦州,漯河,0.0
锦州,信阳,0.0
锦州,洛阳,0.0
锦州,武汉,0.0
锦州,荆州,0.0
锦州,襄阳,0.0
锦州,长沙,0.0
锦州,常德,0.0
锦州,衡阳,0.0
锦州,广州,0.0
锦州,汕头,0.0
锦州,深圳,0.0
锦州,东莞,0.0
锦州,湛江,0.0
锦州,中山,0.0
锦州,南宁,0.0
锦州,柳州,0.0
锦州,海口,0.0
锦州,重庆,0.0
锦州,成都,0.0
锦州,南充,0.0
锦州,内江,0.0
锦州,贵阳,0.0
锦州,昆明,0.0
锦州,大理州,0.0
锦州,拉萨,0.0
锦州,西安,0.0
锦州,宝鸡,0.0
锦州,兰州,0.0
锦州,西宁,0.0
锦州,银川,0.0
锦州,乌鲁木齐,0.0
锦州,阿克苏,0.0
锦州,喀什,0.0
长春,北京,18406.3816
长春,天津,0.0
长春,石家庄,0.0
长春,唐山,0.0
长春,廊坊,0.0
长春,保定,0.0
长春,太原,0.0
长春,侯马,0.0
长春,呼和浩特,0.0
长春,包头,0.0
长春,沈阳,27378.8938
长春,大连,0.0
长春,锦州,0.0
长春,长春,0.0
长春,哈尔滨,9146.120200000001
长春,上海,12039.333
长春,南京,0.0
长春,常州,0.0
长春,无锡,0.0
长春,苏州,0.0
长春,徐州,0.0
长春,连云港,0.0
长春,淮安,0.0
长春,盐城,0.0
长春,扬州,0.0
长春,南通,0.0
长春,杭州,0.0
长春,湖州,0.0
长春,嘉兴,0.0
长春,宁波,0.0
长春,台州,0.0
长春,金华,0.0
长春,义乌,0.0
长春,温州,0.0
长春,合肥,0.0
长春,蚌埠,0.0
长春,芜湖,0.0
长春,安庆,0.0
长春,福州,0.0
长春,厦门,0.0
长春,泉州,0.0
长春,南昌,0.0
长春,鹰潭,0.0
长春,赣州,0.0
长春,济南,0.0
长春,潍坊,0.0
长春,烟台,0.0
长春,青岛,0.0
长春,济宁,0.0
长春,临沂,0.0
长春,郑州,0.0
长春,漯河,0.0
长春,信阳,0.0
长春,洛阳,0.0
长春,武汉,6137.722400000001
长春,荆州,0.0
长春,襄阳,0.0
长春,长沙,0.0
长春,常德,0.0
长春,衡阳,0.0
长春,广州,10603.091
长春,汕头,0.0
长春,深圳,0.0
长春,东莞,0.0
长春,湛江,0.0
长春,中山,0.0
长春,南宁,0.0
长春,柳州,0.0
长春,海口,0.0
长春,重庆,0.0
长春,成都,6005.82
长春,南充,0.0
长春,内江,0.0
长春,贵阳,0.0
长春,昆明,0.0
长春,大理州,0.0
长春,拉萨,0.0
长春,西安,7856.975800000001
长春,宝鸡,0.0
长春,兰州,0.0
长春,西宁,0.0
长春,银川,0.0
长春,乌鲁木齐,0.0
长春,阿克苏,0.0
长春,喀什,0.0
哈尔滨,北京,25916.0646
哈尔滨,天津,5853.126800000001
哈尔滨,石家庄,0.0
哈尔滨,唐山,0.0
哈尔滨,廊坊,0.0
哈尔滨,保定,0.0
哈尔滨,太原,0.0
哈尔滨,侯马,0.0
哈尔滨,呼和浩特,0.0
哈尔滨,包头,0.0
哈尔滨,沈阳,37393.8424
哈尔滨,大连,0.0
哈尔滨,锦州,0.0
哈尔滨,长春,8557.923200000001
哈尔滨,哈尔滨,0.0
哈尔滨,上海,19485.669200000004
哈尔滨,南京,0.0
哈尔滨,常州,0.0
哈尔滨,无锡,0.0
哈尔滨,苏州,0.0
哈尔滨,徐州,0.0
哈尔滨,连云港,0.0
哈尔滨,淮安,0.0
哈尔滨,盐城,0.0
哈尔滨,扬州,0.0
哈尔滨,南通,0.0
哈尔滨,杭州,0.0
哈尔滨,湖州,0.0
哈尔滨,嘉兴,0.0
哈尔滨,宁波,0.0
哈尔滨,台州,0.0
哈尔滨,金华,0.0
哈尔滨,义乌,0.0
哈尔滨,温州,0.0
哈尔滨,合肥,0.0
哈尔滨,蚌埠,0.0
哈尔滨,芜湖,0.0
哈尔滨,安庆,0.0
哈尔滨,福州,0.0
哈尔滨,厦门,0.0
哈尔滨,泉州,0.0
哈尔滨,南昌,0.0
哈尔滨,鹰潭,0.0
哈尔滨,赣州,0.0
哈尔滨,济南,4847.6508
哈尔滨,潍坊,0.0
哈尔滨,烟台,0.0
哈尔滨,青岛,0.0
哈尔滨,济宁,0.0
哈尔滨,临沂,0.0
哈尔滨,郑州,0.0
哈尔滨,漯河,0.0
哈尔滨,信阳,0.0
哈尔滨,洛阳,0.0
哈尔滨,武汉,9741.5516
哈尔滨,荆州,0.0
哈尔滨,襄阳,0.0
哈尔滨,长沙,0.0
哈尔滨,常德,0.0
哈尔滨,衡阳,0.0
哈尔滨,广州,17340.9058
哈尔滨,汕头,0.0
哈尔滨,深圳,0.0
哈尔滨,东莞,0.0
哈尔滨,湛江,0.0
哈尔滨,中山,0.0
哈尔滨,南宁,0.0
哈尔滨,柳州,0.0
哈尔滨,海口,0.0
哈尔滨,重庆,0.0
哈尔滨,成都,0.0
哈尔滨,南充,0.0
哈尔滨,内江,0.0
哈尔滨,贵阳,0.0
哈尔滨,昆明,0.0
哈尔滨,大理州,0.0
哈尔滨,拉萨,0.0
哈尔滨,西安,8711.6676
哈尔滨,宝鸡,0.0
哈尔滨,兰州,0.0
哈尔滨,西宁,0.0
哈尔滨,银川,0.0
哈尔滨,乌鲁木齐,0.0
哈尔滨,阿克苏,0.0
哈尔滨,喀什,0.0
上海,北京,13692.557
上海,天津,46462.7808
上海,石家庄,52163.244000000006
上海,唐山,30022.618800000004
上海,廊坊,20588.387600000002
上海,保定,37455.891800000005
上海,太原,52480.94960000001
上海,侯马,33431.816000000006
上海,呼和浩特,53440.927
上海,包头,14943.117
上海,沈阳,38013.639200000005
上海,大连,32030.2164
上海,锦州,24579.0582
上海,长春,56235.6472
上海,哈尔滨,56510.60620000001
上海,上海,0.0
上海,南京,43542.980800000005
上海,常州,40276.917
上海,无锡,35625.5888
上海,苏州,43803.6394
上海,徐州,37967.4484
上海,连云港,34805.207200000004
上海,淮安,29697.6788
上海,盐城,42326.636600000005
上海,扬州,38847.902
上海,南通,39700.057400000005
上海,杭州,32382.385800000004
上海,湖州,31654.3256
上海,嘉兴,41825.4902
上海,宁波,58403.91640000001
上海,台州,37877.6014
上海,金华,30610.979600000002
上海,义乌,22698.409600000003
上海,温州,46910.8222
上海,合肥,49799.52760000001
上海,蚌埠,44501.0316
上海,芜湖,42461.638
上海,安庆,34320.446
上海,福州,64205.04120000001
上海,厦门,0.0
上海,泉州,36046.5544
上海,南昌,56478.3762
上海,鹰潭,18765.4504
上海,赣州,30000.057800000002
上海,济南,56731.80040000001
上海,潍坊,34335.3164
上海,烟台,35560.781800000004
上海,青岛,56354.442
上海,济宁,31563.471800000003
上海,临沂,38605.297
上海,郑州,44643.39140000001
上海,漯河,37551.7138
上海,信阳,40422.1722
上海,洛阳,34647.41160000001
上海,武汉,9847.2832
上海,荆州,13617.461000000001
上海,襄阳,28556.442600000002
上海,长沙,39316.4686
上海,常德,29659.6126
上海,衡阳,37449.909400000004
上海,广州,22728.763000000003
上海,汕头,45441.3906
上海,深圳,64058.9032
上海,东莞,48875.514
上海,湛江,33075.843400000005
上海,中山,46894.3648
上海,南宁,58213.68260000001
上海,柳州,39422.3242
上海,海口,41076.3838
上海,重庆,56971.839400000004
上海,成都,17681.8516
上海,南充,40886.2046
上海,内江,7267.8886
上海,贵阳,57296.6554
上海,昆明,56732.34820000001
上海,大理州,20577.8062
上海,拉萨,9186.085200000001
上海,西安,11866.4042
上海,宝鸡,10458.990600000001
上海,兰州,50448.783
上海,西宁,9874.5422
上海,银川,38219.536400000005
上海,乌鲁木齐,47981.5068
上海,阿克苏,11809.1934
上海,喀什,0.0
南京,北京,11327.7422
南京,天津,6867.366800000001
南京,石家庄,0.0
南京,唐山,0.0
南京,廊坊,0.0
南京,保定,0.0
南京,太原,0.0
南京,侯马,0.0
南京,呼和浩特,0.0
南京,包头,0.0
南京,沈阳,8129.676
南京,大连,0.0
南京,锦州,0.0
南京,长春,0.0
南京,哈尔滨,0.0
南京,上海,200326.4982
南京,南京,0.0
南京,常州,8678.200400000002
南京,无锡,7905.6058
南京,苏州,15504.186400000002
南京,徐州,7379.9746000000005
南京,连云港,0.0
南京,淮安,0.0
南京,盐城,0.0
南京,扬州,0.0
南京,南通,5560.786
南京,杭州,9685.7168
南京,湖州,0.0
南京,嘉兴,0.0
南京,宁波,0.0
南京,台州,0.0
南京,金华,3386.4826000000003
南京,义乌,0.0
南京,温州,0.0
南京,合肥,8277.6934
南京,蚌埠,0.0
南京,芜湖,0.0
南京,安庆,0.0
南京,福州,0.0
南京,厦门,0.0
南京,泉州,0.0
南京,南昌,0.0
南京,鹰潭,0.0
南京,赣州,0.0
南京,济南,9262.386
南京,潍坊,0.0
南京,烟台,0.0
南京,青岛,0.0
南京,济宁,0.0
南京,临沂,0.0
南京,郑州,8061.653400000001
南京,漯河,0.0
南京,信阳,0.0
南京,洛阳,0.0
南京,武汉,10530.6776
南京,荆州,0.0
南京,襄阳,0.0
南京,长沙,8178.422600000001
南京,常德,0.0
南京,衡阳,0.0
南京,广州,19062.7696
南京,汕头,0.0
南京,深圳,0.0
南京,东莞,0.0
南京,湛江,0.0
南京,中山,0.0
南京,南宁,0.0
南京,柳州,0.0
南京,海口,0.0
南京,重庆,0.0
南京,成都,12312.960400000002
南京,南充,0.0
南京,内江,0.0
南京,贵阳,6446.2698
南京,昆明,0.0
南京,大理州,0.0
南京,拉萨,0.0
南京,西安,8663.0052
南京,宝鸡,0.0
南京,兰州,0.0
南京,西宁,0.0
南京,银川,0.0
南京,乌鲁木齐,0.0
南京,阿克苏,0.0
南京,喀什,0.0
常州,北京,6807.637200000001
常州,天津,7115.056600000001
常州,石家庄,8527.0294
常州,唐山,0.0
常州,廊坊,0.0
常州,保定,0.0
常州,太原,0.0
常州,侯马,0.0
常州,呼和浩特,0.0
常州,包头,0.0
常州,沈阳,9158.0526
常州,大连,0.0
常州,锦州,0.0
常州,长春,0.0
常州,哈尔滨,7379.518400000001
常州,上海,187221.26
常州,南京,6882.5694
常州,常州,0.0
常州,无锡,0.0
常州,苏州,7722.7924
常州,徐州,5969.4546
常州,连云港,0.0
常州,淮安,0.0
常州,盐城,0.0
常州,扬州,0.0
常州,南通,0.0
常州,杭州,6598.963000000001
常州,湖州,0.0
常州,嘉兴,0.0
常州,宁波,0.0
常州,台州,0.0
常州,金华,0.0
常州,义乌,0.0
常州,温州,0.0
常州,合肥,0.0
常州,蚌埠,0.0
常州,芜湖,0.0
常州,安庆,0.0
常州,福州,0.0
常州,厦门,0.0
常州,泉州,0.0
常州,南昌,0.0
常州,鹰潭,0.0
常州,赣州,0.0
常州,济南,10248.9876
常州,潍坊,0.0
常州,烟台,0.0
常州,青岛,0.0
常州,济宁,0.0
常州,临沂,0.0
常州,郑州,10029.261
常州,漯河,0.0
常州,信阳,0.0
常州,洛阳,0.0
常州,武汉,9375.3446
常州,荆州,0.0
常州,襄阳,0.0
常州,长沙,7275.3784000000005
常州,常德,0.0
常州,衡阳,0.0
常州,广州,18640.366
常州,汕头,0.0
常州,深圳,0.0
常州,东莞,0.0
常州,湛江,0.0
常州,中山,0.0
常州,南宁,0.0
常州,柳州,0.0
常州,海口,0.0
常州,重庆,0.0
常州,成都,9690.7248
常州,南充,0.0
常州,内江,0.0
常州,贵阳,0.0
常州,昆明,0.0
常州,大理州,0.0
常州,拉萨,0.0
常州,西安,9045.032
常州,宝鸡,0.0
常州,兰州,0.0
常州,西宁,0.0
常州,银川,0.0
常州,乌鲁木齐,0.0
常州,阿克苏,0.0
常州,喀什,0.0
无锡,北京,5306.9898
无锡,天津,0.0
无锡,石家庄,0.0
无锡,唐山,0.0
无锡,廊坊,0.0
无锡,保定,0.0
无锡,太原,0.0
无锡,侯马,0.0
无锡,呼和浩特,0.0
无锡,包头,0.0
无锡,沈阳,4931.4164
无锡,大连,0.0
无锡,锦州,0.0
无锡,长春,0.0
无锡,哈尔滨,0.0
无锡,上海,113296.263
无锡,南京,6469.5026
无锡,常州,0.0
无锡,无锡,0.0
无锡,苏州,6751.725600000001
无锡,徐州,3305.9002
无锡,连云港,0.0
无锡,淮安,0.0
无锡,盐城,0.0
无锡,扬州,0.0
无锡,南通,0.0
无锡,杭州,0.0
无锡,湖州,0.0
无锡,嘉兴,0.0
无锡,宁波,0.0
无锡,台州,0.0
无锡,金华,0.0
无锡,义乌,0.0
无锡,温州,0.0
无锡,合肥,0.0
无锡,蚌埠,0.0
无锡,芜湖,0.0
无锡,安庆,0.0
无锡,福州,0.0
无锡,厦门,0.0
无锡,泉州,0.0
无锡,南昌,0.0
无锡,鹰潭,0.0
无锡,赣州,0.0
无锡,济南,0.0
无锡,潍坊,0.0
无锡,烟台,0.0
无锡,青岛,0.0
无锡,济宁,0.0
无锡,临沂,0.0
无锡,郑州,0.0
无锡,漯河,0.0
无锡,信阳,0.0
无锡,洛阳,0.0
无锡,武汉,4320.457600000001
无锡,荆州,0.0
无锡,襄阳,0.0
无锡,长沙,0.0
无锡,常德,0.0
无锡,衡阳,0.0
无锡,广州,6368.06
无锡,汕头,0.0
无锡,深圳,0.0
无锡,东莞,0.0
无锡,湛江,0.0
无锡,中山,0.0
无锡,南宁,0.0
无锡,柳州,0.0
无锡,海口,0.0
无锡,重庆,0.0
无锡,成都,4145.5976
无锡,南充,0.0
无锡,内江,0.0
无锡,贵阳,0.0
无锡,昆明,0.0
无锡,大理州,0.0
无锡,拉萨,0.0
无锡,西安,4086.5870000000004
无锡,宝鸡,0.0
无锡,兰州,0.0
无锡,西宁,0.0
无锡,银川,0.0
无锡,乌鲁木齐,0.0
无锡,阿克苏,0.0
无锡,喀什,0.0
苏州,北京,5099.104
苏州,天津,0.0
苏州,石家庄,0.0
苏州,唐山,0.0
苏州,廊坊,0.0
苏州,保定,0.0
苏州,太原,0.0
苏州,侯马,0.0
苏州,呼和浩特,0.0
苏州,包头,0.0
苏州,沈阳,4934.1138
苏州,大连,0.0
苏州,锦州,0.0
苏州,长春,0.0
苏州,哈尔滨,0.0
苏州,上海,146458.9118
苏州,南京,7723.5882
苏州,常州,4751.293000000001
苏州,无锡,4594.3256
苏州,苏州,0.0
苏州,徐州,4550.579600000001
苏州,连云港,0.0
苏州,淮安,0.0
苏州,盐城,0.0
苏州,扬州,0.0
苏州,南通,3266.954
苏州,杭州,7147.626200000001
苏州,湖州,0.0
苏州,嘉兴,0.0
苏州,宁波,0.0
苏州,台州,0.0
苏州,金华,0.0
苏州,义乌,0.0
苏州,温州,0.0
苏州,合肥,4600.246
苏州,蚌埠,0.0
苏州,芜湖,0.0
苏州,安庆,0.0
苏州,福州,0.0
苏州,厦门,0.0
苏州,泉州,0.0
苏州,南昌,0.0
苏州,鹰潭,0.0
苏州,赣州,0.0
苏州,济南,0.0
苏州,潍坊,0.0
苏州,烟台,0.0
苏州,青岛,0.0
苏州,济宁,0.0
苏州,临沂,0.0
苏州,郑州,4853.129800000001
苏州,漯河,0.0
苏州,信阳,0.0
苏州,洛阳,0.0
苏州,武汉,6517.7236
苏州,荆州,0.0
苏州,襄阳,0.0
苏州,长沙,5202.8498
苏州,常德,0.0
苏州,衡阳,0.0
苏州,广州,11424.9948
苏州,汕头,0.0
苏州,深圳,0.0
苏州,东莞,0.0
苏州,湛江,0.0
苏州,中山,0.0
苏州,南宁,0.0
苏州,柳州,0.0
苏州,海口,0.0
苏州,重庆,0.0
苏州,成都,6906.127
苏州,南充,0.0
苏州,内江,0.0
苏州,贵阳,0.0
苏州,昆明,0.0
苏州,大理州,0.0
苏州,拉萨,0.0
苏州,西安,6092.414400000001
苏州,宝鸡,0.0
苏州,兰州,0.0
苏州,西宁,0.0
苏州,银川,0.0
苏州,乌鲁木齐,0.0
苏州,阿克苏,0.0
苏州,喀什,0.0
徐州,北京,16120.386400000001
徐州,天津,12392.6776
徐州,石家庄,12617.5362
徐州,唐山,0.0
徐州,廊坊,0.0
徐州,保定,0.0
徐州,太原,8462.4778
徐州,侯马,0.0
徐州,呼和浩特,0.0
徐州,包头,0.0
徐州,沈阳,0.0
徐州,大连,0.0
徐州,锦州,0.0
徐州,长春,9950.3646
徐州,哈尔滨,10669.606200000002
徐州,上海,184444.1512
徐州,南京,12032.3688
徐州,常州,7118.202800000001
徐州,无锡,6593.622800000001
徐州,苏州,14185.487200000001
徐州,徐州,0.0
徐州,连云港,0.0
徐州,淮安,0.0
徐州,盐城,0.0
徐州,扬州,0.0
徐州,南通,0.0
徐州,杭州,11088.2686
徐州,湖州,0.0
徐州,嘉兴,0.0
徐州,宁波,0.0
徐州,台州,0.0
徐州,金华,4213.5434000000005
徐州,义乌,0.0
徐州,温州,0.0
徐州,合肥,10749.4696
徐州,蚌埠,0.0
徐州,芜湖,0.0
徐州,安庆,0.0
徐州,福州,10141.409
徐州,厦门,6872.7542
徐州,泉州,0.0
徐州,南昌,10901.5678
徐州,鹰潭,0.0
徐州,赣州,0.0
徐州,济南,18292.9816
徐州,潍坊,0.0
徐州,烟台,0.0
徐州,青岛,8578.327200000002
徐州,济宁,0.0
徐州,临沂,0.0
徐州,郑州,16177.163200000003
徐州,漯河,6440.604800000001
徐州,信阳,7213.856400000001
徐州,洛阳,0.0
徐州,武汉,17781.0308
徐州,荆州,0.0
徐州,襄阳,0.0
徐州,长沙,15595.481600000003
徐州,常德,0.0
徐州,衡阳,0.0
徐州,广州,28026.5798
徐州,汕头,0.0
徐州,深圳,11365.8852
徐州,东莞,8023.024600000001
徐州,湛江,0.0
徐州,中山,7631.4676
徐州,南宁,9885.0394
徐州,柳州,0.0
徐州,海口,6890.384000000001
徐州,重庆,9702.087200000002
徐州,成都,18101.4116
徐州,南充,0.0
徐州,内江,0.0
徐州,贵阳,12192.165
徐州,昆明,8380.1798
徐州,大理州,0.0
徐州,拉萨,0.0
徐州,西安,17997.008800000003
徐州,宝鸡,0.0
徐州,兰州,6951.829200000001
徐州,西宁,0.0
徐州,银川,0.0
徐州,乌鲁木齐,0.0
徐州,阿克苏,0.0
徐州,喀什,0.0
连云港,北京,3545.9540000000006
连云港,天津,0.0
连云港,石家庄,0.0
连云港,唐山,0.0
连云港,廊坊,0.0
连云港,保定,0.0
连云港,太原,0.0
连云港,侯马,0.0
连云港,呼和浩特,0.0
连云港,包头,0.0
连云港,沈阳,0.0
连云港,大连,0.0
连云港,锦州,0.0
连云港,长春,0.0
连云港,哈尔滨,0.0
连云港,上海,78507.5798
连云港,南京,0.0
连云港,常州,0.0
连云港,无锡,0.0
连云港,苏州,0.0
连云港,徐州,0.0
连云港,连云港,0.0
连云港,淮安,0.0
连云港,盐城,0.0
连云港,扬州,0.0
连云港,南通,0.0
连云港,杭州,0.0
连云港,湖州,0.0
连云港,嘉兴,0.0
连云港,宁波,0.0
连云港,台州,0.0
连云港,金华,0.0
连云港,义乌,0.0
连云港,温州,0.0
连云港,合肥,0.0
连云港,蚌埠,0.0
连云港,芜湖,0.0
连云港,安庆,0.0
连云港,福州,0.0
连云港,厦门,0.0
连云港,泉州,0.0
连云港,南昌,0.0
连云港,鹰潭,0.0
连云港,赣州,0.0
连云港,济南,0.0
连云港,潍坊,0.0
连云港,烟台,0.0
连云港,青岛,0.0
连云港,济宁,0.0
连云港,临沂,0.0
连云港,郑州,0.0
连云港,漯河,0.0
连云港,信阳,0.0
连云港,洛阳,0.0
连云港,武汉,2181.808
连云港,荆州,0.0
连云港,襄阳,0.0
连云港,长沙,0.0
连云港,常德,0.0
连云港,衡阳,0.0
连云港,广州,4707.8098
连云港,汕头,0.0
连云港,深圳,0.0
连云港,东莞,0.0
连云港,湛江,0.0
连云港,中山,0.0
连云港,南宁,0.0
连云港,柳州,0.0
连云港,海口,0.0
连云港,重庆,0.0
连云港,成都,0.0
连云港,南充,0.0
连云港,内江,0.0
连云港,贵阳,0.0
连云港,昆明,0.0
连云港,大理州,0.0
连云港,拉萨,0.0
连云港,西安,0.0
连云港,宝鸡,0.0
连云港,兰州,0.0
连云港,西宁,0.0
连云港,银川,0.0
连云港,乌鲁木齐,0.0
连云港,阿克苏,0.0
连云港,喀什,0.0
淮安,北京,0.0
淮安,天津,0.0
淮安,石家庄,0.0
淮安,唐山,0.0
淮安,廊坊,0.0
淮安,保定,0.0
淮安,太原,0.0
淮安,侯马,0.0
淮安,呼和浩特,0.0
淮安,包头,0.0
淮安,沈阳,0.0
淮安,大连,0.0
淮安,锦州,0.0
淮安,长春,0.0
淮安,哈尔滨,0.0
淮安,上海,62574.40320000001
淮安,南京,0.0
淮安,常州,0.0
淮安,无锡,0.0
淮安,苏州,0.0
淮安,徐州,0.0
淮安,连云港,0.0
淮安,淮安,0.0
淮安,盐城,0.0
淮安,扬州,0.0
淮安,南通,0.0
淮安,杭州,0.0
淮安,湖州,0.0
淮安,嘉兴,0.0
淮安,宁波,0.0
淮安,台州,0.0
淮安,金华,0.0
淮安,义乌,0.0
淮安,温州,0.0
淮安,合肥,0.0
淮安,蚌埠,0.0
淮安,芜湖,0.0
淮安,安庆,0.0
淮安,福州,0.0
淮安,厦门,0.0
淮安,泉州,0.0
淮安,南昌,0.0
淮安,鹰潭,0.0
淮安,赣州,0.0
淮安,济南,0.0
淮安,潍坊,0.0
淮安,烟台,0.0
淮安,青岛,0.0
淮安,济宁,0.0
淮安,临沂,0.0
淮安,郑州,0.0
淮安,漯河,0.0
淮安,信阳,0.0
淮安,洛阳,0.0
淮安,武汉,1553.2814
淮安,荆州,0.0
淮安,襄阳,0.0
淮安,长沙,0.0
淮安,常德,0.0
淮安,衡阳,0.0
淮安,广州,0.0
淮安,汕头,0.0
淮安,深圳,0.0
淮安,东莞,0.0
淮安,湛江,0.0
淮安,中山,0.0
淮安,南宁,0.0
淮安,柳州,0.0
淮安,海口,0.0
淮安,重庆,0.0
淮安,成都,0.0
淮安,南充,0.0
淮安,内江,0.0
淮安,贵阳,0.0
淮安,昆明,0.0
淮安,大理州,0.0
淮安,拉萨,0.0
淮安,西安,0.0
淮安,宝鸡,0.0
淮安,兰州,0.0
淮安,西宁,0.0
淮安,银川,0.0
淮安,乌鲁木齐,0.0
淮安,阿克苏,0.0
淮安,喀什,0.0
盐城,北京,1378.6222000000002
盐城,天津,0.0
盐城,石家庄,0.0
盐城,唐山,0.0
盐城,廊坊,0.0
盐城,保定,0.0
盐城,太原,0.0
盐城,侯马,0.0
盐城,呼和浩特,0.0
盐城,包头,0.0
盐城,沈阳,0.0
盐城,大连,0.0
盐城,锦州,0.0
盐城,长春,0.0
盐城,哈尔滨,0.0
盐城,上海,70014.5552
盐城,南京,0.0
盐城,常州,0.0
盐城,无锡,0.0
盐城,苏州,0.0
盐城,徐州,0.0
盐城,连云港,0.0
盐城,淮安,0.0
盐城,盐城,0.0
盐城,扬州,0.0
盐城,南通,0.0
盐城,杭州,0.0
盐城,湖州,0.0
盐城,嘉兴,0.0
盐城,宁波,0.0
盐城,台州,0.0
盐城,金华,0.0
盐城,义乌,0.0
盐城,温州,0.0
盐城,合肥,0.0
盐城,蚌埠,0.0
盐城,芜湖,0.0
盐城,安庆,0.0
盐城,福州,0.0
盐城,厦门,0.0
盐城,泉州,0.0
盐城,南昌,0.0
盐城,鹰潭,0.0
盐城,赣州,0.0
盐城,济南,0.0
盐城,潍坊,0.0
盐城,烟台,0.0
盐城,青岛,0.0
盐城,济宁,0.0
盐城,临沂,0.0
盐城,郑州,0.0
盐城,漯河,0.0
盐城,信阳,0.0
盐城,洛阳,0.0
盐城,武汉,1663.1484
盐城,荆州,0.0
盐城,襄阳,0.0
盐城,长沙,0.0
盐城,常德,0.0
盐城,衡阳,0.0
盐城,广州,4436.84
盐城,汕头,0.0
盐城,深圳,0.0
盐城,东莞,0.0
盐城,湛江,0.0
盐城,中山,0.0
盐城,南宁,0.0
盐城,柳州,0.0
盐城,海口,0.0
盐城,重庆,0.0
盐城,成都,0.0
盐城,南充,0.0
盐城,内江,0.0
盐城,贵阳,0.0
盐城,昆明,0.0
盐城,大理州,0.0
盐城,拉萨,0.0
盐城,西安,1648.873
盐城,宝鸡,0.0
盐城,兰州,0.0
盐城,西宁,0.0
盐城,银川,0.0
盐城,乌鲁木齐,0.0
盐城,阿克苏,0.0
盐城,喀什,0.0
扬州,北京,1950.9596000000001
扬州,天津,0.0
扬州,石家庄,0.0
扬州,唐山,0.0
扬州,廊坊,0.0
扬州,保定,0.0
扬州,太原,0.0
扬州,侯马,0.0
扬州,呼和浩特,0.0
扬州,包头,0.0
扬州,沈阳,0.0
扬州,大连,0.0
扬州,锦州,0.0
扬州,长春,0.0
扬州,哈尔滨,0.0
扬州,上海,95971.4186
扬州,南京,0.0
扬州,常州,0.0
扬州,无锡,0.0
扬州,苏州,0.0
扬州,徐州,0.0
扬州,连云港,0.0
扬州,淮安,0.0
扬州,盐城,0.0
扬州,扬州,0.0
扬州,南通,0.0
扬州,杭州,0.0
扬州,湖州,0.0
扬州,嘉兴,0.0
扬州,宁波,0.0
扬州,台州,0.0
扬州,金华,0.0
扬州,义乌,0.0
扬州,温州,0.0
扬州,合肥,0.0
扬州,蚌埠,0.0
扬州,芜湖,0.0
扬州,安庆,0.0
扬州,福州,0.0
扬州,厦门,0.0
扬州,泉州,0.0
扬州,南昌,0.0
扬州,鹰潭,0.0
扬州,赣州,0.0
扬州,济南,0.0
扬州,潍坊,0.0
扬州,烟台,0.0
扬州,青岛,0.0
扬州,济宁,0.0
扬州,临沂,0.0
扬州,郑州,0.0
扬州,漯河,0.0
扬州,信阳,0.0
扬州,洛阳,0.0
扬州,武汉,2929.2682
扬州,荆州,0.0
扬州,襄阳,0.0
扬州,长沙,0.0
扬州,常德,0.0
扬州,衡阳,0.0
扬州,广州,5759.791200000001
扬州,汕头,0.0
扬州,深圳,0.0
扬州,东莞,0.0
扬州,湛江,0.0
扬州,中山,0.0
扬州,南宁,0.0
扬州,柳州,0.0
扬州,海口,0.0
扬州,重庆,0.0
扬州,成都,3741.0718
扬州,南充,0.0
扬州,内江,0.0
扬州,贵阳,0.0
扬州,昆明,0.0
扬州,大理州,0.0
扬州,拉萨,0.0
扬州,西安,3072.6172
扬州,宝鸡,0.0
扬州,兰州,0.0
扬州,西宁,0.0
扬州,银川,0.0
扬州,乌鲁木齐,0.0
扬州,阿克苏,0.0
扬州,喀什,0.0
南通,北京,3696.1978000000004
南通,天津,0.0
南通,石家庄,0.0
南通,唐山,0.0
南通,廊坊,0.0
南通,保定,0.0
南通,太原,0.0
南通,侯马,0.0
南通,呼和浩特,0.0
南通,包头,0.0
南通,沈阳,4625.0334
南通,大连,0.0
南通,锦州,0.0
南通,长春,0.0
南通,哈尔滨,0.0
南通,上海,192287.35780000003
南通,南京,8126.306800000001
南通,常州,0.0
南通,无锡,0.0
南通,苏州,9727.608400000001
南通,徐州,0.0
南通,连云港,0.0
南通,淮安,0.0
南通,盐城,0.0
南通,扬州,0.0
南通,南通,0.0
南通,杭州,7720.2736
南通,湖州,0.0
南通,嘉兴,0.0
南通,宁波,0.0
南通,台州,0.0
南通,金华,0.0
南通,义乌,0.0
南通,温州,0.0
南通,合肥,0.0
南通,蚌埠,0.0
南通,芜湖,0.0
南通,安庆,0.0
南通,福州,0.0
南通,厦门,0.0
南通,泉州,0.0
南通,南昌,0.0
南通,鹰潭,0.0
南通,赣州,0.0
南通,济南,6791.175200000001
南通,潍坊,0.0
南通,烟台,0.0
南通,青岛,0.0
南通,济宁,0.0
南通,临沂,0.0
南通,郑州,0.0
南通,漯河,0.0
南通,信阳,0.0
南通,洛阳,0.0
南通,武汉,6610.1320000000005
南通,荆州,0.0
南通,襄阳,0.0
南通,长沙,0.0
南通,常德,0.0
南通,衡阳,0.0
南通,广州,16733.115400000002
南通,汕头,0.0
南通,深圳,0.0
南通,东莞,0.0
南通,湛江,0.0
南通,中山,0.0
南通,南宁,0.0
南通,柳州,0.0
南通,海口,0.0
南通,重庆,0.0
南通,成都,6307.976000000001
南通,南充,0.0
南通,内江,0.0
南通,贵阳,0.0
南通,昆明,0.0
南通,大理州,0.0
南通,拉萨,0.0
南通,西安,6053.778200000001
南通,宝鸡,0.0
南通,兰州,0.0
南通,西宁,0.0
南通,银川,0.0
南通,乌鲁木齐,0.0
南通,阿克苏,0.0
南通,喀什,0.0
杭州,北京,9775.6554
杭州,天津,6536.9052
杭州,石家庄,6735.6476
杭州,唐山,0.0
杭州,廊坊,0.0
杭州,保定,0.0
杭州,太原,0.0
杭州,侯马,0.0
杭州,呼和浩特,0.0
杭州,包头,0.0
杭州,沈阳,8058.2268
杭州,大连,0.0
杭州,锦州,0.0
杭州,长春,0.0
杭州,哈尔滨,7239.838400000001
杭州,上海,163869.47120000003
杭州,南京,6744.0026
杭州,常州,3782.8070000000002
杭州,无锡,0.0
杭州,苏州,7406.343400000001
杭州,徐州,5263.2734
杭州,连云港,0.0
杭州,淮安,0.0
杭州,盐城,0.0
杭州,扬州,0.0
杭州,南通,0.0
杭州,杭州,0.0
杭州,湖州,0.0
杭州,嘉兴,0.0
杭州,宁波,9596.5212
杭州,台州,4749.1508
杭州,金华,6923.669800000001
杭州,义乌,0.0
杭州,温州,7883.3668
杭州,合肥,6511.1832
杭州,蚌埠,0.0
杭州,芜湖,0.0
杭州,安庆,0.0
杭州,福州,6796.9614
杭州,厦门,0.0
杭州,泉州,0.0
杭州,南昌,6824.461
杭州,鹰潭,0.0
杭州,赣州,0.0
杭州,济南,12079.642200000002
杭州,潍坊,0.0
杭州,烟台,0.0
杭州,青岛,0.0
杭州,济宁,0.0
杭州,临沂,0.0
杭州,郑州,10770.4186
杭州,漯河,0.0
杭州,信阳,0.0
杭州,洛阳,0.0
杭州,武汉,9925.914
杭州,荆州,0.0
杭州,襄阳,0.0
杭州,长沙,9135.682200000001
杭州,常德,0.0
杭州,衡阳,0.0
杭州,广州,21564.913
杭州,汕头,0.0
杭州,深圳,6613.4142
杭州,东莞,0.0
杭州,湛江,0.0
杭州,中山,0.0
杭州,南宁,6478.1574
杭州,柳州,0.0
杭州,海口,0.0
杭州,重庆,0.0
杭州,成都,10419.8408
杭州,南充,0.0
杭州,内江,0.0
杭州,贵阳,7459.039400000001
杭州,昆明,0.0
杭州,大理州,0.0
杭州,拉萨,0.0
杭州,西安,10044.5922
杭州,宝鸡,0.0
杭州,兰州,0.0
杭州,西宁,0.0
杭州,银川,0.0
杭州,乌鲁木齐,0.0
杭州,阿克苏,0.0
杭州,喀什,0.0
湖州,北京,2825.4752
湖州,天津,0.0
湖州,石家庄,0.0
湖州,唐山,0.0
湖州,廊坊,0.0
湖州,保定,0.0
湖州,太原,0.0
湖州,侯马,0.0
湖州,呼和浩特,0.0
湖州,包头,0.0
湖州,沈阳,3035.927
湖州,大连,0.0
湖州,锦州,0.0
湖州,长春,0.0
湖州,哈尔滨,0.0
湖州,上海,116040.01000000001
湖州,南京,0.0
湖州,常州,0.0
湖州,无锡,0.0
湖州,苏州,0.0
湖州,徐州,0.0
湖州,连云港,0.0
湖州,淮安,0.0
湖州,盐城,0.0
湖州,扬州,0.0
湖州,南通,0.0
湖州,杭州,0.0
湖州,湖州,0.0
湖州,嘉兴,0.0
湖州,宁波,0.0
湖州,台州,0.0
湖州,金华,0.0
湖州,义乌,0.0
湖州,温州,0.0
湖州,合肥,0.0
湖州,蚌埠,0.0
湖州,芜湖,0.0
湖州,安庆,0.0
湖州,福州,0.0
湖州,厦门,0.0
湖州,泉州,0.0
湖州,南昌,0.0
湖州,鹰潭,0.0
湖州,赣州,0.0
湖州,济南,0.0
湖州,潍坊,0.0
湖州,烟台,0.0
湖州,青岛,0.0
湖州,济宁,0.0
湖州,临沂,0.0
湖州,郑州,0.0
湖州,漯河,0.0
湖州,信阳,0.0
湖州,洛阳,0.0
湖州,武汉,3080.7936
湖州,荆州,0.0
湖州,襄阳,0.0
湖州,长沙,0.0
湖州,常德,0.0
湖州,衡阳,0.0
湖州,广州,8731.4812
湖州,汕头,0.0
湖州,深圳,0.0
湖州,东莞,0.0
湖州,湛江,0.0
湖州,中山,0.0
湖州,南宁,0.0
湖州,柳州,0.0
湖州,海口,0.0
湖州,重庆,0.0
湖州,成都,4792.4331999999995
湖州,南充,0.0
湖州,内江,0.0
湖州,贵阳,0.0
湖州,昆明,0.0
湖州,大理州,0.0
湖州,拉萨,0.0
湖州,西安,5628.32
湖州,宝鸡,0.0
湖州,兰州,0.0
湖州,西宁,0.0
湖州,银川,0.0
湖州,乌鲁木齐,0.0
湖州,阿克苏,0.0
湖州,喀什,0.0
嘉兴,北京,2094.3854
嘉兴,天津,0.0
嘉兴,石家庄,0.0
嘉兴,唐山,0.0
嘉兴,廊坊,0.0
嘉兴,保定,0.0
嘉兴,太原,0.0
嘉兴,侯马,0.0
嘉兴,呼和浩特,0.0
嘉兴,包头,0.0
嘉兴,沈阳,0.0
嘉兴,大连,0.0
嘉兴,锦州,0.0
嘉兴,长春,0.0
嘉兴,哈尔滨,0.0
嘉兴,上海,104185.4994
嘉兴,南京,0.0
嘉兴,常州,0.0
嘉兴,无锡,0.0
嘉兴,苏州,0.0
嘉兴,徐州,0.0
嘉兴,连云港,0.0
嘉兴,淮安,0.0
嘉兴,盐城,0.0
嘉兴,扬州,0.0
嘉兴,南通,0.0
嘉兴,杭州,0.0
嘉兴,湖州,0.0
嘉兴,嘉兴,0.0
嘉兴,宁波,0.0
嘉兴,台州,0.0
嘉兴,金华,0.0
嘉兴,义乌,0.0
嘉兴,温州,0.0
嘉兴,合肥,0.0
嘉兴,蚌埠,0.0
嘉兴,芜湖,0.0
嘉兴,安庆,0.0
嘉兴,福州,0.0
嘉兴,厦门,0.0
嘉兴,泉州,0.0
嘉兴,南昌,0.0
嘉兴,鹰潭,0.0
嘉兴,赣州,0.0
嘉兴,济南,0.0
嘉兴,潍坊,0.0
嘉兴,烟台,0.0
嘉兴,青岛,0.0
嘉兴,济宁,0.0
嘉兴,临沂,0.0
嘉兴,郑州,0.0
嘉兴,漯河,0.0
嘉兴,信阳,0.0
嘉兴,洛阳,0.0
嘉兴,武汉,3626.5586000000003
嘉兴,荆州,0.0
嘉兴,襄阳,0.0
嘉兴,长沙,0.0
嘉兴,常德,0.0
嘉兴,衡阳,0.0
嘉兴,广州,6694.5222
嘉兴,汕头,0.0
嘉兴,深圳,0.0
嘉兴,东莞,0.0
嘉兴,湛江,0.0
嘉兴,中山,0.0
嘉兴,南宁,0.0
嘉兴,柳州,0.0
嘉兴,海口,0.0
嘉兴,重庆,0.0
嘉兴,成都,3236.1148000000003
嘉兴,南充,0.0
嘉兴,内江,0.0
嘉兴,贵阳,0.0
嘉兴,昆明,0.0
嘉兴,大理州,0.0
嘉兴,拉萨,0.0
嘉兴,西安,2935.9298
嘉兴,宝鸡,0.0
嘉兴,兰州,0.0
嘉兴,西宁,0.0
嘉兴,银川,0.0
嘉兴,乌鲁木齐,0.0
嘉兴,阿克苏,0.0
嘉兴,喀什,0.0
宁波,北京,4682.1498
宁波,天津,0.0
宁波,石家庄,0.0
宁波,唐山,0.0
宁波,廊坊,0.0
宁波,保定,0.0
宁波,太原,0.0
宁波,侯马,0.0
宁波,呼和浩特,0.0
宁波,包头,0.0
宁波,沈阳,6430.425000000001
宁波,大连,0.0
宁波,锦州,0.0
宁波,长春,0.0
宁波,哈尔滨,0.0
宁波,上海,194959.8666
宁波,南京,0.0
宁波,常州,0.0
宁波,无锡,0.0
宁波,苏州,0.0
宁波,徐州,0.0
宁波,连云港,0.0
宁波,淮安,0.0
宁波,盐城,0.0
宁波,扬州,0.0
宁波,南通,0.0
宁波,杭州,10551.877400000001
宁波,湖州,0.0
宁波,嘉兴,0.0
宁波,宁波,0.0
宁波,台州,0.0
宁波,金华,3799.3634
宁波,义乌,0.0
宁波,温州,0.0
宁波,合肥,0.0
宁波,蚌埠,0.0
宁波,芜湖,0.0
宁波,安庆,0.0
宁波,福州,0.0
宁波,厦门,0.0
宁波,泉州,0.0
宁波,南昌,0.0
宁波,鹰潭,0.0
宁波,赣州,0.0
宁波,济南,9250.2278
宁波,潍坊,0.0
宁波,烟台,0.0
宁波,青岛,0.0
宁波,济宁,0.0
宁波,临沂,0.0
宁波,郑州,8079.2286
宁波,漯河,0.0
宁波,信阳,0.0
宁波,洛阳,0.0
宁波,武汉,8397.1748
宁波,荆州,0.0
宁波,襄阳,0.0
宁波,长沙,8144.291000000001
宁波,常德,0.0
宁波,衡阳,0.0
宁波,广州,18730.771
宁波,汕头,0.0
宁波,深圳,0.0
宁波,东莞,0.0
宁波,湛江,0.0
宁波,中山,0.0
宁波,南宁,0.0
宁波,柳州,0.0
宁波,海口,0.0
宁波,重庆,0.0
宁波,成都,8975.3706
宁波,南充,0.0
宁波,内江,0.0
宁波,贵阳,0.0
宁波,昆明,0.0
宁波,大理州,0.0
宁波,拉萨,0.0
宁波,西安,7988.707
宁波,宝鸡,0.0
宁波,兰州,0.0
宁波,西宁,0.0
宁波,银川,0.0
宁波,乌鲁木齐,0.0
宁波,阿克苏,0.0
宁波,喀什,0.0
台州,北京,3828.7174000000005
台州,天津,0.0
台州,石家庄,0.0
台州,唐山,0.0
台州,廊坊,0.0
台州,保定,0.0
台州,太原,0.0
台州,侯马,0.0
台州,呼和浩特,0.0
台州,包头,0.0
台州,沈阳,5271.551600000001
台州,大连,0.0
台州,锦州,0.0
台州,长春,0.0
台州,哈尔滨,0.0
台州,上海,183496.8146
台州,南京,0.0
台州,常州,0.0
台州,无锡,0.0
台州,苏州,0.0
台州,徐州,0.0
台州,连云港,0.0
台州,淮安,0.0
台州,盐城,0.0
台州,扬州,0.0
台州,南通,0.0
台州,杭州,7774.4048
台州,湖州,0.0
台州,嘉兴,0.0
台州,宁波,0.0
台州,台州,0.0
台州,金华,3582.8746
台州,义乌,0.0
台州,温州,0.0
台州,合肥,0.0
台州,蚌埠,0.0
台州,芜湖,0.0
台州,安庆,0.0
台州,福州,0.0
台州,厦门,0.0
台州,泉州,0.0
台州,南昌,0.0
台州,鹰潭,0.0
台州,赣州,0.0
台州,济南,8609.0396
台州,潍坊,0.0
台州,烟台,0.0
台州,青岛,0.0
台州,济宁,0.0
台州,临沂,0.0
台州,郑州,7053.3162
台州,漯河,0.0
台州,信阳,0.0
台州,洛阳,0.0
台州,武汉,7041.6068000000005
台州,荆州,0.0
台州,襄阳,0.0
台州,长沙,7177.126400000001
台州,常德,0.0
台州,衡阳,0.0
台州,广州,18329.2794
台州,汕头,0.0
台州,深圳,0.0
台州,东莞,0.0
台州,湛江,0.0
台州,中山,0.0
台州,南宁,0.0
台州,柳州,0.0
台州,海口,0.0
台州,重庆,0.0
台州,成都,7665.001400000001
台州,南充,0.0
台州,内江,0.0
台州,贵阳,0.0
台州,昆明,0.0
台州,大理州,0.0
台州,拉萨,0.0
台州,西安,7171.0746
台州,宝鸡,0.0
台州,兰州,0.0
台州,西宁,0.0
台州,银川,0.0
台州,乌鲁木齐,0.0
台州,阿克苏,0.0
台州,喀什,0.0
金华,北京,22843.9378
金华,天津,13919.617
金华,石家庄,15214.952000000001
金华,唐山,0.0
金华,廊坊,0.0
金华,保定,0.0
金华,太原,11521.769
金华,侯马,6676.862800000001
金华,呼和浩特,0.0
金华,包头,0.0
金华,沈阳,17083.4202
金华,大连,0.0
金华,锦州,0.0
金华,长春,11332.108
金华,哈尔滨,14959.965800000002
金华,上海,163006.7912
金华,南京,14192.9594
金华,常州,8277.5768
金华,无锡,7528.7952000000005
金华,苏州,16044.254
金华,徐州,11511.2422
金华,连云港,0.0
金华,淮安,0.0
金华,盐城,0.0
金华,扬州,0.0
金华,南通,0.0
金华,杭州,26133.2668
金华,湖州,0.0
金华,嘉兴,7768.3928
金华,宁波,14841.357
金华,台州,7219.799000000001
金华,金华,0.0
金华,义乌,3472.2738
金华,温州,11995.500000000002
金华,合肥,15221.1352
金华,蚌埠,8646.178600000001
金华,芜湖,0.0
金华,安庆,0.0
金华,福州,14123.4914
金华,厦门,9673.828800000001
金华,泉州,6807.3818
金华,南昌,14195.989000000001
金华,鹰潭,0.0
金华,赣州,0.0
金华,济南,26226.1536
金华,潍坊,0.0
金华,烟台,0.0
金华,青岛,11939.380200000001
金华,济宁,0.0
金华,临沂,0.0
金华,郑州,21382.0358
金华,漯河,8569.669600000001
金华,信阳,8955.7698
金华,洛阳,6547.6578
金华,武汉,19911.183800000003
金华,荆州,0.0
金华,襄阳,0.0
金华,长沙,17946.142200000002
金华,常德,0.0
金华,衡阳,0.0
金华,广州,35102.122
金华,汕头,8181.529
金华,深圳,12804.536800000002
金华,东莞,10703.45
金华,湛江,0.0
金华,中山,9820.532200000001
金华,南宁,13924.486200000001
金华,柳州,0.0
金华,海口,6824.486000000001
金华,重庆,10739.9616
金华,成都,22099.832000000002
金华,南充,0.0
金华,内江,0.0
金华,贵阳,13511.744200000001
金华,昆明,10552.735200000001
金华,大理州,0.0
金华,拉萨,0.0
金华,西安,20080.517600000003
金华,宝鸡,0.0
金华,兰州,7502.8104
金华,西宁,0.0
金华,银川,0.0
金华,乌鲁木齐,6584.300800000001
金华,阿克苏,0.0
金华,喀什,0.0
义乌,北京,8138.633400000001
义乌,天津,17170.3172
义乌,石家庄,18221.1234
义乌,唐山,0.0
义乌,廊坊,0.0
义乌,保定,0.0
义乌,太原,14043.226400000001
义乌,侯马,8059.6898
义乌,呼和浩特,0.0
义乌,包头,0.0
义乌,沈阳,20280.3038
义乌,大连,0.0
义乌,锦州,0.0
义乌,长春,12792.363800000001
义乌,哈尔滨,17395.4386
义乌,上海,159746.8884
义乌,南京,15629.4022
义乌,常州,9544.423
义乌,无锡,8879.5856
义乌,苏州,18198.755800000003
义乌,徐州,14001.057200000001
义乌,连云港,0.0
义乌,淮安,0.0
义乌,盐城,0.0
义乌,扬州,0.0
义乌,南通,6699.161
义乌,杭州,23426.9334
义乌,湖州,0.0
义乌,嘉兴,7718.719000000001
义乌,宁波,14679.644400000001
义乌,台州,7358.209400000001
义乌,金华,10450.829000000002
义乌,义乌,0.0
义乌,温州,12270.8754
义乌,合肥,17221.1042
义乌,蚌埠,10755.682400000002
义乌,芜湖,0.0
义乌,安庆,0.0
义乌,福州,18170.467800000002
义乌,厦门,12288.373800000001
义乌,泉州,9181.084600000002
义乌,南昌,20362.076200000003
义乌,鹰潭,0.0
义乌,赣州,0.0
义乌,济南,37185.8964
义乌,潍坊,8023.1782
义乌,烟台,0.0
义乌,青岛,16218.256200000002
义乌,济宁,6972.372
义乌,临沂,7873.9088
义乌,郑州,32957.4752
义乌,漯河,13169.9776
义乌,信阳,14049.0154
义乌,洛阳,9986.705
义乌,武汉,28776.618000000002
义乌,荆州,0.0
义乌,襄阳,0.0
义乌,长沙,27066.894800000002
义乌,常德,0.0
义乌,衡阳,8538.614800000001
义乌,广州,51311.026600000005
义乌,汕头,12116.3426
义乌,深圳,18303.0272
义乌,东莞,14609.712800000001
义乌,湛江,7380.839800000001
义乌,中山,13671.533
义乌,南宁,14127.959
义乌,柳州,0.0
义乌,海口,0.0
义乌,重庆,11302.3672
义乌,成都,21590.177000000003
义乌,南充,0.0
义乌,内江,0.0
义乌,贵阳,13966.980200000002
义乌,昆明,11068.3652
义乌,大理州,0.0
义乌,拉萨,0.0
义乌,西安,20215.504200000003
义乌,宝鸡,0.0
义乌,兰州,0.0
义乌,西宁,0.0
义乌,银川,0.0
义乌,乌鲁木齐,0.0
义乌,阿克苏,0.0
义乌,喀什,0.0
温州,北京,3816.6758
温州,天津,0.0
温州,石家庄,0.0
温州,唐山,0.0
温州,廊坊,0.0
温州,保定,0.0
温州,太原,0.0
温州,侯马,0.0
温州,呼和浩特,0.0
温州,包头,0.0
温州,沈阳,4155.4128
温州,大连,0.0
温州,锦州,0.0
温州,长春,0.0
温州,哈尔滨,0.0
温州,上海,164450.5552
温州,南京,0.0
温州,常州,0.0
温州,无锡,0.0
温州,苏州,0.0
温州,徐州,0.0
温州,连云港,0.0
温州,淮安,0.0
温州,盐城,0.0
温州,扬州,0.0
温州,南通,0.0
温州,杭州,7443.9534
温州,湖州,0.0
温州,嘉兴,0.0
温州,宁波,0.0
温州,台州,0.0
温州,金华,3385.052
温州,义乌,0.0
温州,温州,0.0
温州,合肥,0.0
温州,蚌埠,0.0
温州,芜湖,0.0
温州,安庆,0.0
温州,福州,0.0
温州,厦门,0.0
温州,泉州,0.0
温州,南昌,0.0
温州,鹰潭,0.0
温州,赣州,0.0
温州,济南,0.0
温州,潍坊,0.0
温州,烟台,0.0
温州,青岛,0.0
温州,济宁,0.0
温州,临沂,0.0
温州,郑州,0.0
温州,漯河,0.0
温州,信阳,0.0
温州,洛阳,0.0
温州,武汉,5909.0208
温州,荆州,0.0
温州,襄阳,0.0
温州,长沙,0.0
温州,常德,0.0
温州,衡阳,0.0
温州,广州,14431.5428
温州,汕头,0.0
温州,深圳,0.0
温州,东莞,0.0
温州,湛江,0.0
温州,中山,0.0
温州,南宁,0.0
温州,柳州,0.0
温州,海口,0.0
温州,重庆,0.0
温州,成都,6344.1998
温州,南充,0.0
温州,内江,0.0
温州,贵阳,0.0
温州,昆明,0.0
温州,大理州,0.0
温州,拉萨,0.0
温州,西安,5321.6122
温州,宝鸡,0.0
温州,兰州,0.0
温州,西宁,0.0
温州,银川,0.0
温州,乌鲁木齐,0.0
温州,阿克苏,0.0
温州,喀什,0.0
合肥,北京,9959.855000000001
合肥,天津,9498.4284
合肥,石家庄,9396.591600000002
合肥,唐山,0.0
合肥,廊坊,0.0
合肥,保定,0.0
合肥,太原,8220.5298
合肥,侯马,0.0
合肥,呼和浩特,0.0
合肥,包头,0.0
合肥,沈阳,0.0
合肥,大连,0.0
合肥,锦州,0.0
合肥,长春,7986.133600000001
合肥,哈尔滨,8787.5418
合肥,上海,19089.875
合肥,南京,6969.404400000001
合肥,常州,0.0
合肥,无锡,0.0
合肥,苏州,6766.782000000001
合肥,徐州,5248.961
合肥,连云港,0.0
合肥,淮安,0.0
合肥,盐城,0.0
合肥,扬州,0.0
合肥,南通,0.0
合肥,杭州,7967.777400000001
合肥,湖州,0.0
合肥,嘉兴,0.0
合肥,宁波,0.0
合肥,台州,0.0
合肥,金华,0.0
合肥,义乌,0.0
合肥,温州,0.0
合肥,合肥,0.0
合肥,蚌埠,6551.399
合肥,芜湖,0.0
合肥,安庆,0.0
合肥,福州,8711.295600000001
合肥,厦门,0.0
合肥,泉州,0.0
合肥,南昌,9297.9778
合肥,鹰潭,0.0
合肥,赣州,0.0
合肥,济南,14095.513400000002
合肥,潍坊,0.0
合肥,烟台,0.0
合肥,青岛,7397.8052
合肥,济宁,0.0
合肥,临沂,0.0
合肥,郑州,12816.494200000001
合肥,漯河,0.0
合肥,信阳,0.0
合肥,洛阳,0.0
合肥,武汉,186661.1132
合肥,荆州,0.0
合肥,襄阳,0.0
合肥,长沙,11452.742400000001
合肥,常德,0.0
合肥,衡阳,0.0
合肥,广州,20932.7526
合肥,汕头,0.0
合肥,深圳,8314.4058
合肥,东莞,0.0
合肥,湛江,0.0
合肥,中山,0.0
合肥,南宁,8195.727600000002
合肥,柳州,0.0
合肥,海口,0.0
合肥,重庆,8066.391200000001
合肥,成都,16241.923
合肥,南充,0.0
合肥,内江,0.0
合肥,贵阳,8890.8934
合肥,昆明,0.0
合肥,大理州,0.0
合肥,拉萨,0.0
合肥,西安,17140.3682
合肥,宝鸡,0.0
合肥,兰州,0.0
合肥,西宁,0.0
合肥,银川,0.0
合肥,乌鲁木齐,0.0
合肥,阿克苏,0.0
合肥,喀什,0.0
蚌埠,北京,4966.343800000001
蚌埠,天津,6696.062000000001
蚌埠,石家庄,0.0
蚌埠,唐山,0.0
蚌埠,廊坊,0.0
蚌埠,保定,0.0
蚌埠,太原,0.0
蚌埠,侯马,0.0
蚌埠,呼和浩特,0.0
蚌埠,包头,0.0
蚌埠,沈阳,0.0
蚌埠,大连,0.0
蚌埠,锦州,0.0
蚌埠,长春,6882.1058
蚌埠,哈尔滨,7043.216
蚌埠,上海,9541.6488
蚌埠,南京,0.0
蚌埠,常州,0.0
蚌埠,无锡,0.0
蚌埠,苏州,0.0
蚌埠,徐州,0.0
蚌埠,连云港,0.0
蚌埠,淮安,0.0
蚌埠,盐城,0.0
蚌埠,扬州,0.0
蚌埠,南通,0.0
蚌埠,杭州,0.0
蚌埠,湖州,0.0
蚌埠,嘉兴,0.0
蚌埠,宁波,0.0
蚌埠,台州,0.0
蚌埠,金华,0.0
蚌埠,义乌,0.0
蚌埠,温州,0.0
蚌埠,合肥,5011.8674
蚌埠,蚌埠,0.0
蚌埠,芜湖,0.0
蚌埠,安庆,0.0
蚌埠,福州,0.0
蚌埠,厦门,0.0
蚌埠,泉州,0.0
蚌埠,南昌,0.0
蚌埠,鹰潭,0.0
蚌埠,赣州,0.0
蚌埠,济南,9449.0248
蚌埠,潍坊,0.0
蚌埠,烟台,0.0
蚌埠,青岛,0.0
蚌埠,济宁,0.0
蚌埠,临沂,0.0
蚌埠,郑州,8025.999600000001
蚌埠,漯河,0.0
蚌埠,信阳,0.0
蚌埠,洛阳,0.0
蚌埠,武汉,174604.143
蚌埠,荆州,0.0
蚌埠,襄阳,0.0
蚌埠,长沙,7589.769400000001
蚌埠,常德,0.0
蚌埠,衡阳,0.0
蚌埠,广州,14269.0594
蚌埠,汕头,0.0
蚌埠,深圳,0.0
蚌埠,东莞,0.0
蚌埠,湛江,0.0
蚌埠,中山,0.0
蚌埠,南宁,0.0
蚌埠,柳州,0.0
蚌埠,海口,0.0
蚌埠,重庆,0.0
蚌埠,成都,9461.128400000001
蚌埠,南充,0.0
蚌埠,内江,0.0
蚌埠,贵阳,6491.074400000001
蚌埠,昆明,0.0
蚌埠,大理州,0.0
蚌埠,拉萨,0.0
蚌埠,西安,10576.6028
蚌埠,宝鸡,0.0
蚌埠,兰州,0.0
蚌埠,西宁,0.0
蚌埠,银川,0.0
蚌埠,乌鲁木齐,0.0
蚌埠,阿克苏,0.0
蚌埠,喀什,0.0
芜湖,北京,2645.3990000000003
芜湖,天津,0.0
芜湖,石家庄,0.0
芜湖,唐山,0.0
芜湖,廊坊,0.0
芜湖,保定,0.0
芜湖,太原,0.0
芜湖,侯马,0.0
芜湖,呼和浩特,0.0
芜湖,包头,0.0
芜湖,沈阳,0.0
芜湖,大连,0.0
芜湖,锦州,0.0
芜湖,长春,0.0
芜湖,哈尔滨,0.0
芜湖,上海,112453.7378
芜湖,南京,0.0
芜湖,常州,0.0
芜湖,无锡,0.0
芜湖,苏州,0.0
芜湖,徐州,0.0
芜湖,连云港,0.0
芜湖,淮安,0.0
芜湖,盐城,0.0
芜湖,扬州,0.0
芜湖,南通,0.0
芜湖,杭州,0.0
芜湖,湖州,0.0
芜湖,嘉兴,0.0
芜湖,宁波,0.0
芜湖,台州,0.0
芜湖,金华,0.0
芜湖,义乌,0.0
芜湖,温州,0.0
芜湖,合肥,0.0
芜湖,蚌埠,0.0
芜湖,芜湖,0.0
芜湖,安庆,0.0
芜湖,福州,0.0
芜湖,厦门,0.0
芜湖,泉州,0.0
芜湖,南昌,0.0
芜湖,鹰潭,0.0
芜湖,赣州,0.0
芜湖,济南,0.0
芜湖,潍坊,0.0
芜湖,烟台,0.0
芜湖,青岛,0.0
芜湖,济宁,0.0
芜湖,临沂,0.0
芜湖,郑州,0.0
芜湖,漯河,0.0
芜湖,信阳,0.0
芜湖,洛阳,0.0
芜湖,武汉,4360.4476
芜湖,荆州,0.0
芜湖,襄阳,0.0
芜湖,长沙,0.0
芜湖,常德,0.0
芜湖,衡阳,0.0
芜湖,广州,8153.751800000001
芜湖,汕头,0.0
芜湖,深圳,0.0
芜湖,东莞,0.0
芜湖,湛江,0.0
芜湖,中山,0.0
芜湖,南宁,0.0
芜湖,柳州,0.0
芜湖,海口,0.0
芜湖,重庆,0.0
芜湖,成都,4800.5578000000005
芜湖,南充,0.0
芜湖,内江,0.0
芜湖,贵阳,0.0
芜湖,昆明,0.0
芜湖,大理州,0.0
芜湖,拉萨,0.0
芜湖,西安,4783.0594
芜湖,宝鸡,0.0
芜湖,兰州,0.0
芜湖,西宁,0.0
芜湖,银川,0.0
芜湖,乌鲁木齐,0.0
芜湖,阿克苏,0.0
芜湖,喀什,0.0
安庆,北京,3681.4042000000004
安庆,天津,0.0
安庆,石家庄,0.0
安庆,唐山,0.0
安庆,廊坊,0.0
安庆,保定,0.0
安庆,太原,0.0
安庆,侯马,0.0
安庆,呼和浩特,0.0
安庆,包头,0.0
安庆,沈阳,6232.401600000001
安庆,大连,0.0
安庆,锦州,0.0
安庆,长春,0.0
安庆,哈尔滨,0.0
安庆,上海,8439.1358
安庆,南京,0.0
安庆,常州,0.0
安庆,无锡,0.0
安庆,苏州,0.0
安庆,徐州,0.0
安庆,连云港,0.0
安庆,淮安,0.0
安庆,盐城,0.0
安庆,扬州,0.0
安庆,南通,0.0
安庆,杭州,0.0
安庆,湖州,0.0
安庆,嘉兴,0.0
安庆,宁波,0.0
安庆,台州,0.0
安庆,金华,0.0
安庆,义乌,0.0
安庆,温州,0.0
安庆,合肥,0.0
安庆,蚌埠,0.0
安庆,芜湖,0.0
安庆,安庆,0.0
安庆,福州,0.0
安庆,厦门,0.0
安庆,泉州,0.0
安庆,南昌,0.0
安庆,鹰潭,0.0
安庆,赣州,0.0
安庆,济南,6792.9676
安庆,潍坊,0.0
安庆,烟台,0.0
安庆,青岛,0.0
安庆,济宁,0.0
安庆,临沂,0.0
安庆,郑州,0.0
安庆,漯河,0.0
安庆,信阳,0.0
安庆,洛阳,0.0
安庆,武汉,184262.32040000003
安庆,荆州,0.0
安庆,襄阳,0.0
安庆,长沙,0.0
安庆,常德,0.0
安庆,衡阳,0.0
安庆,广州,12630.7132
安庆,汕头,0.0
安庆,深圳,0.0
安庆,东莞,0.0
安庆,湛江,0.0
安庆,中山,0.0
安庆,南宁,0.0
安庆,柳州,0.0
安庆,海口,0.0
安庆,重庆,0.0
安庆,成都,7916.928400000001
安庆,南充,0.0
安庆,内江,0.0
安庆,贵阳,0.0
安庆,昆明,0.0
安庆,大理州,0.0
安庆,拉萨,0.0
安庆,西安,8168.034600000001
安庆,宝鸡,0.0
安庆,兰州,0.0
安庆,西宁,0.0
安庆,银川,0.0
安庆,乌鲁木齐,0.0
安庆,阿克苏,0.0
安庆,喀什,0.0
福州,北京,8284.3948
福州,天津,0.0
福州,石家庄,0.0
福州,唐山,0.0
福州,廊坊,0.0
福州,保定,0.0
福州,太原,0.0
福州,侯马,0.0
福州,呼和浩特,0.0
福州,包头,0.0
福州,沈阳,4314.5298
福州,大连,0.0
福州,锦州,0.0
福州,长春,0.0
福州,哈尔滨,0.0
福州,上海,128898.3304
福州,南京,0.0
福州,常州,0.0
福州,无锡,0.0
福州,苏州,0.0
福州,徐州,0.0
福州,连云港,0.0
福州,淮安,0.0
福州,盐城,0.0
福州,扬州,0.0
福州,南通,0.0
福州,杭州,4536.8844
福州,湖州,0.0
福州,嘉兴,0.0
福州,宁波,0.0
福州,台州,0.0
福州,金华,0.0
福州,义乌,0.0
福州,温州,0.0
福州,合肥,0.0
福州,蚌埠,0.0
福州,芜湖,0.0
福州,安庆,0.0
福州,福州,0.0
福州,厦门,5447.696000000001
福州,泉州,3671.9286
福州,南昌,4515.6374
福州,鹰潭,0.0
福州,赣州,0.0
福州,济南,0.0
福州,潍坊,0.0
福州,烟台,0.0
福州,青岛,0.0
福州,济宁,0.0
福州,临沂,0.0
福州,郑州,4376.5006
福州,漯河,0.0
福州,信阳,0.0
福州,洛阳,0.0
福州,武汉,6030.104
福州,荆州,0.0
福州,襄阳,0.0
福州,长沙,6260.419400000001
福州,常德,0.0
福州,衡阳,0.0
福州,广州,14065.502400000001
福州,汕头,0.0
福州,深圳,0.0
福州,东莞,0.0
福州,湛江,0.0
福州,中山,0.0
福州,南宁,0.0
福州,柳州,0.0
福州,海口,0.0
福州,重庆,0.0
福州,成都,6152.136600000001
福州,南充,0.0
福州,内江,0.0
福州,贵阳,0.0
福州,昆明,0.0
福州,大理州,0.0
福州,拉萨,0.0
福州,西安,4715.6938
福州,宝鸡,0.0
福州,兰州,0.0
福州,西宁,0.0
福州,银川,0.0
福州,乌鲁木齐,0.0
福州,阿克苏,0.0
福州,喀什,0.0
厦门,北京,8317.081
厦门,天津,0.0
厦门,石家庄,0.0
厦门,唐山,0.0
厦门,廊坊,0.0
厦门,保定,0.0
厦门,太原,0.0
厦门,侯马,0.0
厦门,呼和浩特,0.0
厦门,包头,0.0
厦门,沈阳,4887.6482000000005
厦门,大连,0.0
厦门,锦州,0.0
厦门,长春,0.0
厦门,哈尔滨,0.0
厦门,上海,10707.486400000002
厦门,南京,0.0
厦门,常州,0.0
厦门,无锡,0.0
厦门,苏州,0.0
厦门,徐州,0.0
厦门,连云港,0.0
厦门,淮安,0.0
厦门,盐城,0.0
厦门,扬州,0.0
厦门,南通,0.0
厦门,杭州,0.0
厦门,湖州,0.0
厦门,嘉兴,0.0
厦门,宁波,0.0
厦门,台州,0.0
厦门,金华,0.0
厦门,义乌,0.0
厦门,温州,0.0
厦门,合肥,0.0
厦门,蚌埠,0.0
厦门,芜湖,0.0
厦门,安庆,0.0
厦门,福州,10031.5346
厦门,厦门,0.0
厦门,泉州,5276.84
厦门,南昌,0.0
厦门,鹰潭,0.0
厦门,赣州,0.0
厦门,济南,0.0
厦门,潍坊,0.0
厦门,烟台,0.0
厦门,青岛,0.0
厦门,济宁,0.0
厦门,临沂,0.0
厦门,郑州,3542.4534000000003
厦门,漯河,0.0
厦门,信阳,0.0
厦门,洛阳,0.0
厦门,武汉,7449.296400000001
厦门,荆州,0.0
厦门,襄阳,0.0
厦门,长沙,0.0
厦门,常德,0.0
厦门,衡阳,0.0
厦门,广州,144786.0724
厦门,汕头,0.0
厦门,深圳,6817.222000000001
厦门,东莞,0.0
厦门,湛江,0.0
厦门,中山,0.0
厦门,南宁,0.0
厦门,柳州,0.0
厦门,海口,0.0
厦门,重庆,0.0
厦门,成都,7257.857800000001
厦门,南充,0.0
厦门,内江,0.0
厦门,贵阳,0.0
厦门,昆明,0.0
厦门,大理州,0.0
厦门,拉萨,0.0
厦门,西安,6031.7354000000005
厦门,宝鸡,0.0
厦门,兰州,0.0
厦门,西宁,0.0
厦门,银川,0.0
厦门,乌鲁木齐,0.0
厦门,阿克苏,0.0
厦门,喀什,0.0
泉州,北京,10983.5262
泉州,天津,0.0
泉州,石家庄,0.0
泉州,唐山,0.0
泉州,廊坊,0.0
泉州,保定,0.0
泉州,太原,0.0
泉州,侯马,0.0
泉州,呼和浩特,0.0
泉州,包头,0.0
泉州,沈阳,6892.811200000001
泉州,大连,0.0
泉州,锦州,0.0
泉州,长春,0.0
泉州,哈尔滨,0.0
泉州,上海,9136.776
泉州,南京,0.0
泉州,常州,0.0
泉州,无锡,0.0
泉州,苏州,0.0
泉州,徐州,0.0
泉州,连云港,0.0
泉州,淮安,0.0
泉州,盐城,0.0
泉州,扬州,0.0
泉州,南通,0.0
泉州,杭州,0.0
泉州,湖州,0.0
泉州,嘉兴,0.0
泉州,宁波,0.0
泉州,台州,0.0
泉州,金华,0.0
泉州,义乌,0.0
泉州,温州,0.0
泉州,合肥,0.0
泉州,蚌埠,0.0
泉州,芜湖,0.0
泉州,安庆,0.0
泉州,福州,13646.7484
泉州,厦门,9163.8814
泉州,泉州,0.0
泉州,南昌,0.0
泉州,鹰潭,0.0
泉州,赣州,0.0
泉州,济南,7047.8696
泉州,潍坊,0.0
泉州,烟台,0.0
泉州,青岛,0.0
泉州,济宁,0.0
泉州,临沂,0.0
泉州,郑州,0.0
泉州,漯河,0.0
泉州,信阳,0.0
泉州,洛阳,0.0
泉州,武汉,8511.611200000001
泉州,荆州,0.0
泉州,襄阳,0.0
泉州,长沙,7195.6242
泉州,常德,0.0
泉州,衡阳,0.0
泉州,广州,173759.8838
泉州,汕头,7825.132600000001
泉州,深圳,11645.8596
泉州,东莞,8405.168000000001
泉州,湛江,0.0
泉州,中山,8774.2954
泉州,南宁,0.0
泉州,柳州,0.0
泉州,海口,0.0
泉州,重庆,0.0
泉州,成都,10458.4206
泉州,南充,0.0
泉州,内江,0.0
泉州,贵阳,0.0
泉州,昆明,0.0
泉州,大理州,0.0
泉州,拉萨,0.0
泉州,西安,11875.7188
泉州,宝鸡,0.0
泉州,兰州,0.0
泉州,西宁,0.0
泉州,银川,0.0
泉州,乌鲁木齐,0.0
泉州,阿克苏,0.0
泉州,喀什,0.0
南昌,北京,8903.3912
南昌,天津,0.0
南昌,石家庄,0.0
南昌,唐山,0.0
南昌,廊坊,0.0
南昌,保定,0.0
南昌,太原,0.0
南昌,侯马,0.0
南昌,呼和浩特,0.0
南昌,包头,0.0
南昌,沈阳,6005.9662
南昌,大连,0.0
南昌,锦州,0.0
南昌,长春,0.0
南昌,哈尔滨,0.0
南昌,上海,12657.409599999999
南昌,南京,0.0
南昌,常州,0.0
南昌,无锡,0.0
南昌,苏州,0.0
南昌,徐州,3826.5928000000004
南昌,连云港,0.0
南昌,淮安,0.0
南昌,盐城,0.0
南昌,扬州,0.0
南昌,南通,0.0
南昌,杭州,7775.9372
南昌,湖州,0.0
南昌,嘉兴,0.0
南昌,宁波,0.0
南昌,台州,0.0
南昌,金华,0.0
南昌,义乌,0.0
南昌,温州,0.0
南昌,合肥,5533.680600000001
南昌,蚌埠,0.0
南昌,芜湖,0.0
南昌,安庆,0.0
南昌,福州,6919.3364
南昌,厦门,0.0
南昌,泉州,0.0
南昌,南昌,0.0
南昌,鹰潭,0.0
南昌,赣州,0.0
南昌,济南,9535.334200000001
南昌,潍坊,0.0
南昌,烟台,0.0
南昌,青岛,0.0
南昌,济宁,0.0
南昌,临沂,0.0
南昌,郑州,8464.2008
南昌,漯河,0.0
南昌,信阳,0.0
南昌,洛阳,0.0
南昌,武汉,192261.45060000004
南昌,荆州,0.0
南昌,襄阳,0.0
南昌,长沙,9858.0108
南昌,常德,0.0
南昌,衡阳,0.0
南昌,广州,20597.8188
南昌,汕头,0.0
南昌,深圳,8641.7508
南昌,东莞,0.0
南昌,湛江,0.0
南昌,中山,0.0
南昌,南宁,7049.662000000001
南昌,柳州,0.0
南昌,海口,0.0
南昌,重庆,6634.9416
南昌,成都,0.0
南昌,南充,0.0
南昌,内江,0.0
南昌,贵阳,7565.0986
南昌,昆明,6614.5524000000005
南昌,大理州,0.0
南昌,拉萨,0.0
南昌,西安,12500.789200000001
南昌,宝鸡,0.0
南昌,兰州,0.0
南昌,西宁,0.0
南昌,银川,0.0
南昌,乌鲁木齐,0.0
南昌,阿克苏,0.0
南昌,喀什,0.0
鹰潭,北京,0.0
鹰潭,天津,0.0
鹰潭,石家庄,0.0
鹰潭,唐山,0.0
鹰潭,廊坊,0.0
鹰潭,保定,0.0
鹰潭,太原,0.0
鹰潭,侯马,0.0
鹰潭,呼和浩特,0.0
鹰潭,包头,0.0
鹰潭,沈阳,0.0
鹰潭,大连,0.0
鹰潭,锦州,0.0
鹰潭,长春,0.0
鹰潭,哈尔滨,0.0
鹰潭,上海,1465.5886
鹰潭,南京,0.0
鹰潭,常州,0.0
鹰潭,无锡,0.0
鹰潭,苏州,0.0
鹰潭,徐州,0.0
鹰潭,连云港,0.0
鹰潭,淮安,0.0
鹰潭,盐城,0.0
鹰潭,扬州,0.0
鹰潭,南通,0.0
鹰潭,杭州,0.0
鹰潭,湖州,0.0
鹰潭,嘉兴,0.0
鹰潭,宁波,0.0
鹰潭,台州,0.0
鹰潭,金华,0.0
鹰潭,义乌,0.0
鹰潭,温州,0.0
鹰潭,合肥,0.0
鹰潭,蚌埠,0.0
鹰潭,芜湖,0.0
鹰潭,安庆,0.0
鹰潭,福州,0.0
鹰潭,厦门,0.0
鹰潭,泉州,0.0
鹰潭,南昌,0.0
鹰潭,鹰潭,0.0
鹰潭,赣州,0.0
鹰潭,济南,0.0
鹰潭,潍坊,0.0
鹰潭,烟台,0.0
鹰潭,青岛,0.0
鹰潭,济宁,0.0
鹰潭,临沂,0.0
鹰潭,郑州,0.0
鹰潭,漯河,0.0
鹰潭,信阳,0.0
鹰潭,洛阳,0.0
鹰潭,武汉,40271.4602
鹰潭,荆州,0.0
鹰潭,襄阳,0.0
鹰潭,长沙,0.0
鹰潭,常德,0.0
鹰潭,衡阳,0.0
鹰潭,广州,0.0
鹰潭,汕头,0.0
鹰潭,深圳,0.0
鹰潭,东莞,0.0
鹰潭,湛江,0.0
鹰潭,中山,0.0
鹰潭,南宁,0.0
鹰潭,柳州,0.0
鹰潭,海口,0.0
鹰潭,重庆,0.0
鹰潭,成都,0.0
鹰潭,南充,0.0
鹰潭,内江,0.0
鹰潭,贵阳,0.0
鹰潭,昆明,0.0
鹰潭,大理州,0.0
鹰潭,拉萨,0.0
鹰潭,西安,0.0
鹰潭,宝鸡,0.0
鹰潭,兰州,0.0
鹰潭,西宁,0.0
鹰潭,银川,0.0
鹰潭,乌鲁木齐,0.0
鹰潭,阿克苏,0.0
鹰潭,喀什,0.0
赣州,北京,4441.416800000001
赣州,天津,0.0
赣州,石家庄,0.0
赣州,唐山,0.0
赣州,廊坊,0.0
赣州,保定,0.0
赣州,太原,0.0
赣州,侯马,0.0
赣州,呼和浩特,0.0
赣州,包头,0.0
赣州,沈阳,0.0
赣州,大连,0.0
赣州,锦州,0.0
赣州,长春,0.0
赣州,哈尔滨,0.0
赣州,上海,2476.5834000000004
赣州,南京,0.0
赣州,常州,0.0
赣州,无锡,0.0
赣州,苏州,0.0
赣州,徐州,0.0
赣州,连云港,0.0
赣州,淮安,0.0
赣州,盐城,0.0
赣州,扬州,0.0
赣州,南通,0.0
赣州,杭州,0.0
赣州,湖州,0.0
赣州,嘉兴,0.0
赣州,宁波,0.0
赣州,台州,0.0
赣州,金华,0.0
赣州,义乌,0.0
赣州,温州,0.0
赣州,合肥,0.0
赣州,蚌埠,0.0
赣州,芜湖,0.0
赣州,安庆,0.0
赣州,福州,0.0
赣州,厦门,0.0
赣州,泉州,0.0
赣州,南昌,0.0
赣州,鹰潭,0.0
赣州,赣州,0.0
赣州,济南,0.0
赣州,潍坊,0.0
赣州,烟台,0.0
赣州,青岛,0.0
赣州,济宁,0.0
赣州,临沂,0.0
赣州,郑州,0.0
赣州,漯河,0.0
赣州,信阳,0.0
赣州,洛阳,0.0
赣州,武汉,2880.7076
赣州,荆州,0.0
赣州,襄阳,0.0
赣州,长沙,0.0
赣州,常德,0.0
赣州,衡阳,0.0
赣州,广州,77537.27380000001
赣州,汕头,0.0
赣州,深圳,0.0
赣州,东莞,0.0
赣州,湛江,0.0
赣州,中山,0.0
赣州,南宁,0.0
赣州,柳州,0.0
赣州,海口,0.0
赣州,重庆,0.0
赣州,成都,3525.5426
赣州,南充,0.0
赣州,内江,0.0
赣州,贵阳,0.0
赣州,昆明,0.0
赣州,大理州,0.0
赣州,拉萨,0.0
赣州,西安,3044.6466
赣州,宝鸡,0.0
赣州,兰州,0.0
赣州,西宁,0.0
赣州,银川,0.0
赣州,乌鲁木齐,0.0
赣州,阿克苏,0.0
赣州,喀什,0.0
济南,北京,169439.0744
济南,天津,10966.382200000002
济南,石家庄,10198.919600000001
济南,唐山,0.0
济南,廊坊,0.0
济南,保定,0.0
济南,太原,8444.7934
济南,侯马,0.0
济南,呼和浩特,8332.6306
济南,包头,0.0
济南,沈阳,13582.9676
济南,大连,0.0
济南,锦州,0.0
济南,长春,8199.476200000001
济南,哈尔滨,11581.089600000001
济南,上海,14866.717200000001
济南,南京,5046.9956
济南,常州,0.0
济南,无锡,0.0
济南,苏州,0.0
济南,徐州,4426.6306
济南,连云港,0.0
济南,淮安,0.0
济南,盐城,0.0
济南,扬州,0.0
济南,南通,0.0
济南,杭州,6451.4018
济南,湖州,0.0
济南,嘉兴,0.0
济南,宁波,3676.9292000000005
济南,台州,0.0
济南,金华,0.0
济南,义乌,0.0
济南,温州,0.0
济南,合肥,5435.9246
济南,蚌埠,0.0
济南,芜湖,0.0
济南,安庆,0.0
济南,福州,0.0
济南,厦门,0.0
济南,泉州,0.0
济南,南昌,5398.756
济南,鹰潭,0.0
济南,赣州,0.0
济南,济南,0.0
济南,潍坊,0.0
济南,烟台,0.0
济南,青岛,11957.783599999999
济南,济宁,0.0
济南,临沂,0.0
济南,郑州,12311.383600000001
济南,漯河,0.0
济南,信阳,0.0
济南,洛阳,3507.0698
济南,武汉,13374.2934
济南,荆州,0.0
济南,襄阳,0.0
济南,长沙,7819.033600000001
济南,常德,0.0
济南,衡阳,0.0
济南,广州,15708.323600000002
济南,汕头,0.0
济南,深圳,0.0
济南,东莞,0.0
济南,湛江,0.0
济南,中山,0.0
济南,南宁,0.0
济南,柳州,0.0
济南,海口,0.0
济南,重庆,6584.0926
济南,成都,14522.7242
济南,南充,0.0
济南,内江,0.0
济南,贵阳,8608.075400000002
济南,昆明,0.0
济南,大理州,0.0
济南,拉萨,0.0
济南,西安,18312.017
济南,宝鸡,0.0
济南,兰州,8137.1112
济南,西宁,0.0
济南,银川,0.0
济南,乌鲁木齐,0.0
济南,阿克苏,0.0
济南,喀什,0.0
潍坊,北京,59724.32940000001
潍坊,天津,0.0
潍坊,石家庄,0.0
潍坊,唐山,0.0
潍坊,廊坊,0.0
潍坊,保定,0.0
潍坊,太原,0.0
潍坊,侯马,0.0
潍坊,呼和浩特,0.0
潍坊,包头,0.0
潍坊,沈阳,0.0
潍坊,大连,0.0
潍坊,锦州,0.0
潍坊,长春,0.0
潍坊,哈尔滨,0.0
潍坊,上海,3056.3634
潍坊,南京,0.0
潍坊,常州,0.0
潍坊,无锡,0.0
潍坊,苏州,0.0
潍坊,徐州,0.0
潍坊,连云港,0.0
潍坊,淮安,0.0
潍坊,盐城,0.0
潍坊,扬州,0.0
潍坊,南通,0.0
潍坊,杭州,0.0
潍坊,湖州,0.0
潍坊,嘉兴,0.0
潍坊,宁波,0.0
潍坊,台州,0.0
潍坊,金华,0.0
潍坊,义乌,0.0
潍坊,温州,0.0
潍坊,合肥,0.0
潍坊,蚌埠,0.0
潍坊,芜湖,0.0
潍坊,安庆,0.0
潍坊,福州,0.0
潍坊,厦门,0.0
潍坊,泉州,0.0
潍坊,南昌,0.0
潍坊,鹰潭,0.0
潍坊,赣州,0.0
潍坊,济南,0.0
潍坊,潍坊,0.0
潍坊,烟台,0.0
潍坊,青岛,0.0
潍坊,济宁,0.0
潍坊,临沂,0.0
潍坊,郑州,0.0
潍坊,漯河,0.0
潍坊,信阳,0.0
潍坊,洛阳,0.0
潍坊,武汉,2197.985
潍坊,荆州,0.0
潍坊,襄阳,0.0
潍坊,长沙,0.0
潍坊,常德,0.0
潍坊,衡阳,0.0
潍坊,广州,2742.8922000000002
潍坊,汕头,0.0
潍坊,深圳,0.0
潍坊,东莞,0.0
潍坊,湛江,0.0
潍坊,中山,0.0
潍坊,南宁,0.0
潍坊,柳州,0.0
潍坊,海口,0.0
潍坊,重庆,0.0
潍坊,成都,0.0
潍坊,南充,0.0
潍坊,内江,0.0
潍坊,贵阳,0.0
潍坊,昆明,0.0
潍坊,大理州,0.0
潍坊,拉萨,0.0
潍坊,西安,2877.8862000000004
潍坊,宝鸡,0.0
潍坊,兰州,0.0
潍坊,西宁,0.0
潍坊,银川,0.0
潍坊,乌鲁木齐,0.0
潍坊,阿克苏,0.0
潍坊,喀什,0.0
烟台,北京,46164.280000000006
烟台,天津,0.0
烟台,石家庄,0.0
烟台,唐山,0.0
烟台,廊坊,0.0
烟台,保定,0.0
烟台,太原,0.0
烟台,侯马,0.0
烟台,呼和浩特,0.0
烟台,包头,0.0
烟台,沈阳,0.0
烟台,大连,0.0
烟台,锦州,0.0
烟台,长春,0.0
烟台,哈尔滨,0.0
烟台,上海,2346.9222000000004
烟台,南京,0.0
烟台,常州,0.0
烟台,无锡,0.0
烟台,苏州,0.0
烟台,徐州,0.0
烟台,连云港,0.0
烟台,淮安,0.0
烟台,盐城,0.0
烟台,扬州,0.0
烟台,南通,0.0
烟台,杭州,0.0
烟台,湖州,0.0
烟台,嘉兴,0.0
烟台,宁波,0.0
烟台,台州,0.0
烟台,金华,0.0
烟台,义乌,0.0
烟台,温州,0.0
烟台,合肥,0.0
烟台,蚌埠,0.0
烟台,芜湖,0.0
烟台,安庆,0.0
烟台,福州,0.0
烟台,厦门,0.0
烟台,泉州,0.0
烟台,南昌,0.0
烟台,鹰潭,0.0
烟台,赣州,0.0
烟台,济南,0.0
烟台,潍坊,0.0
烟台,烟台,0.0
烟台,青岛,0.0
烟台,济宁,0.0
烟台,临沂,0.0
烟台,郑州,0.0
烟台,漯河,0.0
烟台,信阳,0.0
烟台,洛阳,0.0
烟台,武汉,1883.5246000000002
烟台,荆州,0.0
烟台,襄阳,0.0
烟台,长沙,0.0
烟台,常德,0.0
烟台,衡阳,0.0
烟台,广州,0.0
烟台,汕头,0.0
烟台,深圳,0.0
烟台,东莞,0.0
烟台,湛江,0.0
烟台,中山,0.0
烟台,南宁,0.0
烟台,柳州,0.0
烟台,海口,0.0
烟台,重庆,0.0
烟台,成都,0.0
烟台,南充,0.0
烟台,内江,0.0
烟台,贵阳,0.0
烟台,昆明,0.0
烟台,大理州,0.0
烟台,拉萨,0.0
烟台,西安,0.0
烟台,宝鸡,0.0
烟台,兰州,0.0
烟台,西宁,0.0
烟台,银川,0.0
烟台,乌鲁木齐,0.0
烟台,阿克苏,0.0
烟台,喀什,0.0
青岛,北京,64592.461
青岛,天津,0.0
青岛,石家庄,0.0
青岛,唐山,0.0
青岛,廊坊,0.0
青岛,保定,0.0
青岛,太原,0.0
青岛,侯马,0.0
青岛,呼和浩特,0.0
青岛,包头,0.0
青岛,沈阳,2604.281
青岛,大连,0.0
青岛,锦州,0.0
青岛,长春,0.0
青岛,哈尔滨,0.0
青岛,上海,3862.7722000000003
青岛,南京,0.0
青岛,常州,0.0
青岛,无锡,0.0
青岛,苏州,0.0
青岛,徐州,0.0
青岛,连云港,0.0
青岛,淮安,0.0
青岛,盐城,0.0
青岛,扬州,0.0
青岛,南通,0.0
青岛,杭州,0.0
青岛,湖州,0.0
青岛,嘉兴,0.0
青岛,宁波,0.0
青岛,台州,0.0
青岛,金华,0.0
青岛,义乌,0.0
青岛,温州,0.0
青岛,合肥,0.0
青岛,蚌埠,0.0
青岛,芜湖,0.0
青岛,安庆,0.0
青岛,福州,0.0
青岛,厦门,0.0
青岛,泉州,0.0
青岛,南昌,0.0
青岛,鹰潭,0.0
青岛,赣州,0.0
青岛,济南,4256.8332
青岛,潍坊,0.0
青岛,烟台,0.0
青岛,青岛,0.0
青岛,济宁,0.0
青岛,临沂,0.0
青岛,郑州,0.0
青岛,漯河,0.0
青岛,信阳,0.0
青岛,洛阳,0.0
青岛,武汉,2716.7760000000003
青岛,荆州,0.0
青岛,襄阳,0.0
青岛,长沙,0.0
青岛,常德,0.0
青岛,衡阳,0.0
青岛,广州,3360.4284000000007
青岛,汕头,0.0
青岛,深圳,0.0
青岛,东莞,0.0
青岛,湛江,0.0
青岛,中山,0.0
青岛,南宁,0.0
青岛,柳州,0.0
青岛,海口,0.0
青岛,重庆,0.0
青岛,成都,0.0
青岛,南充,0.0
青岛,内江,0.0
青岛,贵阳,0.0
青岛,昆明,0.0
青岛,大理州,0.0
青岛,拉萨,0.0
青岛,西安,3055.5750000000003
青岛,宝鸡,0.0
青岛,兰州,0.0
青岛,西宁,0.0
青岛,银川,0.0
青岛,乌鲁木齐,0.0
青岛,阿克苏,0.0
青岛,喀什,0.0
济宁,北京,74035.02040000001
济宁,天津,0.0
济宁,石家庄,0.0
济宁,唐山,0.0
济宁,廊坊,0.0
济宁,保定,0.0
济宁,太原,0.0
济宁,侯马,0.0
济宁,呼和浩特,0.0
济宁,包头,0.0
济宁,沈阳,0.0
济宁,大连,0.0
济宁,锦州,0.0
济宁,长春,0.0
济宁,哈尔滨,0.0
济宁,上海,3374.3716
济宁,南京,0.0
济宁,常州,0.0
济宁,无锡,0.0
济宁,苏州,0.0
济宁,徐州,0.0
济宁,连云港,0.0
济宁,淮安,0.0
济宁,盐城,0.0
济宁,扬州,0.0
济宁,南通,0.0
济宁,杭州,0.0
济宁,湖州,0.0
济宁,嘉兴,0.0
济宁,宁波,0.0
济宁,台州,0.0
济宁,金华,0.0
济宁,义乌,0.0
济宁,温州,0.0
济宁,合肥,0.0
济宁,蚌埠,0.0
济宁,芜湖,0.0
济宁,安庆,0.0
济宁,福州,0.0
济宁,厦门,0.0
济宁,泉州,0.0
济宁,南昌,0.0
济宁,鹰潭,0.0
济宁,赣州,0.0
济宁,济南,0.0
济宁,潍坊,0.0
济宁,烟台,0.0
济宁,青岛,0.0
济宁,济宁,0.0
济宁,临沂,0.0
济宁,郑州,0.0
济宁,漯河,0.0
济宁,信阳,0.0
济宁,洛阳,0.0
济宁,武汉,3244.1154
济宁,荆州,0.0
济宁,襄阳,0.0
济宁,长沙,0.0
济宁,常德,0.0
济宁,衡阳,0.0
济宁,广州,3679.0936
济宁,汕头,0.0
济宁,深圳,0.0
济宁,东莞,0.0
济宁,湛江,0.0
济宁,中山,0.0
济宁,南宁,0.0
济宁,柳州,0.0
济宁,海口,0.0
济宁,重庆,0.0
济宁,成都,0.0
济宁,南充,0.0
济宁,内江,0.0
济宁,贵阳,0.0
济宁,昆明,0.0
济宁,大理州,0.0
济宁,拉萨,0.0
济宁,西安,3537.5222000000003
济宁,宝鸡,0.0
济宁,兰州,0.0
济宁,西宁,0.0
济宁,银川,0.0
济宁,乌鲁木齐,0.0
济宁,阿克苏,0.0
济宁,喀什,0.0
临沂,北京,3175.768
临沂,天津,0.0
临沂,石家庄,0.0
临沂,唐山,0.0
临沂,廊坊,0.0
临沂,保定,0.0
临沂,太原,0.0
临沂,侯马,0.0
临沂,呼和浩特,0.0
临沂,包头,0.0
临沂,沈阳,0.0
临沂,大连,0.0
临沂,锦州,0.0
临沂,长春,0.0
临沂,哈尔滨,0.0
临沂,上海,54692.248600000006
临沂,南京,0.0
临沂,常州,0.0
临沂,无锡,0.0
临沂,苏州,0.0
临沂,徐州,0.0
临沂,连云港,0.0
临沂,淮安,0.0
临沂,盐城,0.0
临沂,扬州,0.0
临沂,南通,0.0
临沂,杭州,0.0
临沂,湖州,0.0
临沂,嘉兴,0.0
临沂,宁波,0.0
临沂,台州,0.0
临沂,金华,0.0
临沂,义乌,0.0
临沂,温州,0.0
临沂,合肥,0.0
临沂,蚌埠,0.0
临沂,芜湖,0.0
临沂,安庆,0.0
临沂,福州,0.0
临沂,厦门,0.0
临沂,泉州,0.0
临沂,南昌,0.0
临沂,鹰潭,0.0
临沂,赣州,0.0
临沂,济南,0.0
临沂,潍坊,0.0
临沂,烟台,0.0
临沂,青岛,0.0
临沂,济宁,0.0
临沂,临沂,0.0
临沂,郑州,0.0
临沂,漯河,0.0
临沂,信阳,0.0
临沂,洛阳,0.0
临沂,武汉,1694.9842
临沂,荆州,0.0
临沂,襄阳,0.0
临沂,长沙,0.0
临沂,常德,0.0
临沂,衡阳,0.0
临沂,广州,3301.8814
临沂,汕头,0.0
临沂,深圳,0.0
临沂,东莞,0.0
临沂,湛江,0.0
临沂,中山,0.0
临沂,南宁,0.0
临沂,柳州,0.0
临沂,海口,0.0
临沂,重庆,0.0
临沂,成都,0.0
临沂,南充,0.0
临沂,内江,0.0
临沂,贵阳,0.0
临沂,昆明,0.0
临沂,大理州,0.0
临沂,拉萨,0.0
临沂,西安,2453.5662
临沂,宝鸡,0.0
临沂,兰州,0.0
临沂,西宁,0.0
临沂,银川,0.0
临沂,乌鲁木齐,0.0
临沂,阿克苏,0.0
临沂,喀什,0.0
郑州,北京,37848.265
郑州,天津,15073.599000000002
郑州,石家庄,16063.091400000001
郑州,唐山,0.0
郑州,廊坊,0.0
郑州,保定,0.0
郑州,太原,14460.012200000001
郑州,侯马,8021.0536
郑州,呼和浩特,7964.346200000001
郑州,包头,0.0
郑州,沈阳,26271.209000000003
郑州,大连,0.0
郑州,锦州,0.0
郑州,长春,14004.7068
郑州,哈尔滨,19113.7972
郑州,上海,27140.763800000004
郑州,南京,8069.800200000001
郑州,常州,4837.657
郑州,无锡,0.0
郑州,苏州,9145.733400000001
郑州,徐州,7249.973800000001
郑州,连云港,0.0
郑州,淮安,0.0
郑州,盐城,0.0
郑州,扬州,0.0
郑州,南通,0.0
郑州,杭州,11192.0144
郑州,湖州,0.0
郑州,嘉兴,0.0
郑州,宁波,6632.963200000001
郑州,台州,3279.7072000000003
郑州,金华,4769.2402
郑州,义乌,0.0
郑州,温州,0.0
郑州,合肥,9737.679000000002
郑州,蚌埠,6217.392400000001
郑州,芜湖,0.0
郑州,安庆,0.0
郑州,福州,10200.6824
郑州,厦门,6705.8550000000005
郑州,泉州,0.0
郑州,南昌,12938.7054
郑州,鹰潭,0.0
郑州,赣州,0.0
郑州,济南,23854.618000000002
郑州,潍坊,0.0
郑州,烟台,0.0
郑州,青岛,10519.548400000001
郑州,济宁,0.0
郑州,临沂,0.0
郑州,郑州,0.0
郑州,漯河,9378.885000000002
郑州,信阳,9695.842
郑州,洛阳,7261.0262
郑州,武汉,29633.0134
郑州,荆州,0.0
郑州,襄阳,0.0
郑州,长沙,17664.393000000004
郑州,常德,0.0
郑州,衡阳,0.0
郑州,广州,34814.207200000004
郑州,汕头,7577.589000000001
郑州,深圳,10605.3322
郑州,东莞,8600.432
郑州,湛江,0.0
郑州,中山,8300.0536
郑州,南宁,13482.43
郑州,柳州,0.0
郑州,海口,0.0
郑州,重庆,10672.960600000002
郑州,成都,23049.5232
郑州,南充,0.0
郑州,内江,0.0
郑州,贵阳,13948.1308
郑州,昆明,7138.004400000001
郑州,大理州,0.0
郑州,拉萨,0.0
郑州,西安,116965.5702
郑州,宝鸡,0.0
郑州,兰州,8055.5248
郑州,西宁,0.0
郑州,银川,0.0
郑州,乌鲁木齐,0.0
郑州,阿克苏,0.0
郑州,喀什,0.0
漯河,北京,5866.482400000001
漯河,天津,0.0
漯河,石家庄,0.0
漯河,唐山,0.0
漯河,廊坊,0.0
漯河,保定,0.0
漯河,太原,0.0
漯河,侯马,0.0
漯河,呼和浩特,0.0
漯河,包头,0.0
漯河,沈阳,4518.853
漯河,大连,0.0
漯河,锦州,0.0
漯河,长春,0.0
漯河,哈尔滨,0.0
漯河,上海,4767.9188
漯河,南京,0.0
漯河,常州,0.0
漯河,无锡,0.0
漯河,苏州,0.0
漯河,徐州,0.0
漯河,连云港,0.0
漯河,淮安,0.0
漯河,盐城,0.0
漯河,扬州,0.0
漯河,南通,0.0
漯河,杭州,0.0
漯河,湖州,0.0
漯河,嘉兴,0.0
漯河,宁波,0.0
漯河,台州,0.0
漯河,金华,0.0
漯河,义乌,0.0
漯河,温州,0.0
漯河,合肥,0.0
漯河,蚌埠,0.0
漯河,芜湖,0.0
漯河,安庆,0.0
漯河,福州,0.0
漯河,厦门,0.0
漯河,泉州,0.0
漯河,南昌,0.0
漯河,鹰潭,0.0
漯河,赣州,0.0
漯河,济南,0.0
漯河,潍坊,0.0
漯河,烟台,0.0
漯河,青岛,0.0
漯河,济宁,0.0
漯河,临沂,0.0
漯河,郑州,6052.3948
漯河,漯河,0.0
漯河,信阳,0.0
漯河,洛阳,0.0
漯河,武汉,122828.08380000001
漯河,荆州,0.0
漯河,襄阳,0.0
漯河,长沙,0.0
漯河,常德,0.0
漯河,衡阳,0.0
漯河,广州,6636.6424
漯河,汕头,0.0
漯河,深圳,0.0
漯河,东莞,0.0
漯河,湛江,0.0
漯河,中山,0.0
漯河,南宁,0.0
漯河,柳州,0.0
漯河,海口,0.0
漯河,重庆,0.0
漯河,成都,5501.698600000001
漯河,南充,0.0
漯河,内江,0.0
漯河,贵阳,0.0
漯河,昆明,0.0
漯河,大理州,0.0
漯河,拉萨,0.0
漯河,西安,6549.2124
漯河,宝鸡,0.0
漯河,兰州,0.0
漯河,西宁,0.0
漯河,银川,0.0
漯河,乌鲁木齐,0.0
漯河,阿克苏,0.0
漯河,喀什,0.0
信阳,北京,5398.223
信阳,天津,0.0
信阳,石家庄,0.0
信阳,唐山,0.0
信阳,廊坊,0.0
信阳,保定,0.0
信阳,太原,0.0
信阳,侯马,0.0
信阳,呼和浩特,0.0
信阳,包头,0.0
信阳,沈阳,0.0
信阳,大连,0.0
信阳,锦州,0.0
信阳,长春,0.0
信阳,哈尔滨,0.0
信阳,上海,4331.3018
信阳,南京,0.0
信阳,常州,0.0
信阳,无锡,0.0
信阳,苏州,0.0
信阳,徐州,0.0
信阳,连云港,0.0
信阳,淮安,0.0
信阳,盐城,0.0
信阳,扬州,0.0
信阳,南通,0.0
信阳,杭州,0.0
信阳,湖州,0.0
信阳,嘉兴,0.0
信阳,宁波,0.0
信阳,台州,0.0
信阳,金华,0.0
信阳,义乌,0.0
信阳,温州,0.0
信阳,合肥,0.0
信阳,蚌埠,0.0
信阳,芜湖,0.0
信阳,安庆,0.0
信阳,福州,0.0
信阳,厦门,0.0
信阳,泉州,0.0
信阳,南昌,0.0
信阳,鹰潭,0.0
信阳,赣州,0.0
信阳,济南,0.0
信阳,潍坊,0.0
信阳,烟台,0.0
信阳,青岛,0.0
信阳,济宁,0.0
信阳,临沂,0.0
信阳,郑州,0.0
信阳,漯河,0.0
信阳,信阳,0.0
信阳,洛阳,0.0
信阳,武汉,85419.28860000001
信阳,荆州,0.0
信阳,襄阳,0.0
信阳,长沙,0.0
信阳,常德,0.0
信阳,衡阳,0.0
信阳,广州,4784.636200000001
信阳,汕头,0.0
信阳,深圳,0.0
信阳,东莞,0.0
信阳,湛江,0.0
信阳,中山,0.0
信阳,南宁,0.0
信阳,柳州,0.0
信阳,海口,0.0
信阳,重庆,0.0
信阳,成都,0.0
信阳,南充,0.0
信阳,内江,0.0
信阳,贵阳,0.0
信阳,昆明,0.0
信阳,大理州,0.0
信阳,拉萨,0.0
信阳,西安,4030.5292
信阳,宝鸡,0.0
信阳,兰州,0.0
信阳,西宁,0.0
信阳,银川,0.0
信阳,乌鲁木齐,0.0
信阳,阿克苏,0.0
信阳,喀什,0.0
洛阳,北京,12425.269400000001
洛阳,天津,0.0
洛阳,石家庄,0.0
洛阳,唐山,0.0
洛阳,廊坊,0.0
洛阳,保定,0.0
洛阳,太原,0.0
洛阳,侯马,0.0
洛阳,呼和浩特,0.0
洛阳,包头,0.0
洛阳,沈阳,7757.657800000001
洛阳,大连,0.0
洛阳,锦州,0.0
洛阳,长春,0.0
洛阳,哈尔滨,0.0
洛阳,上海,12528.219400000002
洛阳,南京,0.0
洛阳,常州,0.0
洛阳,无锡,0.0
洛阳,苏州,0.0
洛阳,徐州,0.0
洛阳,连云港,0.0
洛阳,淮安,0.0
洛阳,盐城,0.0
洛阳,扬州,0.0
洛阳,南通,0.0
洛阳,杭州,0.0
洛阳,湖州,0.0
洛阳,嘉兴,0.0
洛阳,宁波,0.0
洛阳,台州,0.0
洛阳,金华,0.0
洛阳,义乌,0.0
洛阳,温州,0.0
洛阳,合肥,0.0
洛阳,蚌埠,0.0
洛阳,芜湖,0.0
洛阳,安庆,0.0
洛阳,福州,0.0
洛阳,厦门,0.0
洛阳,泉州,0.0
洛阳,南昌,0.0
洛阳,鹰潭,0.0
洛阳,赣州,0.0
洛阳,济南,6676.8554
洛阳,潍坊,0.0
洛阳,烟台,0.0
洛阳,青岛,0.0
洛阳,济宁,0.0
洛阳,临沂,0.0
洛阳,郑州,5512.108800000001
洛阳,漯河,0.0
洛阳,信阳,0.0
洛阳,洛阳,0.0
洛阳,武汉,9362.646
洛阳,荆州,0.0
洛阳,襄阳,0.0
洛阳,长沙,0.0
洛阳,常德,0.0
洛阳,衡阳,0.0
洛阳,广州,9883.276600000001
洛阳,汕头,0.0
洛阳,深圳,0.0
洛阳,东莞,0.0
洛阳,湛江,0.0
洛阳,中山,0.0
洛阳,南宁,0.0
洛阳,柳州,0.0
洛阳,海口,0.0
洛阳,重庆,0.0
洛阳,成都,9465.9356
洛阳,南充,0.0
洛阳,内江,0.0
洛阳,贵阳,0.0
洛阳,昆明,0.0
洛阳,大理州,0.0
洛阳,拉萨,0.0
洛阳,西安,117898.9964
洛阳,宝鸡,0.0
洛阳,兰州,0.0
洛阳,西宁,0.0
洛阳,银川,0.0
洛阳,乌鲁木齐,0.0
洛阳,阿克苏,0.0
洛阳,喀什,0.0
武汉,北京,25465.6506
武汉,天津,33450.995800000004
武汉,石家庄,39530.7116
武汉,唐山,15724.500600000001
武汉,廊坊,10716.5206
武汉,保定,19191.2408
武汉,太原,35240.257600000004
武汉,侯马,27202.2386
武汉,呼和浩特,34549.3188
武汉,包头,9964.8482
武汉,沈阳,41931.7826
武汉,大连,16234.542400000002
武汉,锦州,14663.306400000001
武汉,长春,33324.62700000001
武汉,哈尔滨,37615.9934
武汉,上海,23067.733200000002
武汉,南京,28598.738600000004
武汉,常州,20075.2792
武汉,无锡,21796.310200000004
武汉,苏州,31984.031200000005
武汉,徐州,18278.9144
武汉,连云港,9117.19
武汉,淮安,6180.818800000001
武汉,盐城,12951.4114
武汉,扬州,9808.5378
武汉,南通,16187.504
武汉,杭州,32776.8836
武汉,湖州,9816.892800000001
武汉,嘉兴,18390.8838
武汉,宁波,28026.269800000002
武汉,台州,17014.6342
武汉,金华,19443.599000000002
武汉,义乌,8151.8428
武汉,温州,28255.1398
武汉,合肥,32291.775400000006
武汉,蚌埠,27864.0936
武汉,芜湖,18637.785200000002
武汉,安庆,20352.826399999998
武汉,福州,31399.783600000002
武汉,厦门,37327.664000000004
武汉,泉州,22209.1836
武汉,南昌,47824.567200000005
武汉,鹰潭,27068.682600000004
武汉,赣州,18160.236200000003
武汉,济南,32332.152200000004
武汉,潍坊,18279.378
武汉,烟台,15574.837
武汉,青岛,34242.2168
武汉,济宁,16265.396400000001
武汉,临沂,17018.058
武汉,郑州,32351.048800000004
武汉,漯河,32917.1632
武汉,信阳,38719.7658
武汉,洛阳,24673.740200000004
武汉,武汉,0.0
武汉,荆州,21642.5658
武汉,襄阳,28784.9758
武汉,长沙,39046.439000000006
武汉,常德,33875.315800000004
武汉,衡阳,22801.987
武汉,广州,36958.893800000005
武汉,汕头,28832.423200000005
武汉,深圳,37581.0512
武汉,东莞,38569.700600000004
武汉,湛江,22401.6114
武汉,中山,35600.9754
武汉,南宁,36101.5268
武汉,柳州,26538.1896
武汉,海口,21126.472200000004
武汉,重庆,33056.602600000006
武汉,成都,47325.9026
武汉,南充,26142.157600000002
武汉,内江,0.0
武汉,贵阳,32192.636
武汉,昆明,33684.8044
武汉,大理州,12677.937600000001
武汉,拉萨,0.0
武汉,西安,29531.308
武汉,宝鸡,0.0
武汉,兰州,28148.2478
武汉,西宁,0.0
武汉,银川,22470.2984
武汉,乌鲁木齐,24143.966200000003
武汉,阿克苏,0.0
武汉,喀什,0.0
荆州,北京,0.0
荆州,天津,0.0
荆州,石家庄,0.0
荆州,唐山,0.0
荆州,廊坊,0.0
荆州,保定,0.0
荆州,太原,0.0
荆州,侯马,0.0
荆州,呼和浩特,0.0
荆州,包头,0.0
荆州,沈阳,0.0
荆州,大连,0.0
荆州,锦州,0.0
荆州,长春,0.0
荆州,哈尔滨,0.0
荆州,上海,1643.4088000000002
荆州,南京,0.0
荆州,常州,0.0
荆州,无锡,0.0
荆州,苏州,0.0
荆州,徐州,0.0
荆州,连云港,0.0
荆州,淮安,0.0
荆州,盐城,0.0
荆州,扬州,0.0
荆州,南通,0.0
荆州,杭州,0.0
荆州,湖州,0.0
荆州,嘉兴,0.0
荆州,宁波,0.0
荆州,台州,0.0
荆州,金华,0.0
荆州,义乌,0.0
荆州,温州,0.0
荆州,合肥,0.0
荆州,蚌埠,0.0
荆州,芜湖,0.0
荆州,安庆,0.0
荆州,福州,0.0
荆州,厦门,0.0
荆州,泉州,0.0
荆州,南昌,0.0
荆州,鹰潭,0.0
荆州,赣州,0.0
荆州,济南,0.0
荆州,潍坊,0.0
荆州,烟台,0.0
荆州,青岛,0.0
荆州,济宁,0.0
荆州,临沂,0.0
荆州,郑州,0.0
荆州,漯河,0.0
荆州,信阳,0.0
荆州,洛阳,0.0
荆州,武汉,37884.201
荆州,荆州,0.0
荆州,襄阳,0.0
荆州,长沙,0.0
荆州,常德,0.0
荆州,衡阳,0.0
荆州,广州,2996.1082
荆州,汕头,0.0
荆州,深圳,0.0
荆州,东莞,0.0
荆州,湛江,0.0
荆州,中山,0.0
荆州,南宁,0.0
荆州,柳州,0.0
荆州,海口,0.0
荆州,重庆,0.0
荆州,成都,0.0
荆州,南充,0.0
荆州,内江,0.0
荆州,贵阳,0.0
荆州,昆明,0.0
荆州,大理州,0.0
荆州,拉萨,0.0
荆州,西安,0.0
荆州,宝鸡,0.0
荆州,兰州,0.0
荆州,西宁,0.0
荆州,银川,0.0
荆州,乌鲁木齐,0.0
荆州,阿克苏,0.0
荆州,喀什,0.0
襄阳,北京,3628.1752
襄阳,天津,0.0
襄阳,石家庄,0.0
襄阳,唐山,0.0
襄阳,廊坊,0.0
襄阳,保定,0.0
襄阳,太原,0.0
襄阳,侯马,0.0
襄阳,呼和浩特,0.0
襄阳,包头,0.0
襄阳,沈阳,0.0
襄阳,大连,0.0
襄阳,锦州,0.0
襄阳,长春,0.0
襄阳,哈尔滨,0.0
襄阳,上海,5407.691200000001
襄阳,南京,0.0
襄阳,常州,0.0
襄阳,无锡,0.0
襄阳,苏州,0.0
襄阳,徐州,0.0
襄阳,连云港,0.0
襄阳,淮安,0.0
襄阳,盐城,0.0
襄阳,扬州,0.0
襄阳,南通,0.0
襄阳,杭州,0.0
襄阳,湖州,0.0
襄阳,嘉兴,0.0
襄阳,宁波,0.0
襄阳,台州,0.0
襄阳,金华,0.0
襄阳,义乌,0.0
襄阳,温州,0.0
襄阳,合肥,0.0
襄阳,蚌埠,0.0
襄阳,芜湖,0.0
襄阳,安庆,0.0
襄阳,福州,0.0
襄阳,厦门,0.0
襄阳,泉州,0.0
襄阳,南昌,0.0
襄阳,鹰潭,0.0
襄阳,赣州,0.0
襄阳,济南,0.0
襄阳,潍坊,0.0
襄阳,烟台,0.0
襄阳,青岛,0.0
襄阳,济宁,0.0
襄阳,临沂,0.0
襄阳,郑州,0.0
襄阳,漯河,0.0
襄阳,信阳,0.0
襄阳,洛阳,0.0
襄阳,武汉,63189.77320000001
襄阳,荆州,0.0
襄阳,襄阳,0.0
襄阳,长沙,0.0
襄阳,常德,0.0
襄阳,衡阳,0.0
襄阳,广州,3949.6072000000004
襄阳,汕头,0.0
襄阳,深圳,0.0
襄阳,东莞,0.0
襄阳,湛江,0.0
襄阳,中山,0.0
襄阳,南宁,0.0
襄阳,柳州,0.0
襄阳,海口,0.0
襄阳,重庆,0.0
襄阳,成都,0.0
襄阳,南充,0.0
襄阳,内江,0.0
襄阳,贵阳,0.0
襄阳,昆明,0.0
襄阳,大理州,0.0
襄阳,拉萨,0.0
襄阳,西安,0.0
襄阳,宝鸡,0.0
襄阳,兰州,0.0
襄阳,西宁,0.0
襄阳,银川,0.0
襄阳,乌鲁木齐,0.0
襄阳,阿克苏,0.0
襄阳,喀什,0.0
长沙,北京,15144.063600000001
长沙,天津,8639.7104
长沙,石家庄,8850.9506
长沙,唐山,0.0
长沙,廊坊,0.0
长沙,保定,0.0
长沙,太原,6610.665000000001
长沙,侯马,0.0
长沙,呼和浩特,0.0
长沙,包头,0.0
长沙,沈阳,8674.7072
长沙,大连,0.0
长沙,锦州,0.0
长沙,长春,0.0
长沙,哈尔滨,8222.362000000001
长沙,上海,13173.897400000002
长沙,南京,5969.710000000001
长沙,常州,3695.6102
长沙,无锡,0.0
长沙,苏州,7367.0752
长沙,徐州,4980.4804
长沙,连云港,0.0
长沙,淮安,0.0
长沙,盐城,0.0
长沙,扬州,0.0
长沙,南通,0.0
长沙,杭州,9466.4464
长沙,湖州,0.0
长沙,嘉兴,0.0
长沙,宁波,5394.6058
长沙,台州,0.0
长沙,金华,4102.4318
长沙,义乌,0.0
长沙,温州,0.0
长沙,合肥,7249.3168000000005
长沙,蚌埠,4382.745800000001
长沙,芜湖,0.0
长沙,安庆,0.0
长沙,福州,9562.494200000001
长沙,厦门,0.0
长沙,泉州,4845.7492
长沙,南昌,13368.559000000001
长沙,鹰潭,0.0
长沙,赣州,0.0
长沙,济南,12601.622000000001
长沙,潍坊,0.0
长沙,烟台,0.0
长沙,青岛,0.0
长沙,济宁,0.0
长沙,临沂,0.0
长沙,郑州,12375.8436
长沙,漯河,0.0
长沙,信阳,6436.593400000001
长沙,洛阳,0.0
长沙,武汉,144831.9568
长沙,荆州,0.0
长沙,襄阳,0.0
长沙,长沙,0.0
长沙,常德,7612.6552
长沙,衡阳,11816.004
长沙,广州,37618.946200000006
长沙,汕头,7577.457600000001
长沙,深圳,15786.858200000002
长沙,东莞,11397.929200000002
长沙,湛江,0.0
长沙,中山,9246.5884
长沙,南宁,14584.348000000002
长沙,柳州,0.0
长沙,海口,9056.9894
长沙,重庆,9758.9954
长沙,成都,19541.3476
长沙,南充,0.0
长沙,内江,0.0
长沙,贵阳,16601.8154
长沙,昆明,11368.652
长沙,大理州,0.0
长沙,拉萨,0.0
长沙,西安,20541.366800000003
长沙,宝鸡,0.0
长沙,兰州,6735.789200000001
长沙,西宁,0.0
长沙,银川,0.0
长沙,乌鲁木齐,0.0
长沙,阿克苏,0.0
长沙,喀什,0.0
常德,北京,0.0
常德,天津,0.0
常德,石家庄,0.0
常德,唐山,0.0
常德,廊坊,0.0
常德,保定,0.0
常德,太原,0.0
常德,侯马,0.0
常德,呼和浩特,0.0
常德,包头,0.0
常德,沈阳,0.0
常德,大连,0.0
常德,锦州,0.0
常德,长春,0.0
常德,哈尔滨,0.0
常德,上海,3198.4604000000004
常德,南京,0.0
常德,常州,0.0
常德,无锡,0.0
常德,苏州,0.0
常德,徐州,0.0
常德,连云港,0.0
常德,淮安,0.0
常德,盐城,0.0
常德,扬州,0.0
常德,南通,0.0
常德,杭州,0.0
常德,湖州,0.0
常德,嘉兴,0.0
常德,宁波,0.0
常德,台州,0.0
常德,金华,0.0
常德,义乌,0.0
常德,温州,0.0
常德,合肥,0.0
常德,蚌埠,0.0
常德,芜湖,0.0
常德,安庆,0.0
常德,福州,0.0
常德,厦门,0.0
常德,泉州,0.0
常德,南昌,0.0
常德,鹰潭,0.0
常德,赣州,0.0
常德,济南,0.0
常德,潍坊,0.0
常德,烟台,0.0
常德,青岛,0.0
常德,济宁,0.0
常德,临沂,0.0
常德,郑州,0.0
常德,漯河,0.0
常德,信阳,0.0
常德,洛阳,0.0
常德,武汉,34672.4424
常德,荆州,0.0
常德,襄阳,0.0
常德,长沙,3751.8540000000003
常德,常德,0.0
常德,衡阳,0.0
常德,广州,2472.9042
常德,汕头,0.0
常德,深圳,0.0
常德,东莞,0.0
常德,湛江,0.0
常德,中山,0.0
常德,南宁,0.0
常德,柳州,0.0
常德,海口,0.0
常德,重庆,0.0
常德,成都,0.0
常德,南充,0.0
常德,内江,0.0
常德,贵阳,0.0
常德,昆明,0.0
常德,大理州,0.0
常德,拉萨,0.0
常德,西安,0.0
常德,宝鸡,0.0
常德,兰州,0.0
常德,西宁,0.0
常德,银川,0.0
常德,乌鲁木齐,0.0
常德,阿克苏,0.0
常德,喀什,0.0
衡阳,北京,4008.2856
衡阳,天津,0.0
衡阳,石家庄,0.0
衡阳,唐山,0.0
衡阳,廊坊,0.0
衡阳,保定,0.0
衡阳,太原,0.0
衡阳,侯马,0.0
衡阳,呼和浩特,0.0
衡阳,包头,0.0
衡阳,沈阳,2686.2468000000003
衡阳,大连,0.0
衡阳,锦州,0.0
衡阳,长春,0.0
衡阳,哈尔滨,0.0
衡阳,上海,3644.1588
衡阳,南京,0.0
衡阳,常州,0.0
衡阳,无锡,0.0
衡阳,苏州,0.0
衡阳,徐州,0.0
衡阳,连云港,0.0
衡阳,淮安,0.0
衡阳,盐城,0.0
衡阳,扬州,0.0
衡阳,南通,0.0
衡阳,杭州,0.0
衡阳,湖州,0.0
衡阳,嘉兴,0.0
衡阳,宁波,0.0
衡阳,台州,0.0
衡阳,金华,0.0
衡阳,义乌,0.0
衡阳,温州,0.0
衡阳,合肥,0.0
衡阳,蚌埠,0.0
衡阳,芜湖,0.0
衡阳,安庆,0.0
衡阳,福州,0.0
衡阳,厦门,0.0
衡阳,泉州,0.0
衡阳,南昌,0.0
衡阳,鹰潭,0.0
衡阳,赣州,0.0
衡阳,济南,0.0
衡阳,潍坊,0.0
衡阳,烟台,0.0
衡阳,青岛,0.0
衡阳,济宁,0.0
衡阳,临沂,0.0
衡阳,郑州,0.0
衡阳,漯河,0.0
衡阳,信阳,0.0
衡阳,洛阳,0.0
衡阳,武汉,105989.36080000001
衡阳,荆州,0.0
衡阳,襄阳,0.0
衡阳,长沙,7028.068000000001
衡阳,常德,0.0
衡阳,衡阳,0.0
衡阳,广州,11113.256800000001
衡阳,汕头,0.0
衡阳,深圳,0.0
衡阳,东莞,0.0
衡阳,湛江,0.0
衡阳,中山,0.0
衡阳,南宁,0.0
衡阳,柳州,0.0
衡阳,海口,0.0
衡阳,重庆,0.0
衡阳,成都,4802.39
衡阳,南充,0.0
衡阳,内江,0.0
衡阳,贵阳,0.0
衡阳,昆明,0.0
衡阳,大理州,0.0
衡阳,拉萨,0.0
衡阳,西安,4519.2472
衡阳,宝鸡,0.0
衡阳,兰州,0.0
衡阳,西宁,0.0
衡阳,银川,0.0
衡阳,乌鲁木齐,0.0
衡阳,阿克苏,0.0
衡阳,喀什,0.0
广州,北京,18333.8664
广州,天津,27355.6508
广州,石家庄,27464.791400000002
广州,唐山,0.0
广州,廊坊,0.0
广州,保定,9413.8892
广州,太原,22858.563000000002
广州,侯马,12798.331400000001
广州,呼和浩特,15376.0326
广州,包头,0.0
广州,沈阳,25233.9962
广州,大连,0.0
广州,锦州,0.0
广州,长春,23044.282
广州,哈尔滨,31639.651400000002
广州,上海,10247.0786
广州,南京,22657.718200000003
广州,常州,12785.764200000001
广州,无锡,11974.486200000001
广州,苏州,24714.2632
广州,徐州,16779.1248
广州,连云港,4935.5518
广州,淮安,0.0
广州,盐城,6647.7716
广州,扬州,5254.9434
广州,南通,8664.976200000001
广州,杭州,28301.2658
广州,湖州,5430.460400000001
广州,嘉兴,9693.3454
广州,宁波,18674.0266
广州,台州,10222.137600000002
广州,金华,13596.710000000001
广州,义乌,4502.676
广州,温州,16839.511400000003
广州,合肥,21805.4536
广州,蚌埠,12266.509600000001
广州,芜湖,7676.0094
广州,安庆,7535.095000000001
广州,福州,33225.2618
广州,厦门,68887.724
广州,泉州,17824.9378
广州,南昌,32379.227600000002
广州,鹰潭,0.0
广州,赣州,14840.856400000002
广州,济南,33956.3294
广州,潍坊,8479.458
广州,烟台,0.0
广州,青岛,19918.968800000002
广州,济宁,7716.864600000001
广州,临沂,8604.914400000001
广州,郑州,23924.966
广州,漯河,14231.6826
广州,信阳,16153.2336
广州,洛阳,11408.726200000001
广州,武汉,13872.695200000002
广州,荆州,0.0
广州,襄阳,7967.5766
广州,长沙,23659.106000000003
广州,常德,10590.608000000002
广州,衡阳,17508.429600000003
广州,广州,0.0
广州,汕头,31397.5026
广州,深圳,33281.4066
广州,东莞,36235.7796
广州,湛江,30376.948000000004
广州,中山,39972.815
广州,南宁,47370.233400000005
广州,柳州,24574.0752
广州,海口,39178.797600000005
广州,重庆,25816.652200000004
广州,成都,20991.098800000003
广州,南充,14361.019
广州,内江,0.0
广州,贵阳,32528.117600000005
广州,昆明,33133.0024
广州,大理州,0.0
广州,拉萨,0.0
广州,西安,19924.2544
广州,宝鸡,0.0
广州,兰州,18846.5908
广州,西宁,0.0
广州,银川,9053.905200000001
广州,乌鲁木齐,30801.684400000006
广州,阿克苏,0.0
广州,喀什,0.0
汕头,北京,2915.7192000000005
汕头,天津,0.0
汕头,石家庄,0.0
汕头,唐山,0.0
汕头,廊坊,0.0
汕头,保定,0.0
汕头,太原,0.0
汕头,侯马,0.0
汕头,呼和浩特,0.0
汕头,包头,0.0
汕头,沈阳,0.0
汕头,大连,0.0
汕头,锦州,0.0
汕头,长春,0.0
汕头,哈尔滨,0.0
汕头,上海,1533.3484
汕头,南京,0.0
汕头,常州,0.0
汕头,无锡,0.0
汕头,苏州,0.0
汕头,徐州,0.0
汕头,连云港,0.0
汕头,淮安,0.0
汕头,盐城,0.0
汕头,扬州,0.0
汕头,南通,0.0
汕头,杭州,0.0
汕头,湖州,0.0
汕头,嘉兴,0.0
汕头,宁波,0.0
汕头,台州,0.0
汕头,金华,0.0
汕头,义乌,0.0
汕头,温州,0.0
汕头,合肥,0.0
汕头,蚌埠,0.0
汕头,芜湖,0.0
汕头,安庆,0.0
汕头,福州,0.0
汕头,厦门,0.0
汕头,泉州,0.0
汕头,南昌,0.0
汕头,鹰潭,0.0
汕头,赣州,0.0
汕头,济南,0.0
汕头,潍坊,0.0
汕头,烟台,0.0
汕头,青岛,0.0
汕头,济宁,0.0
汕头,临沂,0.0
汕头,郑州,0.0
汕头,漯河,0.0
汕头,信阳,0.0
汕头,洛阳,0.0
汕头,武汉,2527.71
汕头,荆州,0.0
汕头,襄阳,0.0
汕头,长沙,3203.337
汕头,常德,0.0
汕头,衡阳,0.0
汕头,广州,67669.16080000001
汕头,汕头,0.0
汕头,深圳,0.0
汕头,东莞,0.0
汕头,湛江,0.0
汕头,中山,0.0
汕头,南宁,0.0
汕头,柳州,0.0
汕头,海口,0.0
汕头,重庆,0.0
汕头,成都,3589.0430000000006
汕头,南充,0.0
汕头,内江,0.0
汕头,贵阳,0.0
汕头,昆明,0.0
汕头,大理州,0.0
汕头,拉萨,0.0
汕头,西安,3581.94
汕头,宝鸡,0.0
汕头,兰州,0.0
汕头,西宁,0.0
汕头,银川,0.0
汕头,乌鲁木齐,0.0
汕头,阿克苏,0.0
汕头,喀什,0.0
深圳,北京,3562.9416
深圳,天津,0.0
深圳,石家庄,0.0
深圳,唐山,0.0
深圳,廊坊,0.0
深圳,保定,0.0
深圳,太原,0.0
深圳,侯马,0.0
深圳,呼和浩特,0.0
深圳,包头,0.0
深圳,沈阳,0.0
深圳,大连,0.0
深圳,锦州,0.0
深圳,长春,0.0
深圳,哈尔滨,0.0
深圳,上海,3998.2520000000004
深圳,南京,0.0
深圳,常州,0.0
深圳,无锡,0.0
深圳,苏州,0.0
深圳,徐州,0.0
深圳,连云港,0.0
深圳,淮安,0.0
深圳,盐城,0.0
深圳,扬州,0.0
深圳,南通,0.0
深圳,杭州,0.0
深圳,湖州,0.0
深圳,嘉兴,0.0
深圳,宁波,0.0
深圳,台州,0.0
深圳,金华,0.0
深圳,义乌,0.0
深圳,温州,0.0
深圳,合肥,0.0
深圳,蚌埠,0.0
深圳,芜湖,0.0
深圳,安庆,0.0
深圳,福州,0.0
深圳,厦门,0.0
深圳,泉州,0.0
深圳,南昌,0.0
深圳,鹰潭,0.0
深圳,赣州,0.0
深圳,济南,0.0
深圳,潍坊,0.0
深圳,烟台,0.0
深圳,青岛,0.0
深圳,济宁,0.0
深圳,临沂,0.0
深圳,郑州,0.0
深圳,漯河,0.0
深圳,信阳,0.0
深圳,洛阳,0.0
深圳,武汉,3815.4312
深圳,荆州,0.0
深圳,襄阳,0.0
深圳,长沙,4556.847
深圳,常德,0.0
深圳,衡阳,0.0
深圳,广州,97160.96720000001
深圳,汕头,0.0
深圳,深圳,0.0
深圳,东莞,3947.7278
深圳,湛江,0.0
深圳,中山,0.0
深圳,南宁,0.0
深圳,柳州,0.0
深圳,海口,0.0
深圳,重庆,0.0
深圳,成都,5098.3378
深圳,南充,0.0
深圳,内江,0.0
深圳,贵阳,0.0
深圳,昆明,0.0
深圳,大理州,0.0
深圳,拉萨,0.0
深圳,西安,4963.606600000001
深圳,宝鸡,0.0
深圳,兰州,0.0
深圳,西宁,0.0
深圳,银川,0.0
深圳,乌鲁木齐,0.0
深圳,阿克苏,0.0
深圳,喀什,0.0
东莞,北京,7285.9894
东莞,天津,0.0
东莞,石家庄,0.0
东莞,唐山,0.0
东莞,廊坊,0.0
东莞,保定,0.0
东莞,太原,0.0
东莞,侯马,0.0
东莞,呼和浩特,0.0
东莞,包头,0.0
东莞,沈阳,5074.6414
东莞,大连,0.0
东莞,锦州,0.0
东莞,长春,0.0
东莞,哈尔滨,0.0
东莞,上海,4051.0026000000007
东莞,南京,0.0
东莞,常州,0.0
东莞,无锡,0.0
东莞,苏州,0.0
东莞,徐州,0.0
东莞,连云港,0.0
东莞,淮安,0.0
东莞,盐城,0.0
东莞,扬州,0.0
东莞,南通,0.0
东莞,杭州,0.0
东莞,湖州,0.0
东莞,嘉兴,0.0
东莞,宁波,0.0
东莞,台州,0.0
东莞,金华,0.0
东莞,义乌,0.0
东莞,温州,0.0
东莞,合肥,0.0
东莞,蚌埠,0.0
东莞,芜湖,0.0
东莞,安庆,0.0
东莞,福州,0.0
东莞,厦门,0.0
东莞,泉州,0.0
东莞,南昌,0.0
东莞,鹰潭,0.0
东莞,赣州,0.0
东莞,济南,0.0
东莞,潍坊,0.0
东莞,烟台,0.0
东莞,青岛,0.0
东莞,济宁,0.0
东莞,临沂,0.0
东莞,郑州,3876.4054000000006
东莞,漯河,0.0
东莞,信阳,0.0
东莞,洛阳,0.0
东莞,武汉,5561.2644
东莞,荆州,0.0
东莞,襄阳,0.0
东莞,长沙,4700.7762
东莞,常德,0.0
东莞,衡阳,0.0
东莞,广州,122748.8494
东莞,汕头,0.0
东莞,深圳,7033.1056
东莞,东莞,0.0
东莞,湛江,0.0
东莞,中山,0.0
东莞,南宁,0.0
东莞,柳州,0.0
东莞,海口,0.0
东莞,重庆,0.0
东莞,成都,6706.5416000000005
东莞,南充,0.0
东莞,内江,0.0
东莞,贵阳,0.0
东莞,昆明,0.0
东莞,大理州,0.0
东莞,拉萨,0.0
东莞,西安,5701.7846
东莞,宝鸡,0.0
东莞,兰州,0.0
东莞,西宁,0.0
东莞,银川,0.0
东莞,乌鲁木齐,0.0
东莞,阿克苏,0.0
东莞,喀什,0.0
湛江,北京,2335.3442000000005
湛江,天津,0.0
湛江,石家庄,0.0
湛江,唐山,0.0
湛江,廊坊,0.0
湛江,保定,0.0
湛江,太原,0.0
湛江,侯马,0.0
湛江,呼和浩特,0.0
湛江,包头,0.0
湛江,沈阳,0.0
湛江,大连,0.0
湛江,锦州,0.0
湛江,长春,0.0
湛江,哈尔滨,0.0
湛江,上海,1838.5266000000001
湛江,南京,0.0
湛江,常州,0.0
湛江,无锡,0.0
湛江,苏州,0.0
湛江,徐州,0.0
湛江,连云港,0.0
湛江,淮安,0.0
湛江,盐城,0.0
湛江,扬州,0.0
湛江,南通,0.0
湛江,杭州,0.0
湛江,湖州,0.0
湛江,嘉兴,0.0
湛江,宁波,0.0
湛江,台州,0.0
湛江,金华,0.0
湛江,义乌,0.0
湛江,温州,0.0
湛江,合肥,0.0
湛江,蚌埠,0.0
湛江,芜湖,0.0
湛江,安庆,0.0
湛江,福州,0.0
湛江,厦门,0.0
湛江,泉州,0.0
湛江,南昌,0.0
湛江,鹰潭,0.0
湛江,赣州,0.0
湛江,济南,0.0
湛江,潍坊,0.0
湛江,烟台,0.0
湛江,青岛,0.0
湛江,济宁,0.0
湛江,临沂,0.0
湛江,郑州,0.0
湛江,漯河,0.0
湛江,信阳,0.0
湛江,洛阳,0.0
湛江,武汉,2259.3608
湛江,荆州,0.0
湛江,襄阳,0.0
湛江,长沙,0.0
湛江,常德,0.0
湛江,衡阳,0.0
湛江,广州,57404.11380000001
湛江,汕头,0.0
湛江,深圳,0.0
湛江,东莞,0.0
湛江,湛江,0.0
湛江,中山,0.0
湛江,南宁,0.0
湛江,柳州,0.0
湛江,海口,0.0
湛江,重庆,0.0
湛江,成都,0.0
湛江,南充,0.0
湛江,内江,0.0
湛江,贵阳,0.0
湛江,昆明,0.0
湛江,大理州,0.0
湛江,拉萨,0.0
湛江,西安,2117.5266
湛江,宝鸡,0.0
湛江,兰州,0.0
湛江,西宁,0.0
湛江,银川,0.0
湛江,乌鲁木齐,0.0
湛江,阿克苏,0.0
湛江,喀什,0.0
中山,北京,6182.5344000000005
中山,天津,0.0
中山,石家庄,0.0
中山,唐山,0.0
中山,廊坊,0.0
中山,保定,0.0
中山,太原,0.0
中山,侯马,0.0
中山,呼和浩特,0.0
中山,包头,0.0
中山,沈阳,0.0
中山,大连,0.0
中山,锦州,0.0
中山,长春,0.0
中山,哈尔滨,0.0
中山,上海,4285.1212000000005
中山,南京,0.0
中山,常州,0.0
中山,无锡,0.0
中山,苏州,0.0
中山,徐州,0.0
中山,连云港,0.0
中山,淮安,0.0
中山,盐城,0.0
中山,扬州,0.0
中山,南通,0.0
中山,杭州,0.0
中山,湖州,0.0
中山,嘉兴,0.0
中山,宁波,0.0
中山,台州,0.0
中山,金华,0.0
中山,义乌,0.0
中山,温州,0.0
中山,合肥,0.0
中山,蚌埠,0.0
中山,芜湖,0.0
中山,安庆,0.0
中山,福州,0.0
中山,厦门,0.0
中山,泉州,0.0
中山,南昌,0.0
中山,鹰潭,0.0
中山,赣州,0.0
中山,济南,0.0
中山,潍坊,0.0
中山,烟台,0.0
中山,青岛,0.0
中山,济宁,0.0
中山,临沂,0.0
中山,郑州,0.0
中山,漯河,0.0
中山,信阳,0.0
中山,洛阳,0.0
中山,武汉,4267.6228
中山,荆州,0.0
中山,襄阳,0.0
中山,长沙,3788.3036
中山,常德,0.0
中山,衡阳,0.0
中山,广州,113754.1826
中山,汕头,0.0
中山,深圳,8024.3460000000005
中山,东莞,0.0
中山,湛江,0.0
中山,中山,0.0
中山,南宁,0.0
中山,柳州,0.0
中山,海口,0.0
中山,重庆,0.0
中山,成都,5096.399200000001
中山,南充,0.0
中山,内江,0.0
中山,贵阳,0.0
中山,昆明,0.0
中山,大理州,0.0
中山,拉萨,0.0
中山,西安,4712.2080000000005
中山,宝鸡,0.0
中山,兰州,0.0
中山,西宁,0.0
中山,银川,0.0
中山,乌鲁木齐,0.0
中山,阿克苏,0.0
中山,喀什,0.0
南宁,北京,10585.114200000002
南宁,天津,0.0
南宁,石家庄,0.0
南宁,唐山,0.0
南宁,廊坊,0.0
南宁,保定,0.0
南宁,太原,0.0
南宁,侯马,0.0
南宁,呼和浩特,0.0
南宁,包头,0.0
南宁,沈阳,5100.3958
南宁,大连,0.0
南宁,锦州,0.0
南宁,长春,0.0
南宁,哈尔滨,0.0
南宁,上海,6615.7128
南宁,南京,0.0
南宁,常州,0.0
南宁,无锡,0.0
南宁,苏州,0.0
南宁,徐州,0.0
南宁,连云港,0.0
南宁,淮安,0.0
南宁,盐城,0.0
南宁,扬州,0.0
南宁,南通,0.0
南宁,杭州,4105.0524000000005
南宁,湖州,0.0
南宁,嘉兴,0.0
南宁,宁波,0.0
南宁,台州,0.0
南宁,金华,0.0
南宁,义乌,0.0
南宁,温州,0.0
南宁,合肥,0.0
南宁,蚌埠,0.0
南宁,芜湖,0.0
南宁,安庆,0.0
南宁,福州,0.0
南宁,厦门,0.0
南宁,泉州,0.0
南宁,南昌,4803.3718
南宁,鹰潭,0.0
南宁,赣州,0.0
南宁,济南,0.0
南宁,潍坊,0.0
南宁,烟台,0.0
南宁,青岛,0.0
南宁,济宁,0.0
南宁,临沂,0.0
南宁,郑州,4492.2038
南宁,漯河,0.0
南宁,信阳,0.0
南宁,洛阳,0.0
南宁,武汉,7392.8444
南宁,荆州,0.0
南宁,襄阳,0.0
南宁,长沙,8416.3444
南宁,常德,0.0
南宁,衡阳,0.0
南宁,广州,135559.492
南宁,汕头,0.0
南宁,深圳,8625.807
南宁,东莞,0.0
南宁,湛江,0.0
南宁,中山,0.0
南宁,南宁,0.0
南宁,柳州,8890.9258
南宁,海口,0.0
南宁,重庆,5617.6720000000005
南宁,成都,10519.526200000002
南宁,南充,0.0
南宁,内江,0.0
南宁,贵阳,6770.377
南宁,昆明,0.0
南宁,大理州,0.0
南宁,拉萨,0.0
南宁,西安,5224.3374
南宁,宝鸡,0.0
南宁,兰州,0.0
南宁,西宁,0.0
南宁,银川,0.0
南宁,乌鲁木齐,0.0
南宁,阿克苏,0.0
南宁,喀什,0.0
柳州,北京,0.0
柳州,天津,0.0
柳州,石家庄,0.0
柳州,唐山,0.0
柳州,廊坊,0.0
柳州,保定,0.0
柳州,太原,0.0
柳州,侯马,0.0
柳州,呼和浩特,0.0
柳州,包头,0.0
柳州,沈阳,0.0
柳州,大连,0.0
柳州,锦州,0.0
柳州,长春,0.0
柳州,哈尔滨,0.0
柳州,上海,711.9378
柳州,南京,0.0
柳州,常州,0.0
柳州,无锡,0.0
柳州,苏州,0.0
柳州,徐州,0.0
柳州,连云港,0.0
柳州,淮安,0.0
柳州,盐城,0.0
柳州,扬州,0.0
柳州,南通,0.0
柳州,杭州,0.0
柳州,湖州,0.0
柳州,嘉兴,0.0
柳州,宁波,0.0
柳州,台州,0.0
柳州,金华,0.0
柳州,义乌,0.0
柳州,温州,0.0
柳州,合肥,0.0
柳州,蚌埠,0.0
柳州,芜湖,0.0
柳州,安庆,0.0
柳州,福州,0.0
柳州,厦门,0.0
柳州,泉州,0.0
柳州,南昌,0.0
柳州,鹰潭,0.0
柳州,赣州,0.0
柳州,济南,0.0
柳州,潍坊,0.0
柳州,烟台,0.0
柳州,青岛,0.0
柳州,济宁,0.0
柳州,临沂,0.0
柳州,郑州,0.0
柳州,漯河,0.0
柳州,信阳,0.0
柳州,洛阳,0.0
柳州,武汉,827.9186000000001
柳州,荆州,0.0
柳州,襄阳,0.0
柳州,长沙,0.0
柳州,常德,0.0
柳州,衡阳,0.0
柳州,广州,26487.606200000002
柳州,汕头,0.0
柳州,深圳,0.0
柳州,东莞,0.0
柳州,湛江,0.0
柳州,中山,0.0
柳州,南宁,5957.8544
柳州,柳州,0.0
柳州,海口,0.0
柳州,重庆,0.0
柳州,成都,0.0
柳州,南充,0.0
柳州,内江,0.0
柳州,贵阳,0.0
柳州,昆明,0.0
柳州,大理州,0.0
柳州,拉萨,0.0
柳州,西安,0.0
柳州,宝鸡,0.0
柳州,兰州,0.0
柳州,西宁,0.0
柳州,银川,0.0
柳州,乌鲁木齐,0.0
柳州,阿克苏,0.0
柳州,喀什,0.0
海口,北京,0.0
海口,天津,0.0
海口,石家庄,0.0
海口,唐山,0.0
海口,廊坊,0.0
海口,保定,0.0
海口,太原,0.0
海口,侯马,0.0
海口,呼和浩特,0.0
海口,包头,0.0
海口,沈阳,0.0
海口,大连,0.0
海口,锦州,0.0
海口,长春,0.0
海口,哈尔滨,0.0
海口,上海,0.0
海口,南京,0.0
海口,常州,0.0
海口,无锡,0.0
海口,苏州,0.0
海口,徐州,0.0
海口,连云港,0.0
海口,淮安,0.0
海口,盐城,0.0
海口,扬州,0.0
海口,南通,0.0
海口,杭州,0.0
海口,湖州,0.0
海口,嘉兴,0.0
海口,宁波,0.0
海口,台州,0.0
海口,金华,0.0
海口,义乌,0.0
海口,温州,0.0
海口,合肥,0.0
海口,蚌埠,0.0
海口,芜湖,0.0
海口,安庆,0.0
海口,福州,0.0
海口,厦门,0.0
海口,泉州,0.0
海口,南昌,0.0
海口,鹰潭,0.0
海口,赣州,0.0
海口,济南,0.0
海口,潍坊,0.0
海口,烟台,0.0
海口,青岛,0.0
海口,济宁,0.0
海口,临沂,0.0
海口,郑州,0.0
海口,漯河,0.0
海口,信阳,0.0
海口,洛阳,0.0
海口,武汉,0.0
海口,荆州,0.0
海口,襄阳,0.0
海口,长沙,0.0
海口,常德,0.0
海口,衡阳,0.0
海口,广州,12895.299000000003
海口,汕头,0.0
海口,深圳,0.0
海口,东莞,0.0
海口,湛江,0.0
海口,中山,0.0
海口,南宁,0.0
海口,柳州,0.0
海口,海口,0.0
海口,重庆,0.0
海口,成都,0.0
海口,南充,0.0
海口,内江,0.0
海口,贵阳,0.0
海口,昆明,0.0
海口,大理州,0.0
海口,拉萨,0.0
海口,西安,0.0
海口,宝鸡,0.0
海口,兰州,0.0
海口,西宁,0.0
海口,银川,0.0
海口,乌鲁木齐,0.0
海口,阿克苏,0.0
海口,喀什,0.0
重庆,北京,22573.6602
重庆,天津,0.0
重庆,石家庄,0.0
重庆,唐山,0.0
重庆,廊坊,0.0
重庆,保定,0.0
重庆,太原,0.0
重庆,侯马,0.0
重庆,呼和浩特,6834.8518
重庆,包头,0.0
重庆,沈阳,11251.0102
重庆,大连,0.0
重庆,锦州,0.0
重庆,长春,0.0
重庆,哈尔滨,8219.5184
重庆,上海,21011.173400000003
重庆,南京,0.0
重庆,常州,0.0
重庆,无锡,0.0
重庆,苏州,0.0
重庆,徐州,0.0
重庆,连云港,0.0
重庆,淮安,0.0
重庆,盐城,0.0
重庆,扬州,0.0
重庆,南通,0.0
重庆,杭州,0.0
重庆,湖州,0.0
重庆,嘉兴,0.0
重庆,宁波,0.0
重庆,台州,0.0
重庆,金华,0.0
重庆,义乌,0.0
重庆,温州,0.0
重庆,合肥,3689.9452000000006
重庆,蚌埠,0.0
重庆,芜湖,0.0
重庆,安庆,0.0
重庆,福州,0.0
重庆,厦门,0.0
重庆,泉州,0.0
重庆,南昌,5051.718600000001
重庆,鹰潭,0.0
重庆,赣州,0.0
重庆,济南,6385.3354
重庆,潍坊,0.0
重庆,烟台,0.0
重庆,青岛,0.0
重庆,济宁,0.0
重庆,临沂,0.0
重庆,郑州,5379.465200000001
重庆,漯河,0.0
重庆,信阳,0.0
重庆,洛阳,0.0
重庆,武汉,18724.382400000002
重庆,荆州,0.0
重庆,襄阳,0.0
重庆,长沙,8349.7746
重庆,常德,0.0
重庆,衡阳,0.0
重庆,广州,20149.1778
重庆,汕头,0.0
重庆,深圳,0.0
重庆,东莞,0.0
重庆,湛江,0.0
重庆,中山,0.0
重庆,南宁,7826.709400000001
重庆,柳州,0.0
重庆,海口,0.0
重庆,重庆,0.0
重庆,成都,107799.61700000001
重庆,南充,0.0
重庆,内江,0.0
重庆,贵阳,8558.4488
重庆,昆明,11466.787400000001
重庆,大理州,0.0
重庆,拉萨,0.0
重庆,西安,19743.871000000003
重庆,宝鸡,0.0
重庆,兰州,0.0
重庆,西宁,0.0
重庆,银川,0.0
重庆,乌鲁木齐,0.0
重庆,阿克苏,0.0
重庆,喀什,0.0
成都,北京,33948.302
成都,天津,12966.9166
成都,石家庄,11051.224000000002
成都,唐山,0.0
成都,廊坊,0.0
成都,保定,0.0
成都,太原,10367.574200000001
成都,侯马,0.0
成都,呼和浩特,0.0
成都,包头,0.0
成都,沈阳,29061.449600000004
成都,大连,0.0
成都,锦州,0.0
成都,长春,13542.809200000002
成都,哈尔滨,0.0
成都,上海,23755.4564
成都,南京,9831.153400000001
成都,常州,5721.688000000001
成都,无锡,5499.001200000001
成都,苏州,11292.197600000001
成都,徐州,6314.684800000001
成都,连云港,0.0
成都,淮安,0.0
成都,盐城,0.0
成都,扬州,0.0
成都,南通,0.0
成都,杭州,15042.799600000002
成都,湖州,0.0
成都,嘉兴,0.0
成都,宁波,8385.435800000001
成都,台州,0.0
成都,金华,6031.9362
成都,义乌,0.0
成都,温州,7445.0222
成都,合肥,0.0
成都,蚌埠,0.0
成都,芜湖,0.0
成都,安庆,0.0
成都,福州,13831.215400000001
成都,厦门,8252.4822
成都,泉州,6137.390200000001
成都,南昌,0.0
成都,鹰潭,0.0
成都,赣州,0.0
成都,济南,11418.7746
成都,潍坊,0.0
成都,烟台,0.0
成都,青岛,0.0
成都,济宁,0.0
成都,临沂,0.0
成都,郑州,9606.101400000001
成都,漯河,5768.9892
成都,信阳,0.0
成都,洛阳,0.0
成都,武汉,28490.287400000005
成都,荆州,0.0
成都,襄阳,0.0
成都,长沙,13430.777800000002
成都,常德,0.0
成都,衡阳,6806.896000000001
成都,广州,21216.57
成都,汕头,7204.3114000000005
成都,深圳,17462.15
成都,东莞,11899.732600000001
成都,湛江,0.0
成都,中山,10579.2086
成都,南宁,9640.704000000002
成都,柳州,0.0
成都,海口,11976.6358
成都,重庆,25851.6666
成都,成都,0.0
成都,南充,22122.249600000003
成都,内江,16290.979600000002
成都,贵阳,19103.989400000002
成都,昆明,26694.5944
成都,大理州,22219.641
成都,拉萨,0.0
成都,西安,38375.0566
成都,宝鸡,0.0
成都,兰州,11331.6694
成都,西宁,0.0
成都,银川,0.0
成都,乌鲁木齐,0.0
成都,阿克苏,0.0
成都,喀什,0.0
南充,北京,2870.0568000000003
南充,天津,0.0
南充,石家庄,0.0
南充,唐山,0.0
南充,廊坊,0.0
南充,保定,0.0
南充,太原,0.0
南充,侯马,0.0
南充,呼和浩特,0.0
南充,包头,0.0
南充,沈阳,0.0
南充,大连,0.0
南充,锦州,0.0
南充,长春,0.0
南充,哈尔滨,0.0
南充,上海,2203.2484
南充,南京,0.0
南充,常州,0.0
南充,无锡,0.0
南充,苏州,0.0
南充,徐州,0.0
南充,连云港,0.0
南充,淮安,0.0
南充,盐城,0.0
南充,扬州,0.0
南充,南通,0.0
南充,杭州,0.0
南充,湖州,0.0
南充,嘉兴,0.0
南充,宁波,0.0
南充,台州,0.0
南充,金华,0.0
南充,义乌,0.0
南充,温州,0.0
南充,合肥,0.0
南充,蚌埠,0.0
南充,芜湖,0.0
南充,安庆,0.0
南充,福州,0.0
南充,厦门,0.0
南充,泉州,0.0
南充,南昌,0.0
南充,鹰潭,0.0
南充,赣州,0.0
南充,济南,0.0
南充,潍坊,0.0
南充,烟台,0.0
南充,青岛,0.0
南充,济宁,0.0
南充,临沂,0.0
南充,郑州,0.0
南充,漯河,0.0
南充,信阳,0.0
南充,洛阳,0.0
南充,武汉,2879.6638000000003
南充,荆州,0.0
南充,襄阳,0.0
南充,长沙,0.0
南充,常德,0.0
南充,衡阳,0.0
南充,广州,2855.65
南充,汕头,0.0
南充,深圳,0.0
南充,东莞,0.0
南充,湛江,0.0
南充,中山,0.0
南充,南宁,0.0
南充,柳州,0.0
南充,海口,0.0
南充,重庆,0.0
南充,成都,26958.1438
南充,南充,0.0
南充,内江,0.0
南充,贵阳,0.0
南充,昆明,0.0
南充,大理州,0.0
南充,拉萨,0.0
南充,西安,0.0
南充,宝鸡,0.0
南充,兰州,0.0
南充,西宁,0.0
南充,银川,0.0
南充,乌鲁木齐,0.0
南充,阿克苏,0.0
南充,喀什,0.0
内江,北京,0.0
内江,天津,0.0
内江,石家庄,0.0
内江,唐山,0.0
内江,廊坊,0.0
内江,保定,0.0
内江,太原,0.0
内江,侯马,0.0
内江,呼和浩特,0.0
内江,包头,0.0
内江,沈阳,0.0
内江,大连,0.0
内江,锦州,0.0
内江,长春,0.0
内江,哈尔滨,0.0
内江,上海,0.0
内江,南京,0.0
内江,常州,0.0
内江,无锡,0.0
内江,苏州,0.0
内江,徐州,0.0
内江,连云港,0.0
内江,淮安,0.0
内江,盐城,0.0
内江,扬州,0.0
内江,南通,0.0
内江,杭州,0.0
内江,湖州,0.0
内江,嘉兴,0.0
内江,宁波,0.0
内江,台州,0.0
内江,金华,0.0
内江,义乌,0.0
内江,温州,0.0
内江,合肥,0.0
内江,蚌埠,0.0
内江,芜湖,0.0
内江,安庆,0.0
内江,福州,0.0
内江,厦门,0.0
内江,泉州,0.0
内江,南昌,0.0
内江,鹰潭,0.0
内江,赣州,0.0
内江,济南,0.0
内江,潍坊,0.0
内江,烟台,0.0
内江,青岛,0.0
内江,济宁,0.0
内江,临沂,0.0
内江,郑州,0.0
内江,漯河,0.0
内江,信阳,0.0
内江,洛阳,0.0
内江,武汉,0.0
内江,荆州,0.0
内江,襄阳,0.0
内江,长沙,0.0
内江,常德,0.0
内江,衡阳,0.0
内江,广州,0.0
内江,汕头,0.0
内江,深圳,0.0
内江,东莞,0.0
内江,湛江,0.0
内江,中山,0.0
内江,南宁,0.0
内江,柳州,0.0
内江,海口,0.0
内江,重庆,0.0
内江,成都,18245.3954
内江,南充,0.0
内江,内江,0.0
内江,贵阳,0.0
内江,昆明,0.0
内江,大理州,0.0
内江,拉萨,0.0
内江,西安,0.0
内江,宝鸡,0.0
内江,兰州,0.0
内江,西宁,0.0
内江,银川,0.0
内江,乌鲁木齐,0.0
内江,阿克苏,0.0
内江,喀什,0.0
贵阳,北京,3493.0498000000002
贵阳,天津,0.0
贵阳,石家庄,0.0
贵阳,唐山,0.0
贵阳,廊坊,0.0
贵阳,保定,0.0
贵阳,太原,0.0
贵阳,侯马,0.0
贵阳,呼和浩特,0.0
贵阳,包头,0.0
贵阳,沈阳,0.0
贵阳,大连,0.0
贵阳,锦州,0.0
贵阳,长春,0.0
贵阳,哈尔滨,0.0
贵阳,上海,4063.2848000000004
贵阳,南京,0.0
贵阳,常州,0.0
贵阳,无锡,0.0
贵阳,苏州,0.0
贵阳,徐州,0.0
贵阳,连云港,0.0
贵阳,淮安,0.0
贵阳,盐城,0.0
贵阳,扬州,0.0
贵阳,南通,0.0
贵阳,杭州,0.0
贵阳,湖州,0.0
贵阳,嘉兴,0.0
贵阳,宁波,0.0
贵阳,台州,0.0
贵阳,金华,0.0
贵阳,义乌,0.0
贵阳,温州,0.0
贵阳,合肥,0.0
贵阳,蚌埠,0.0
贵阳,芜湖,0.0
贵阳,安庆,0.0
贵阳,福州,0.0
贵阳,厦门,0.0
贵阳,泉州,0.0
贵阳,南昌,0.0
贵阳,鹰潭,0.0
贵阳,赣州,0.0
贵阳,济南,0.0
贵阳,潍坊,0.0
贵阳,烟台,0.0
贵阳,青岛,0.0
贵阳,济宁,0.0
贵阳,临沂,0.0
贵阳,郑州,0.0
贵阳,漯河,0.0
贵阳,信阳,0.0
贵阳,洛阳,0.0
贵阳,武汉,4495.04
贵阳,荆州,0.0
贵阳,襄阳,0.0
贵阳,长沙,0.0
贵阳,常德,0.0
贵阳,衡阳,0.0
贵阳,广州,4295.6406
贵阳,汕头,0.0
贵阳,深圳,0.0
贵阳,东莞,0.0
贵阳,湛江,0.0
贵阳,中山,0.0
贵阳,南宁,0.0
贵阳,柳州,0.0
贵阳,海口,0.0
贵阳,重庆,0.0
贵阳,成都,33652.0738
贵阳,南充,0.0
贵阳,内江,0.0
贵阳,贵阳,0.0
贵阳,昆明,0.0
贵阳,大理州,0.0
贵阳,拉萨,0.0
贵阳,西安,0.0
贵阳,宝鸡,0.0
贵阳,兰州,0.0
贵阳,西宁,0.0
贵阳,银川,0.0
贵阳,乌鲁木齐,0.0
贵阳,阿克苏,0.0
贵阳,喀什,0.0
昆明,北京,8725.819
昆明,天津,0.0
昆明,石家庄,0.0
昆明,唐山,0.0
昆明,廊坊,0.0
昆明,保定,0.0
昆明,太原,0.0
昆明,侯马,0.0
昆明,呼和浩特,0.0
昆明,包头,0.0
昆明,沈阳,0.0
昆明,大连,0.0
昆明,锦州,0.0
昆明,长春,0.0
昆明,哈尔滨,0.0
昆明,上海,8046.312000000001
昆明,南京,0.0
昆明,常州,0.0
昆明,无锡,0.0
昆明,苏州,0.0
昆明,徐州,0.0
昆明,连云港,0.0
昆明,淮安,0.0
昆明,盐城,0.0
昆明,扬州,0.0
昆明,南通,0.0
昆明,杭州,0.0
昆明,湖州,0.0
昆明,嘉兴,0.0
昆明,宁波,0.0
昆明,台州,0.0
昆明,金华,0.0
昆明,义乌,0.0
昆明,温州,0.0
昆明,合肥,0.0
昆明,蚌埠,0.0
昆明,芜湖,0.0
昆明,安庆,0.0
昆明,福州,0.0
昆明,厦门,0.0
昆明,泉州,0.0
昆明,南昌,0.0
昆明,鹰潭,0.0
昆明,赣州,0.0
昆明,济南,0.0
昆明,潍坊,0.0
昆明,烟台,0.0
昆明,青岛,0.0
昆明,济宁,0.0
昆明,临沂,0.0
昆明,郑州,0.0
昆明,漯河,0.0
昆明,信阳,0.0
昆明,洛阳,0.0
昆明,武汉,7661.858000000001
昆明,荆州,0.0
昆明,襄阳,0.0
昆明,长沙,0.0
昆明,常德,0.0
昆明,衡阳,0.0
昆明,广州,7936.383000000001
昆明,汕头,0.0
昆明,深圳,0.0
昆明,东莞,0.0
昆明,湛江,0.0
昆明,中山,0.0
昆明,南宁,0.0
昆明,柳州,0.0
昆明,海口,0.0
昆明,重庆,0.0
昆明,成都,60135.90640000001
昆明,南充,0.0
昆明,内江,0.0
昆明,贵阳,0.0
昆明,昆明,0.0
昆明,大理州,7118.8598
昆明,拉萨,0.0
昆明,西安,0.0
昆明,宝鸡,0.0
昆明,兰州,0.0
昆明,西宁,0.0
昆明,银川,0.0
昆明,乌鲁木齐,0.0
昆明,阿克苏,0.0
昆明,喀什,0.0
大理州,北京,0.0
大理州,天津,0.0
大理州,石家庄,0.0
大理州,唐山,0.0
大理州,廊坊,0.0
大理州,保定,0.0
大理州,太原,0.0
大理州,侯马,0.0
大理州,呼和浩特,0.0
大理州,包头,0.0
大理州,沈阳,0.0
大理州,大连,0.0
大理州,锦州,0.0
大理州,长春,0.0
大理州,哈尔滨,0.0
大理州,上海,2302.4498000000003
大理州,南京,0.0
大理州,常州,0.0
大理州,无锡,0.0
大理州,苏州,0.0
大理州,徐州,0.0
大理州,连云港,0.0
大理州,淮安,0.0
大理州,盐城,0.0
大理州,扬州,0.0
大理州,南通,0.0
大理州,杭州,0.0
大理州,湖州,0.0
大理州,嘉兴,0.0
大理州,宁波,0.0
大理州,台州,0.0
大理州,金华,0.0
大理州,义乌,0.0
大理州,温州,0.0
大理州,合肥,0.0
大理州,蚌埠,0.0
大理州,芜湖,0.0
大理州,安庆,0.0
大理州,福州,0.0
大理州,厦门,0.0
大理州,泉州,0.0
大理州,南昌,0.0
大理州,鹰潭,0.0
大理州,赣州,0.0
大理州,济南,0.0
大理州,潍坊,0.0
大理州,烟台,0.0
大理州,青岛,0.0
大理州,济宁,0.0
大理州,临沂,0.0
大理州,郑州,0.0
大理州,漯河,0.0
大理州,信阳,0.0
大理州,洛阳,0.0
大理州,武汉,0.0
大理州,荆州,0.0
大理州,襄阳,0.0
大理州,长沙,0.0
大理州,常德,0.0
大理州,衡阳,0.0
大理州,广州,0.0
大理州,汕头,0.0
大理州,深圳,0.0
大理州,东莞,0.0
大理州,湛江,0.0
大理州,中山,0.0
大理州,南宁,0.0
大理州,柳州,0.0
大理州,海口,0.0
大理州,重庆,0.0
大理州,成都,23030.8126
大理州,南充,0.0
大理州,内江,0.0
大理州,贵阳,0.0
大理州,昆明,3402.4588000000003
大理州,大理州,0.0
大理州,拉萨,0.0
大理州,西安,0.0
大理州,宝鸡,0.0
大理州,兰州,0.0
大理州,西宁,0.0
大理州,银川,0.0
大理州,乌鲁木齐,0.0
大理州,阿克苏,0.0
大理州,喀什,0.0
拉萨,北京,0.0
拉萨,天津,0.0
拉萨,石家庄,0.0
拉萨,唐山,0.0
拉萨,廊坊,0.0
拉萨,保定,0.0
拉萨,太原,0.0
拉萨,侯马,0.0
拉萨,呼和浩特,0.0
拉萨,包头,0.0
拉萨,沈阳,0.0
拉萨,大连,0.0
拉萨,锦州,0.0
拉萨,长春,0.0
拉萨,哈尔滨,0.0
拉萨,上海,0.0
拉萨,南京,0.0
拉萨,常州,0.0
拉萨,无锡,0.0
拉萨,苏州,0.0
拉萨,徐州,0.0
拉萨,连云港,0.0
拉萨,淮安,0.0
拉萨,盐城,0.0
拉萨,扬州,0.0
拉萨,南通,0.0
拉萨,杭州,0.0
拉萨,湖州,0.0
拉萨,嘉兴,0.0
拉萨,宁波,0.0
拉萨,台州,0.0
拉萨,金华,0.0
拉萨,义乌,0.0
拉萨,温州,0.0
拉萨,合肥,0.0
拉萨,蚌埠,0.0
拉萨,芜湖,0.0
拉萨,安庆,0.0
拉萨,福州,0.0
拉萨,厦门,0.0
拉萨,泉州,0.0
拉萨,南昌,0.0
拉萨,鹰潭,0.0
拉萨,赣州,0.0
拉萨,济南,0.0
拉萨,潍坊,0.0
拉萨,烟台,0.0
拉萨,青岛,0.0
拉萨,济宁,0.0
拉萨,临沂,0.0
拉萨,郑州,0.0
拉萨,漯河,0.0
拉萨,信阳,0.0
拉萨,洛阳,0.0
拉萨,武汉,0.0
拉萨,荆州,0.0
拉萨,襄阳,0.0
拉萨,长沙,0.0
拉萨,常德,0.0
拉萨,衡阳,0.0
拉萨,广州,0.0
拉萨,汕头,0.0
拉萨,深圳,0.0
拉萨,东莞,0.0
拉萨,湛江,0.0
拉萨,中山,0.0
拉萨,南宁,0.0
拉萨,柳州,0.0
拉萨,海口,0.0
拉萨,重庆,0.0
拉萨,成都,0.0
拉萨,南充,0.0
拉萨,内江,0.0
拉萨,贵阳,0.0
拉萨,昆明,0.0
拉萨,大理州,0.0
拉萨,拉萨,0.0
拉萨,西安,3779.2916000000005
拉萨,宝鸡,0.0
拉萨,兰州,0.0
拉萨,西宁,0.0
拉萨,银川,0.0
拉萨,乌鲁木齐,0.0
拉萨,阿克苏,0.0
拉萨,喀什,0.0
西安,北京,30902.976200000005
西安,天津,16440.8218
西安,石家庄,12693.318800000001
西安,唐山,0.0
西安,廊坊,5673.2736
西安,保定,10170.222600000001
西安,太原,18553.811400000002
西安,侯马,17376.6438
西安,呼和浩特,0.0
西安,包头,0.0
西安,沈阳,19839.323800000002
西安,大连,0.0
西安,锦州,0.0
西安,长春,11684.8132
西安,哈尔滨,17043.4256
西安,上海,35770.8228
西安,南京,11950.9138
西安,常州,0.0
西安,无锡,10901.6298
西安,苏州,14392.5004
西安,徐州,6496.585800000001
西安,连云港,0.0
西安,淮安,0.0
西安,盐城,5710.573600000001
西安,扬州,0.0
西安,南通,7512.72
西安,杭州,18633.1418
西安,湖州,4980.6738000000005
西安,嘉兴,8786.275000000001
西安,宁波,9840.1654
西安,台州,0.0
西安,金华,0.0
西安,义乌,0.0
西安,温州,13811.220400000002
西安,合肥,10485.8582
西安,蚌埠,0.0
西安,芜湖,7627.912400000001
西安,安庆,7069.5182
西安,福州,15128.9776
西安,厦门,11129.441200000001
西安,泉州,12876.5958
西安,南昌,15441.134800000002
西安,鹰潭,0.0
西安,赣州,8089.2696000000005
西安,济南,12448.249600000001
西安,潍坊,9698.338600000001
西安,烟台,0.0
西安,青岛,9728.0026
西安,济宁,7953.688
西安,临沂,8201.4398
西安,郑州,12066.624400000002
西安,漯河,6978.2082
西安,信阳,7890.596600000001
西安,洛阳,10882.616600000001
西安,武汉,28907.945800000005
西安,荆州,0.0
西安,襄阳,0.0
西安,长沙,21988.4382
西安,常德,0.0
西安,衡阳,12643.057400000002
西安,广州,46450.6708
西安,汕头,10690.8458
西安,深圳,22990.9466
西安,东莞,15160.882800000001
西安,湛江,10979.6536
西安,中山,14716.235600000002
西安,南宁,15400.480400000002
西安,柳州,11985.199
西安,海口,0.0
西安,重庆,17171.4406
西安,成都,39193.6708
西安,南充,12828.1814
西安,内江,0.0
西安,贵阳,14396.4572
西安,昆明,0.0
西安,大理州,0.0
西安,拉萨,23756.1504
西安,西安,0.0
西安,宝鸡,16275.7844
西安,兰州,21004.286000000004
西安,西宁,20449.732
西安,银川,23777.4446
西安,乌鲁木齐,28945.1366
西安,阿克苏,28074.885000000002
西安,喀什,10281.750600000001
宝鸡,北京,4878.366000000001
宝鸡,天津,0.0
宝鸡,石家庄,0.0
宝鸡,唐山,0.0
宝鸡,廊坊,0.0
宝鸡,保定,0.0
宝鸡,太原,0.0
宝鸡,侯马,0.0
宝鸡,呼和浩特,0.0
宝鸡,包头,0.0
宝鸡,沈阳,0.0
宝鸡,大连,0.0
宝鸡,锦州,0.0
宝鸡,长春,0.0
宝鸡,哈尔滨,0.0
宝鸡,上海,3961.7034000000003
宝鸡,南京,0.0
宝鸡,常州,0.0
宝鸡,无锡,0.0
宝鸡,苏州,0.0
宝鸡,徐州,0.0
宝鸡,连云港,0.0
宝鸡,淮安,0.0
宝鸡,盐城,0.0
宝鸡,扬州,0.0
宝鸡,南通,0.0
宝鸡,杭州,0.0
宝鸡,湖州,0.0
宝鸡,嘉兴,0.0
宝鸡,宁波,0.0
宝鸡,台州,0.0
宝鸡,金华,0.0
宝鸡,义乌,0.0
宝鸡,温州,0.0
宝鸡,合肥,0.0
宝鸡,蚌埠,0.0
宝鸡,芜湖,0.0
宝鸡,安庆,0.0
宝鸡,福州,0.0
宝鸡,厦门,0.0
宝鸡,泉州,0.0
宝鸡,南昌,0.0
宝鸡,鹰潭,0.0
宝鸡,赣州,0.0
宝鸡,济南,0.0
宝鸡,潍坊,0.0
宝鸡,烟台,0.0
宝鸡,青岛,0.0
宝鸡,济宁,0.0
宝鸡,临沂,0.0
宝鸡,郑州,0.0
宝鸡,漯河,0.0
宝鸡,信阳,0.0
宝鸡,洛阳,0.0
宝鸡,武汉,0.0
宝鸡,荆州,0.0
宝鸡,襄阳,0.0
宝鸡,长沙,0.0
宝鸡,常德,0.0
宝鸡,衡阳,0.0
宝鸡,广州,4544.830400000001
宝鸡,汕头,0.0
宝鸡,深圳,0.0
宝鸡,东莞,0.0
宝鸡,湛江,0.0
宝鸡,中山,0.0
宝鸡,南宁,0.0
宝鸡,柳州,0.0
宝鸡,海口,0.0
宝鸡,重庆,0.0
宝鸡,成都,0.0
宝鸡,南充,0.0
宝鸡,内江,0.0
宝鸡,贵阳,0.0
宝鸡,昆明,0.0
宝鸡,大理州,0.0
宝鸡,拉萨,0.0
宝鸡,西安,44593.550200000005
宝鸡,宝鸡,0.0
宝鸡,兰州,0.0
宝鸡,西宁,0.0
宝鸡,银川,0.0
宝鸡,乌鲁木齐,0.0
宝鸡,阿克苏,0.0
宝鸡,喀什,0.0
兰州,北京,2406.7212
兰州,天津,0.0
兰州,石家庄,0.0
兰州,唐山,0.0
兰州,廊坊,0.0
兰州,保定,0.0
兰州,太原,0.0
兰州,侯马,0.0
兰州,呼和浩特,0.0
兰州,包头,0.0
兰州,沈阳,0.0
兰州,大连,0.0
兰州,锦州,0.0
兰州,长春,0.0
兰州,哈尔滨,0.0
兰州,上海,2067.7908
兰州,南京,0.0
兰州,常州,0.0
兰州,无锡,0.0
兰州,苏州,0.0
兰州,徐州,0.0
兰州,连云港,0.0
兰州,淮安,0.0
兰州,盐城,0.0
兰州,扬州,0.0
兰州,南通,0.0
兰州,杭州,0.0
兰州,湖州,0.0
兰州,嘉兴,0.0
兰州,宁波,0.0
兰州,台州,0.0
兰州,金华,0.0
兰州,义乌,0.0
兰州,温州,0.0
兰州,合肥,0.0
兰州,蚌埠,0.0
兰州,芜湖,0.0
兰州,安庆,0.0
兰州,福州,0.0
兰州,厦门,0.0
兰州,泉州,0.0
兰州,南昌,0.0
兰州,鹰潭,0.0
兰州,赣州,0.0
兰州,济南,0.0
兰州,潍坊,0.0
兰州,烟台,0.0
兰州,青岛,0.0
兰州,济宁,0.0
兰州,临沂,0.0
兰州,郑州,0.0
兰州,漯河,0.0
兰州,信阳,0.0
兰州,洛阳,0.0
兰州,武汉,0.0
兰州,荆州,0.0
兰州,襄阳,0.0
兰州,长沙,0.0
兰州,常德,0.0
兰州,衡阳,0.0
兰州,广州,2206.1392
兰州,汕头,0.0
兰州,深圳,0.0
兰州,东莞,0.0
兰州,湛江,0.0
兰州,中山,0.0
兰州,南宁,0.0
兰州,柳州,0.0
兰州,海口,0.0
兰州,重庆,0.0
兰州,成都,0.0
兰州,南充,0.0
兰州,内江,0.0
兰州,贵阳,0.0
兰州,昆明,0.0
兰州,大理州,0.0
兰州,拉萨,0.0
兰州,西安,32339.766
兰州,宝鸡,0.0
兰州,兰州,0.0
兰州,西宁,0.0
兰州,银川,0.0
兰州,乌鲁木齐,0.0
兰州,阿克苏,0.0
兰州,喀什,0.0
西宁,北京,0.0
西宁,天津,0.0
西宁,石家庄,0.0
西宁,唐山,0.0
西宁,廊坊,0.0
西宁,保定,0.0
西宁,太原,0.0
西宁,侯马,0.0
西宁,呼和浩特,0.0
西宁,包头,0.0
西宁,沈阳,0.0
西宁,大连,0.0
西宁,锦州,0.0
西宁,长春,0.0
西宁,哈尔滨,0.0
西宁,上海,0.0
西宁,南京,0.0
西宁,常州,0.0
西宁,无锡,0.0
西宁,苏州,0.0
西宁,徐州,0.0
西宁,连云港,0.0
西宁,淮安,0.0
西宁,盐城,0.0
西宁,扬州,0.0
西宁,南通,0.0
西宁,杭州,0.0
西宁,湖州,0.0
西宁,嘉兴,0.0
西宁,宁波,0.0
西宁,台州,0.0
西宁,金华,0.0
西宁,义乌,0.0
西宁,温州,0.0
西宁,合肥,0.0
西宁,蚌埠,0.0
西宁,芜湖,0.0
西宁,安庆,0.0
西宁,福州,0.0
西宁,厦门,0.0
西宁,泉州,0.0
西宁,南昌,0.0
西宁,鹰潭,0.0
西宁,赣州,0.0
西宁,济南,0.0
西宁,潍坊,0.0
西宁,烟台,0.0
西宁,青岛,0.0
西宁,济宁,0.0
西宁,临沂,0.0
西宁,郑州,0.0
西宁,漯河,0.0
西宁,信阳,0.0
西宁,洛阳,0.0
西宁,武汉,0.0
西宁,荆州,0.0
西宁,襄阳,0.0
西宁,长沙,0.0
西宁,常德,0.0
西宁,衡阳,0.0
西宁,广州,0.0
西宁,汕头,0.0
西宁,深圳,0.0
西宁,东莞,0.0
西宁,湛江,0.0
西宁,中山,0.0
西宁,南宁,0.0
西宁,柳州,0.0
西宁,海口,0.0
西宁,重庆,0.0
西宁,成都,0.0
西宁,南充,0.0
西宁,内江,0.0
西宁,贵阳,0.0
西宁,昆明,0.0
西宁,大理州,0.0
西宁,拉萨,0.0
西宁,西安,8539.1802
西宁,宝鸡,0.0
西宁,兰州,0.0
西宁,西宁,0.0
西宁,银川,0.0
西宁,乌鲁木齐,0.0
西宁,阿克苏,0.0
西宁,喀什,0.0
银川,北京,0.0
银川,天津,0.0
银川,石家庄,0.0
银川,唐山,0.0
银川,廊坊,0.0
银川,保定,0.0
银川,太原,0.0
银川,侯马,0.0
银川,呼和浩特,0.0
银川,包头,0.0
银川,沈阳,0.0
银川,大连,0.0
银川,锦州,0.0
银川,长春,0.0
银川,哈尔滨,0.0
银川,上海,0.0
银川,南京,0.0
银川,常州,0.0
银川,无锡,0.0
银川,苏州,0.0
银川,徐州,0.0
银川,连云港,0.0
银川,淮安,0.0
银川,盐城,0.0
银川,扬州,0.0
银川,南通,0.0
银川,杭州,0.0
银川,湖州,0.0
银川,嘉兴,0.0
银川,宁波,0.0
银川,台州,0.0
银川,金华,0.0
银川,义乌,0.0
银川,温州,0.0
银川,合肥,0.0
银川,蚌埠,0.0
银川,芜湖,0.0
银川,安庆,0.0
银川,福州,0.0
银川,厦门,0.0
银川,泉州,0.0
银川,南昌,0.0
银川,鹰潭,0.0
银川,赣州,0.0
银川,济南,0.0
银川,潍坊,0.0
银川,烟台,0.0
银川,青岛,0.0
银川,济宁,0.0
银川,临沂,0.0
银川,郑州,0.0
银川,漯河,0.0
银川,信阳,0.0
银川,洛阳,0.0
银川,武汉,0.0
银川,荆州,0.0
银川,襄阳,0.0
银川,长沙,0.0
银川,常德,0.0
银川,衡阳,0.0
银川,广州,0.0
银川,汕头,0.0
银川,深圳,0.0
银川,东莞,0.0
银川,湛江,0.0
银川,中山,0.0
银川,南宁,0.0
银川,柳州,0.0
银川,海口,0.0
银川,重庆,0.0
银川,成都,0.0
银川,南充,0.0
银川,内江,0.0
银川,贵阳,0.0
银川,昆明,0.0
银川,大理州,0.0
银川,拉萨,0.0
银川,西安,13126.078000000001
银川,宝鸡,0.0
银川,兰州,0.0
银川,西宁,0.0
银川,银川,0.0
银川,乌鲁木齐,0.0
银川,阿克苏,0.0
银川,喀什,0.0
乌鲁木齐,北京,1814.3814000000002
乌鲁木齐,天津,0.0
乌鲁木齐,石家庄,0.0
乌鲁木齐,唐山,0.0
乌鲁木齐,廊坊,0.0
乌鲁木齐,保定,0.0
乌鲁木齐,太原,0.0
乌鲁木齐,侯马,0.0
乌鲁木齐,呼和浩特,0.0
乌鲁木齐,包头,0.0
乌鲁木齐,沈阳,0.0
乌鲁木齐,大连,0.0
乌鲁木齐,锦州,0.0
乌鲁木齐,长春,0.0
乌鲁木齐,哈尔滨,0.0
乌鲁木齐,上海,1862.2082000000003
乌鲁木齐,南京,0.0
乌鲁木齐,常州,0.0
乌鲁木齐,无锡,0.0
乌鲁木齐,苏州,0.0
乌鲁木齐,徐州,0.0
乌鲁木齐,连云港,0.0
乌鲁木齐,淮安,0.0
乌鲁木齐,盐城,0.0
乌鲁木齐,扬州,0.0
乌鲁木齐,南通,0.0
乌鲁木齐,杭州,0.0
乌鲁木齐,湖州,0.0
乌鲁木齐,嘉兴,0.0
乌鲁木齐,宁波,0.0
乌鲁木齐,台州,0.0
乌鲁木齐,金华,0.0
乌鲁木齐,义乌,0.0
乌鲁木齐,温州,0.0
乌鲁木齐,合肥,0.0
乌鲁木齐,蚌埠,0.0
乌鲁木齐,芜湖,0.0
乌鲁木齐,安庆,0.0
乌鲁木齐,福州,0.0
乌鲁木齐,厦门,0.0
乌鲁木齐,泉州,0.0
乌鲁木齐,南昌,0.0
乌鲁木齐,鹰潭,0.0
乌鲁木齐,赣州,0.0
乌鲁木齐,济南,0.0
乌鲁木齐,潍坊,0.0
乌鲁木齐,烟台,0.0
乌鲁木齐,青岛,0.0
乌鲁木齐,济宁,0.0
乌鲁木齐,临沂,0.0
乌鲁木齐,郑州,0.0
乌鲁木齐,漯河,0.0
乌鲁木齐,信阳,0.0
乌鲁木齐,洛阳,0.0
乌鲁木齐,武汉,0.0
乌鲁木齐,荆州,0.0
乌鲁木齐,襄阳,0.0
乌鲁木齐,长沙,0.0
乌鲁木齐,常德,0.0
乌鲁木齐,衡阳,0.0
乌鲁木齐,广州,0.0
乌鲁木齐,汕头,0.0
乌鲁木齐,深圳,0.0
乌鲁木齐,东莞,0.0
乌鲁木齐,湛江,0.0
乌鲁木齐,中山,0.0
乌鲁木齐,南宁,0.0
乌鲁木齐,柳州,0.0
乌鲁木齐,海口,0.0
乌鲁木齐,重庆,0.0
乌鲁木齐,成都,0.0
乌鲁木齐,南充,0.0
乌鲁木齐,内江,0.0
乌鲁木齐,贵阳,0.0
乌鲁木齐,昆明,0.0
乌鲁木齐,大理州,0.0
乌鲁木齐,拉萨,0.0
乌鲁木齐,西安,31472.7402
乌鲁木齐,宝鸡,0.0
乌鲁木齐,兰州,0.0
乌鲁木齐,西宁,0.0
乌鲁木齐,银川,0.0
乌鲁木齐,乌鲁木齐,0.0
乌鲁木齐,阿克苏,0.0
乌鲁木齐,喀什,0.0
阿克苏,北京,0.0
阿克苏,天津,0.0
阿克苏,石家庄,0.0
阿克苏,唐山,0.0
阿克苏,廊坊,0.0
阿克苏,保定,0.0
阿克苏,太原,0.0
阿克苏,侯马,0.0
阿克苏,呼和浩特,0.0
阿克苏,包头,0.0
阿克苏,沈阳,0.0
阿克苏,大连,0.0
阿克苏,锦州,0.0
阿克苏,长春,0.0
阿克苏,哈尔滨,0.0
阿克苏,上海,0.0
阿克苏,南京,0.0
阿克苏,常州,0.0
阿克苏,无锡,0.0
阿克苏,苏州,0.0
阿克苏,徐州,0.0
阿克苏,连云港,0.0
阿克苏,淮安,0.0
阿克苏,盐城,0.0
阿克苏,扬州,0.0
阿克苏,南通,0.0
阿克苏,杭州,0.0
阿克苏,湖州,0.0
阿克苏,嘉兴,0.0
阿克苏,宁波,0.0
阿克苏,台州,0.0
阿克苏,金华,0.0
阿克苏,义乌,0.0
阿克苏,温州,0.0
阿克苏,合肥,0.0
阿克苏,蚌埠,0.0
阿克苏,芜湖,0.0
阿克苏,安庆,0.0
阿克苏,福州,0.0
阿克苏,厦门,0.0
阿克苏,泉州,0.0
阿克苏,南昌,0.0
阿克苏,鹰潭,0.0
阿克苏,赣州,0.0
阿克苏,济南,0.0
阿克苏,潍坊,0.0
阿克苏,烟台,0.0
阿克苏,青岛,0.0
阿克苏,济宁,0.0
阿克苏,临沂,0.0
阿克苏,郑州,0.0
阿克苏,漯河,0.0
阿克苏,信阳,0.0
阿克苏,洛阳,0.0
阿克苏,武汉,0.0
阿克苏,荆州,0.0
阿克苏,襄阳,0.0
阿克苏,长沙,0.0
阿克苏,常德,0.0
阿克苏,衡阳,0.0
阿克苏,广州,0.0
阿克苏,汕头,0.0
阿克苏,深圳,0.0
阿克苏,东莞,0.0
阿克苏,湛江,0.0
阿克苏,中山,0.0
阿克苏,南宁,0.0
阿克苏,柳州,0.0
阿克苏,海口,0.0
阿克苏,重庆,0.0
阿克苏,成都,0.0
阿克苏,南充,0.0
阿克苏,内江,0.0
阿克苏,贵阳,0.0
阿克苏,昆明,0.0
阿克苏,大理州,0.0
阿克苏,拉萨,0.0
阿克苏,西安,5878.3926
阿克苏,宝鸡,0.0
阿克苏,兰州,0.0
阿克苏,西宁,0.0
阿克苏,银川,0.0
阿克苏,乌鲁木齐,0.0
阿克苏,阿克苏,0.0
阿克苏,喀什,0.0
喀什,北京,0.0
喀什,天津,0.0
喀什,石家庄,0.0
喀什,唐山,0.0
喀什,廊坊,0.0
喀什,保定,0.0
喀什,太原,0.0
喀什,侯马,0.0
喀什,呼和浩特,0.0
喀什,包头,0.0
喀什,沈阳,0.0
喀什,大连,0.0
喀什,锦州,0.0
喀什,长春,0.0
喀什,哈尔滨,0.0
喀什,上海,0.0
喀什,南京,0.0
喀什,常州,0.0
喀什,无锡,0.0
喀什,苏州,0.0
喀什,徐州,0.0
喀什,连云港,0.0
喀什,淮安,0.0
喀什,盐城,0.0
喀什,扬州,0.0
喀什,南通,0.0
喀什,杭州,0.0
喀什,湖州,0.0
喀什,嘉兴,0.0
喀什,宁波,0.0
喀什,台州,0.0
喀什,金华,0.0
喀什,义乌,0.0
喀什,温州,0.0
喀什,合肥,0.0
喀什,蚌埠,0.0
喀什,芜湖,0.0
喀什,安庆,0.0
喀什,福州,0.0
喀什,厦门,0.0
喀什,泉州,0.0
喀什,南昌,0.0
喀什,鹰潭,0.0
喀什,赣州,0.0
喀什,济南,0.0
喀什,潍坊,0.0
喀什,烟台,0.0
喀什,青岛,0.0
喀什,济宁,0.0
喀什,临沂,0.0
喀什,郑州,0.0
喀什,漯河,0.0
喀什,信阳,0.0
喀什,洛阳,0.0
喀什,武汉,0.0
喀什,荆州,0.0
喀什,襄阳,0.0
喀什,长沙,0.0
喀什,常德,0.0
喀什,衡阳,0.0
喀什,广州,0.0
喀什,汕头,0.0
喀什,深圳,0.0
喀什,东莞,0.0
喀什,湛江,0.0
喀什,中山,0.0
喀什,南宁,0.0
喀什,柳州,0.0
喀什,海口,0.0
喀什,重庆,0.0
喀什,成都,0.0
喀什,南充,0.0
喀什,内江,0.0
喀什,贵阳,0.0
喀什,昆明,0.0
喀什,大理州,0.0
喀什,拉萨,0.0
喀什,西安,2362.1942000000004
喀什,宝鸡,0.0
喀什,兰州,0.0
喀什,西宁,0.0
喀什,银川,0.0
喀什,乌鲁木齐,0.0
喀什,阿克苏,0.0
喀什,喀什,0.0
